sample,time,code,chan,trialIdx
22413,21.8876953125,15,-1,0
23435,22.8857421875,1,-1,0
24064,23.5,350,1,0
24143,23.5771484375,351,1,0
24167,23.6005859375,350,1,0
24229,23.6611328125,351,1,0
24946,24.361328125,350,1,0
24980,24.39453125,351,1,0
30605,29.8876953125,115,-1,0
31501,30.7626953125,350,1,0
31515,30.7763671875,351,1,0
31598,30.857421875,350,1,0
31742,30.998046875,103,-1,0
31770,31.025390625,351,1,0
40091,39.1513671875,12,-1,1
41115,40.1513671875,1,-1,1
48286,47.154296875,112,-1,1
49078,47.927734375,350,0,1
49162,48.009765625,351,0,1
49175,48.0224609375,350,0,1
49322,48.166015625,101,-1,1
49341,48.1845703125,351,0,1
57649,56.2978515625,12,-1,2
58672,57.296875,1,-1,2
65843,64.2998046875,112,-1,2
66713,65.1494140625,350,0,2
66872,65.3046875,101,-1,2
66894,65.326171875,351,0,2
75231,73.4677734375,12,-1,3
76255,74.4677734375,1,-1,3
80435,78.5498046875,350,1,3
80459,78.5732421875,351,1,3
83425,81.4697265625,112,-1,3
84241,82.2666015625,350,0,3
84368,82.390625,101,-1,3
84396,82.41796875,351,0,3
92709,90.5361328125,15,-1,4
93730,91.533203125,1,-1,4
100901,98.5361328125,115,-1,4
101352,98.9765625,350,1,4
101400,99.0234375,351,1,4
101447,99.0693359375,350,1,4
101718,99.333984375,103,-1,4
101757,99.3720703125,351,1,4
110064,107.484375,15,-1,5
111087,108.4833984375,1,-1,5
114478,111.794921875,350,0,5
114495,111.8115234375,351,0,5
118257,115.4853515625,115,-1,5
118868,116.08203125,350,1,5
119089,116.2978515625,103,-1,5
119146,116.353515625,351,1,5
127441,124.4541015625,15,-1,6
128465,125.4541015625,1,-1,6
135635,132.4560546875,115,-1,6
136022,132.833984375,350,1,6
136062,132.873046875,351,1,6
136134,132.943359375,350,1,6
136360,133.1640625,103,-1,6
136363,133.1669921875,351,1,6
144700,141.30859375,15,-1,7
145724,142.30859375,1,-1,7
146205,142.7783203125,350,1,7
146245,142.8173828125,351,1,7
152894,149.310546875,115,-1,7
153276,149.68359375,350,1,7
153550,149.951171875,103,-1,7
153566,149.966796875,351,1,7
161895,158.1005859375,12,-1,8
162919,159.1005859375,1,-1,8
169760,165.78125,350,1,8
169794,165.814453125,351,1,8
170089,166.1025390625,112,-1,8
170544,166.546875,350,0,8
170822,166.818359375,101,-1,8
170837,166.8330078125,351,0,8
179166,174.966796875,15,-1,9
179201,175.0009765625,350,1,9
179226,175.025390625,351,1,9
180190,175.966796875,1,-1,9
187359,182.9677734375,115,-1,9
187655,183.2568359375,350,1,9
187705,183.3056640625,351,1,9
188087,183.6787109375,350,1,9
188133,183.7236328125,351,1,9
188147,183.7373046875,350,1,9
188328,183.9140625,103,-1,9
188374,183.958984375,351,1,9
196659,192.0498046875,12,-1,10
197683,193.0498046875,1,-1,10
204854,200.052734375,112,-1,10
205296,200.484375,350,0,10
205565,200.7470703125,101,-1,10
205591,200.7724609375,351,0,10
213905,208.8916015625,12,-1,11
214928,209.890625,1,-1,11
217976,212.8671875,350,1,11
217991,212.8818359375,351,1,11
218046,212.935546875,350,1,11
218060,212.94921875,351,1,11
218603,213.4794921875,350,1,11
218618,213.494140625,351,1,11
222098,216.892578125,112,-1,11
222728,217.5078125,350,0,11
222744,217.5234375,351,0,11
222775,217.5537109375,350,0,11
223078,217.849609375,101,-1,11
223116,217.88671875,351,0,11
231419,225.9951171875,12,-1,12
232442,226.994140625,1,-1,12
239163,233.5576171875,350,0,12
239195,233.5888671875,351,0,12
239303,233.6943359375,350,0,12
239336,233.7265625,351,0,12
239612,233.99609375,112,-1,12
239804,234.18359375,350,0,12
239836,234.21484375,351,0,12
239884,234.26171875,350,0,12
239900,234.27734375,351,0,12
239933,234.3095703125,350,0,12
239979,234.3544921875,351,0,12
239998,234.373046875,350,0,12
240084,234.45703125,351,0,12
240111,234.4833984375,350,0,12
240128,234.5,351,0,12
240142,234.513671875,350,0,12
240165,234.5361328125,351,0,12
240204,234.57421875,350,0,12
240482,234.845703125,351,0,12
240498,234.861328125,101,-1,12
248848,243.015625,12,-1,13
249872,244.015625,1,-1,13
256711,250.6943359375,350,0,13
256771,250.7529296875,351,0,13
256908,250.88671875,350,0,13
256931,250.9091796875,351,0,13
257009,250.9853515625,350,0,13
257040,251.015625,112,-1,13
257118,251.091796875,351,0,13
257142,251.115234375,350,0,13
257155,251.1279296875,351,0,13
257172,251.14453125,350,0,13
257278,251.248046875,351,0,13
257322,251.291015625,350,0,13
257368,251.3359375,351,0,13
257411,251.3779296875,350,0,13
257451,251.4169921875,351,0,13
257505,251.4697265625,350,0,13
257757,251.7158203125,101,-1,13
257793,251.7509765625,351,0,13
266094,259.857421875,12,-1,14
267118,260.857421875,1,-1,14
274288,267.859375,112,-1,14
274651,268.2138671875,350,0,14
274688,268.25,351,0,14
274748,268.30859375,350,0,14
274964,268.51953125,101,-1,14
274978,268.533203125,351,0,14
283312,276.671875,12,-1,15
284334,277.669921875,1,-1,15
291134,284.310546875,350,0,15
291169,284.3447265625,351,0,15
291465,284.6337890625,350,0,15
291487,284.6552734375,351,0,15
291504,284.671875,112,-1,15
291892,285.05078125,350,0,15
291969,285.1259765625,351,0,15
291990,285.146484375,350,0,15
292215,285.3662109375,101,-1,15
292245,285.3955078125,351,0,15
300551,293.5068359375,12,-1,16
301573,294.5048828125,1,-1,16
308742,301.505859375,112,-1,16
310400,303.125,350,0,16
310456,303.1796875,351,0,16
310588,303.30859375,350,0,16
310647,303.3662109375,351,0,16
310717,303.4345703125,350,0,16
310763,303.4794921875,351,0,16
310784,303.5,350,0,16
310966,303.677734375,101,-1,16
310985,303.6962890625,351,0,16
319318,311.833984375,12,-1,17
320342,312.833984375,1,-1,17
327513,319.8369140625,112,-1,17
328065,320.3759765625,350,0,17
328378,320.681640625,101,-1,17
328386,320.689453125,351,0,17
336727,328.8349609375,15,-1,18
337751,329.8349609375,1,-1,18
340270,332.294921875,350,0,18
340319,332.3427734375,351,0,18
340329,332.3525390625,350,1,18
340349,332.3720703125,351,1,18
340415,332.4365234375,350,0,18
340449,332.4697265625,351,0,18
340545,332.5634765625,350,0,18
340562,332.580078125,351,0,18
340623,332.6396484375,350,0,18
340723,332.7373046875,351,0,18
340805,332.8173828125,350,0,18
340909,332.9189453125,351,0,18
341010,333.017578125,350,0,18
341035,333.0419921875,351,0,18
341176,333.1796875,350,0,18
341202,333.205078125,351,0,18
341467,333.4638671875,350,0,18
341497,333.4931640625,351,0,18
344921,336.8369140625,115,-1,18
344945,336.8603515625,350,1,18
344967,336.8818359375,351,1,18
345245,337.1533203125,350,1,18
345434,337.337890625,103,-1,18
345470,337.373046875,351,1,18
353794,345.501953125,15,-1,19
354817,346.5009765625,1,-1,19
361987,353.5029296875,115,-1,19
362674,354.173828125,350,1,19
362914,354.408203125,103,-1,19
362928,354.421875,351,1,19
371258,362.556640625,15,-1,20
372280,363.5546875,1,-1,20
377042,368.205078125,350,1,20
377158,368.318359375,351,1,20
377240,368.3984375,350,1,20
377311,368.4677734375,351,1,20
379452,370.55859375,115,-1,20
379556,370.66015625,350,1,20
379627,370.7294921875,351,1,20
379666,370.767578125,350,1,20
379743,370.8427734375,351,1,20
379775,370.8740234375,350,1,20
379790,370.888671875,351,1,20
379815,370.9130859375,350,1,20
380031,371.1240234375,351,1,20
380463,371.5458984375,350,1,20
380524,371.60546875,351,1,20
380716,371.79296875,350,1,20
380812,371.88671875,351,1,20
380830,371.904296875,350,1,20
380906,371.978515625,351,1,20
380925,371.9970703125,350,0,20
380964,372.03515625,350,1,20
380968,372.0390625,351,0,20
381031,372.1005859375,351,1,20
381087,372.1552734375,350,1,20
381136,372.203125,351,1,20
381158,372.224609375,350,1,20
381361,372.4228515625,103,-1,20
381416,372.4765625,351,1,20
389698,380.564453125,12,-1,21
390722,381.564453125,1,-1,21
391162,381.994140625,350,0,21
391253,382.0830078125,351,0,21
391562,382.384765625,350,0,21
391579,382.4013671875,351,0,21
391642,382.462890625,350,0,21
391659,382.4794921875,351,0,21
392654,383.451171875,350,0,21
392687,383.4833984375,351,0,21
393468,384.24609375,350,0,21
393517,384.2939453125,351,0,21
393947,384.7138671875,350,1,21
393969,384.7353515625,351,1,21
397893,388.5673828125,112,-1,21
398550,389.208984375,350,0,21
398722,389.376953125,101,-1,21
398781,389.4345703125,351,0,21
407070,397.529296875,12,-1,22
408094,398.529296875,1,-1,22
413365,403.6767578125,350,1,22
413426,403.736328125,351,1,22
413565,403.8720703125,350,1,22
413622,403.927734375,351,1,22
415265,405.5322265625,112,-1,22
416061,406.3095703125,350,0,22
416279,406.5224609375,101,-1,22
416346,406.587890625,351,0,22
424617,414.6650390625,12,-1,23
425641,415.6650390625,1,-1,23
431306,421.197265625,350,0,23
431335,421.2255859375,351,0,23
432812,422.66796875,112,-1,23
433205,423.0517578125,350,0,23
433423,423.2646484375,101,-1,23
433439,423.2802734375,351,0,23
441762,431.408203125,15,-1,24
442784,432.40625,1,-1,24
443208,432.8203125,350,1,24
443298,432.908203125,351,1,24
443447,433.0537109375,350,1,24
443492,433.09765625,351,1,24
444763,434.3388671875,350,0,24
444905,434.4775390625,351,0,24
445117,434.6845703125,350,0,24
445166,434.732421875,351,0,24
445315,434.8779296875,350,0,24
445354,434.916015625,351,0,24
445375,434.9365234375,350,0,24
445406,434.966796875,351,0,24
448216,437.7109375,350,1,24
448264,437.7578125,351,1,24
448341,437.8330078125,350,1,24
448413,437.9033203125,351,1,24
448677,438.1611328125,350,1,24
448735,438.2177734375,351,1,24
449954,439.408203125,115,-1,24
450317,439.7626953125,350,1,24
450344,439.7890625,350,0,24
450360,439.8046875,351,1,24
450382,439.826171875,351,0,24
450423,439.8662109375,350,1,24
450522,439.962890625,351,1,24
450542,439.982421875,350,1,24
450734,440.169921875,103,-1,24
450782,440.216796875,351,1,24
459073,448.3134765625,12,-1,25
460096,449.3125,1,-1,25
464598,453.708984375,350,0,25
464659,453.7685546875,351,0,25
467267,456.3154296875,112,-1,25
467477,456.5205078125,350,0,25
467576,456.6171875,351,0,25
467689,456.7275390625,350,0,25
467974,457.005859375,101,-1,25
468008,457.0390625,351,0,25
476313,465.1494140625,15,-1,26
477338,466.150390625,1,-1,26
484508,473.15234375,115,-1,26
484646,473.287109375,350,1,26
484702,473.341796875,351,1,26
485021,473.6533203125,350,1,26
485199,473.8271484375,103,-1,26
485225,473.8525390625,351,1,26
493537,481.9697265625,15,-1,27
494561,482.9697265625,1,-1,27
501732,489.97265625,115,-1,27
502188,490.41796875,350,1,27
502464,490.6875,103,-1,27
502471,490.6943359375,351,1,27
510801,498.8291015625,15,-1,28
510993,499.0166015625,350,0,28
511053,499.0751953125,351,0,28
511099,499.1201171875,350,0,28
511154,499.173828125,351,0,28
511157,499.1767578125,350,1,28
511199,499.2177734375,350,0,28
511208,499.2265625,351,1,28
511248,499.265625,351,0,28
511274,499.291015625,350,0,28
511306,499.322265625,351,0,28
511335,499.3505859375,350,0,28
511360,499.375,351,0,28
511405,499.4189453125,350,0,28
511457,499.4697265625,351,0,28
511559,499.5693359375,350,0,28
511603,499.6123046875,351,0,28
511649,499.6572265625,350,0,28
511703,499.7099609375,351,0,28
511729,499.7353515625,350,0,28
511783,499.7880859375,351,0,28
511825,499.8291015625,1,-1,28
511831,499.8349609375,350,0,28
511873,499.8759765625,351,0,28
511986,499.986328125,350,1,28
512001,500.0009765625,350,0,28
512004,500.00390625,351,1,28
512029,500.0283203125,351,0,28
512074,500.072265625,350,0,28
512106,500.103515625,351,0,28
512230,500.224609375,350,0,28
512246,500.240234375,351,0,28
512332,500.32421875,350,0,28
512362,500.353515625,351,0,28
514323,502.2685546875,350,1,28
514373,502.3173828125,351,1,28
515045,502.9736328125,350,1,28
515063,502.9912109375,351,1,28
516162,504.064453125,350,1,28
516223,504.1240234375,351,1,28
517190,505.068359375,350,1,28
517392,505.265625,351,1,28
517445,505.3173828125,350,1,28
517594,505.462890625,351,1,28
517609,505.4775390625,350,1,28
517736,505.6015625,351,1,28
517756,505.62109375,350,1,28
517833,505.6962890625,351,1,28
517869,505.7314453125,350,1,28
517998,505.857421875,351,1,28
518025,505.8837890625,350,1,28
518125,505.9814453125,351,1,28
518167,506.0224609375,350,1,28
518237,506.0908203125,351,1,28
518264,506.1171875,350,1,28
518324,506.17578125,351,1,28
518356,506.20703125,350,1,28
518418,506.267578125,351,1,28
518996,506.83203125,115,-1,28
519134,506.966796875,350,1,28
519173,507.0048828125,351,1,28
519221,507.0517578125,350,1,28
519376,507.203125,351,1,28
519403,507.2294921875,350,1,28
519677,507.4970703125,103,-1,28
519698,507.517578125,351,1,28
528001,515.6259765625,12,-1,29
529023,516.6240234375,350,1,29
529025,516.6259765625,1,-1,29
529098,516.697265625,351,1,29
533828,521.31640625,350,0,29
533873,521.3603515625,351,0,29
536196,523.62890625,112,-1,29
536790,524.208984375,350,0,29
537005,524.4189453125,101,-1,29
537008,524.421875,351,0,29
545336,532.5546875,15,-1,30
546360,533.5546875,1,-1,30
553100,540.13671875,350,1,30
553169,540.2041015625,351,1,30
553291,540.3232421875,350,1,30
553319,540.3505859375,351,1,30
553532,540.55859375,115,-1,30
554166,541.177734375,350,1,30
554362,541.369140625,351,1,30
554366,541.373046875,103,-1,30
562701,549.5126953125,15,-1,31
563725,550.5126953125,1,-1,31
570520,557.1484375,350,1,31
570589,557.2158203125,351,1,31
570896,557.515625,115,-1,31
571327,557.9365234375,350,1,31
571529,558.1337890625,103,-1,31
571555,558.1591796875,351,1,31
579873,566.2822265625,15,-1,32
580898,567.283203125,1,-1,32
585552,571.828125,350,1,32
585570,571.845703125,351,1,32
585584,571.859375,350,1,32
585667,571.9404296875,351,1,32
587626,573.853515625,350,1,32
587703,573.9287109375,351,1,32
588068,574.28515625,115,-1,32
589204,575.39453125,350,1,32
589417,575.6025390625,350,0,32
589443,575.6279296875,351,0,32
589454,575.638671875,103,-1,32
589479,575.6630859375,351,1,32
597800,583.7890625,12,-1,33
598375,584.3505859375,350,0,33
598435,584.4091796875,351,0,33
598824,584.7890625,1,-1,33
605995,591.7919921875,112,-1,33
606573,592.3564453125,350,0,33
606790,592.568359375,101,-1,33
606831,592.6083984375,351,0,33
615124,600.70703125,12,-1,34
616150,601.708984375,1,-1,34
623320,608.7109375,112,-1,34
623914,609.291015625,350,0,34
624109,609.4814453125,101,-1,34
624134,609.505859375,351,0,34
632433,617.6103515625,12,-1,35
633457,618.6103515625,1,-1,35
640312,625.3046875,350,0,35
640342,625.333984375,351,0,35
640627,625.6123046875,112,-1,35
640897,625.8759765625,350,0,35
641210,626.181640625,101,-1,35
641238,626.208984375,351,0,35
649538,634.314453125,15,-1,36
650561,635.3134765625,1,-1,36
651086,635.826171875,350,1,36
651190,635.927734375,351,1,36
651388,636.12109375,350,1,36
651417,636.1494140625,351,1,36
651931,636.6513671875,350,1,36
651945,636.6650390625,351,1,36
652819,637.5185546875,350,1,36
652845,637.5439453125,351,1,36
654323,638.9873046875,350,1,36
654338,639.001953125,351,1,36
657733,642.3173828125,115,-1,36
658490,643.056640625,350,1,36
658566,643.130859375,351,1,36
658581,643.1455078125,350,1,36
658772,643.33203125,103,-1,36
658804,643.36328125,351,1,36
667092,651.45703125,15,-1,37
668115,652.4560546875,1,-1,37
668160,652.5,350,1,37
668240,652.578125,351,1,37
671328,655.59375,350,1,37
671397,655.6611328125,351,1,37
671962,656.212890625,350,1,37
672031,656.2802734375,351,1,37
672422,656.662109375,350,1,37
672496,656.734375,351,1,37
675173,659.3486328125,350,1,37
675213,659.3876953125,351,1,37
675285,659.4580078125,115,-1,37
675629,659.7939453125,350,1,37
675684,659.84765625,351,1,37
675886,660.044921875,350,1,37
675914,660.072265625,351,1,37
676008,660.1640625,350,1,37
676039,660.1943359375,351,1,37
676101,660.2548828125,350,1,37
676315,660.4638671875,103,-1,37
676320,660.46875,351,1,37
684647,668.6005859375,15,-1,38
685672,669.6015625,1,-1,38
692843,676.6044921875,115,-1,38
693194,676.947265625,350,1,38
693293,677.0439453125,350,0,38
693296,677.046875,351,1,38
693314,677.064453125,350,1,38
693335,677.0849609375,351,0,38
693390,677.138671875,351,1,38
693405,677.1533203125,350,1,38
693643,677.3857421875,103,-1,38
693685,677.4267578125,351,1,38
701976,685.5234375,15,-1,39
702999,686.5224609375,1,-1,39
709933,693.2939453125,350,1,39
709992,693.3515625,351,1,39
710171,693.5263671875,115,-1,39
710543,693.8896484375,350,0,39
710558,693.904296875,350,1,39
710572,693.91796875,351,0,39
710784,694.125,103,-1,39
710787,694.1279296875,351,1,39
735395,718.1591796875,16,-1,40
736418,719.158203125,1,-1,40
742019,724.6279296875,350,1,40
742075,724.6826171875,351,1,40
743587,726.1591796875,116,-1,40
743967,726.5302734375,350,1,40
744031,726.5927734375,351,1,40
744253,726.8095703125,350,1,40
744335,726.8896484375,351,1,40
744374,726.927734375,350,1,40
744601,727.1494140625,103,-1,40
744650,727.197265625,351,1,40
757023,739.2802734375,16,-1,41
758047,740.2802734375,1,-1,41
765217,747.2822265625,116,-1,41
766085,748.1298828125,350,1,41
766135,748.1787109375,351,1,41
766190,748.232421875,350,1,41
766360,748.3984375,103,-1,41
766406,748.443359375,351,1,41
778784,760.53125,13,-1,42
779764,761.48828125,350,0,42
779805,761.5283203125,1,-1,42
779942,761.662109375,351,0,42
786976,768.53125,113,-1,42
787378,768.923828125,350,0,42
787627,769.1669921875,101,-1,42
787651,769.1904296875,351,0,42
800071,781.3193359375,13,-1,43
801092,782.31640625,1,-1,43
808262,789.318359375,113,-1,43
808911,789.9521484375,350,0,43
808961,790.0009765625,351,0,43
809007,790.0458984375,350,0,43
809056,790.09375,351,0,43
809186,790.220703125,350,0,43
809212,790.24609375,351,0,43
809226,790.259765625,350,0,43
809249,790.2822265625,351,0,43
809288,790.3203125,350,0,43
809355,790.3857421875,351,0,43
809422,790.451171875,350,0,43
809472,790.5,351,0,43
809660,790.68359375,350,0,43
809679,790.7021484375,351,0,43
809734,790.755859375,350,0,43
809763,790.7841796875,351,0,43
809799,790.8193359375,350,0,43
809844,790.86328125,351,0,43
809882,790.900390625,350,0,43
810051,791.0654296875,101,-1,43
810090,791.103515625,351,0,43
822479,803.2021484375,16,-1,44
823329,804.0322265625,350,1,44
823400,804.1015625,351,1,44
823504,804.203125,1,-1,44
830674,811.205078125,116,-1,44
831151,811.6708984375,350,1,44
831360,811.875,103,-1,44
831383,811.8974609375,351,1,44
843816,824.0390625,13,-1,45
844838,825.037109375,1,-1,45
844869,825.0673828125,350,0,45
844934,825.130859375,351,0,45
844984,825.1796875,350,0,45
845023,825.2177734375,351,0,45
845185,825.3759765625,350,0,45
845223,825.4130859375,351,0,45
845502,825.685546875,350,0,45
845562,825.744140625,351,0,45
845728,825.90625,350,0,45
845757,825.9345703125,351,0,45
846028,826.19921875,350,0,45
846044,826.21484375,351,0,45
846104,826.2734375,350,0,45
846119,826.2880859375,351,0,45
846228,826.39453125,350,0,45
846245,826.4111328125,351,0,45
846420,826.58203125,350,0,45
846436,826.59765625,351,0,45
846484,826.64453125,350,0,45
846541,826.7001953125,351,0,45
846653,826.8095703125,350,0,45
846689,826.8447265625,351,0,45
852007,832.0380859375,113,-1,45
852517,832.5361328125,350,0,45
852577,832.5947265625,351,0,45
852617,832.6337890625,350,0,45
852663,832.6787109375,351,0,45
852684,832.69921875,350,0,45
852712,832.7265625,351,0,45
852728,832.7421875,350,0,45
852873,832.8837890625,101,-1,45
852881,832.8916015625,351,0,45
865315,845.0341796875,13,-1,46
865632,845.34375,350,0,46
865679,845.3896484375,351,0,46
865733,845.4423828125,350,0,46
865771,845.4794921875,351,0,46
865819,845.5263671875,350,0,46
865880,845.5859375,351,0,46
865946,845.650390625,350,0,46
866002,845.705078125,351,0,46
866039,845.7412109375,350,0,46
866083,845.7841796875,351,0,46
866109,845.8095703125,350,0,46
866210,845.908203125,351,0,46
866233,845.9306640625,350,0,46
866305,846.0009765625,351,0,46
866338,846.033203125,1,-1,46
866360,846.0546875,350,0,46
866396,846.08984375,351,0,46
866444,846.13671875,350,0,46
866563,846.2529296875,351,0,46
866585,846.2744140625,350,0,46
866681,846.3681640625,351,0,46
866791,846.4755859375,350,0,46
866806,846.490234375,351,0,46
866968,846.6484375,350,0,46
866985,846.6650390625,351,0,46
871226,850.806640625,350,0,46
871250,850.830078125,351,0,46
871383,850.9599609375,350,0,46
871400,850.9765625,351,0,46
871523,851.0966796875,350,0,46
871543,851.1162109375,351,0,46
873508,853.03515625,113,-1,46
874566,854.068359375,350,0,46
874794,854.291015625,351,0,46
874889,854.3837890625,350,0,46
874999,854.4912109375,101,-1,46
875028,854.51953125,351,0,46
887446,866.646484375,13,-1,47
887694,866.888671875,350,0,47
887735,866.9287109375,351,0,47
887773,866.9658203125,350,0,47
887821,867.0126953125,351,0,47
887892,867.08203125,350,0,47
887951,867.1396484375,351,0,47
888103,867.2880859375,350,0,47
888171,867.3544921875,351,0,47
888251,867.4326171875,350,0,47
888352,867.53125,351,0,47
888372,867.55078125,350,0,47
888415,867.5927734375,351,0,47
888438,867.615234375,350,0,47
888468,867.64453125,1,-1,47
888481,867.6572265625,351,0,47
888553,867.7275390625,350,0,47
888628,867.80078125,351,0,47
888688,867.859375,350,0,47
888761,867.9306640625,351,0,47
888837,868.0048828125,350,0,47
888853,868.0205078125,351,0,47
892661,871.7392578125,350,0,47
892682,871.759765625,351,0,47
892819,871.8935546875,350,0,47
892835,871.9091796875,351,0,47
892908,871.98046875,350,0,47
892961,872.0322265625,351,0,47
893035,872.1044921875,350,0,47
893085,872.1533203125,351,0,47
893183,872.2490234375,350,0,47
893214,872.279296875,351,0,47
893294,872.357421875,350,0,47
893311,872.3740234375,351,0,47
893406,872.466796875,350,0,47
893423,872.4833984375,351,0,47
893488,872.546875,350,0,47
893504,872.5625,351,0,47
893552,872.609375,350,0,47
893600,872.65625,351,0,47
893675,872.7294921875,350,0,47
893692,872.74609375,351,0,47
893745,872.7978515625,350,0,47
893770,872.822265625,351,0,47
893841,872.8916015625,350,0,47
893867,872.9169921875,351,0,47
893936,872.984375,350,0,47
893952,873,351,0,47
893997,873.0439453125,350,0,47
894052,873.09765625,351,0,47
894132,873.17578125,350,0,47
894148,873.19140625,351,0,47
894209,873.2509765625,350,0,47
894244,873.28515625,351,0,47
894300,873.33984375,350,0,47
894355,873.3935546875,351,0,47
894452,873.48828125,350,0,47
894474,873.509765625,351,0,47
894522,873.556640625,350,0,47
894579,873.6123046875,351,0,47
894673,873.7041015625,350,0,47
894689,873.7197265625,351,0,47
894735,873.7646484375,350,0,47
894790,873.818359375,351,0,47
894853,873.8798828125,350,0,47
894893,873.9189453125,351,0,47
894953,873.9775390625,350,0,47
894983,874.0068359375,351,0,47
895049,874.0712890625,350,0,47
895065,874.0869140625,351,0,47
895106,874.126953125,350,0,47
895156,874.17578125,351,0,47
895192,874.2109375,350,0,47
895232,874.25,351,0,47
895291,874.3076171875,350,0,47
895323,874.3388671875,351,0,47
895392,874.40625,350,0,47
895423,874.4365234375,351,0,47
895451,874.4638671875,350,0,47
895488,874.5,351,0,47
895549,874.5595703125,350,0,47
895581,874.5908203125,351,0,47
895635,874.6435546875,350,0,47
895638,874.646484375,113,-1,47
895665,874.6728515625,351,0,47
895743,874.7490234375,350,0,47
895759,874.7646484375,351,0,47
895846,874.849609375,350,0,47
895862,874.865234375,351,0,47
895962,874.962890625,350,0,47
895978,874.978515625,351,0,47
896097,875.0947265625,350,0,47
896134,875.130859375,351,0,47
896272,875.265625,350,0,47
896288,875.28125,351,0,47
896368,875.359375,350,0,47
896424,875.4140625,351,0,47
896480,875.46875,350,0,47
896517,875.5048828125,351,0,47
896557,875.5439453125,350,0,47
896853,875.8330078125,101,-1,47
896886,875.865234375,351,0,47
909290,887.978515625,16,-1,48
909631,888.3115234375,350,1,48
909692,888.37109375,351,1,48
909822,888.498046875,350,1,48
909896,888.5703125,351,1,48
909898,888.572265625,350,0,48
909917,888.5908203125,351,0,48
909918,888.591796875,350,1,48
909972,888.64453125,351,1,48
910314,888.978515625,1,-1,48
911733,890.3642578125,350,1,48
911856,890.484375,351,1,48
911925,890.5517578125,350,1,48
911963,890.5888671875,351,1,48
912333,890.9501953125,350,1,48
912383,890.9990234375,351,1,48
912701,891.3095703125,350,1,48
912743,891.3505859375,351,1,48
912804,891.41015625,350,1,48
912862,891.466796875,351,1,48
914744,893.3046875,350,0,48
914804,893.36328125,351,0,48
914914,893.470703125,350,0,48
914935,893.4912109375,351,0,48
915031,893.5849609375,350,0,48
915061,893.6142578125,351,0,48
915150,893.701171875,350,0,48
915177,893.7275390625,351,0,48
915219,893.7685546875,350,0,48
915270,893.818359375,351,0,48
915356,893.90234375,350,0,48
915392,893.9375,351,0,48
915461,894.0048828125,350,0,48
915489,894.0322265625,351,0,48
915591,894.1318359375,350,0,48
915607,894.1474609375,351,0,48
915675,894.2138671875,350,0,48
915696,894.234375,351,0,48
915779,894.3154296875,350,0,48
915794,894.330078125,351,0,48
915865,894.3994140625,350,0,48
915882,894.416015625,351,0,48
915938,894.470703125,350,0,48
915967,894.4990234375,351,0,48
916039,894.5693359375,350,0,48
916055,894.5849609375,351,0,48
916099,894.6279296875,350,0,48
916126,894.654296875,351,0,48
916181,894.7080078125,350,0,48
916210,894.736328125,351,0,48
916270,894.794921875,350,0,48
916292,894.81640625,351,0,48
916327,894.8505859375,350,0,48
916372,894.89453125,351,0,48
916421,894.9423828125,350,0,48
916479,894.9990234375,351,0,48
916563,895.0810546875,350,0,48
916583,895.1005859375,351,0,48
916637,895.1533203125,350,0,48
916677,895.1923828125,351,0,48
916762,895.275390625,350,0,48
916778,895.291015625,351,0,48
916827,895.3388671875,350,0,48
916885,895.3955078125,351,0,48
916951,895.4599609375,350,0,48
916973,895.4814453125,351,0,48
917064,895.5703125,350,0,48
917081,895.5869140625,351,0,48
917151,895.6552734375,350,0,48
917212,895.71484375,351,0,48
917255,895.7568359375,350,0,48
917307,895.8076171875,351,0,48
917413,895.9111328125,350,0,48
917468,895.96484375,351,0,48
917485,895.9814453125,116,-1,48
917577,896.0712890625,350,0,48
917618,896.111328125,351,0,48
917767,896.2568359375,350,0,48
917785,896.2744140625,351,0,48
917879,896.3662109375,350,1,48
917895,896.3818359375,350,0,48
917912,896.3984375,351,0,48
917951,896.4365234375,351,1,48
917965,896.4501953125,350,0,48
918000,896.484375,350,1,48
918025,896.5087890625,351,0,48
918101,896.5830078125,350,0,48
918110,896.591796875,351,1,48
918123,896.6044921875,350,1,48
918158,896.638671875,351,0,48
918193,896.6728515625,351,1,48
918229,896.7080078125,350,1,48
918262,896.740234375,351,1,48
918265,896.7431640625,350,0,48
918282,896.759765625,351,0,48
918329,896.8056640625,350,0,48
918386,896.861328125,351,0,48
918460,896.93359375,350,0,48
918477,896.9501953125,351,0,48
918590,897.060546875,350,0,48
918606,897.076171875,351,0,48
918675,897.1435546875,350,1,48
918686,897.154296875,350,0,48
918712,897.1796875,351,0,48
918791,897.2568359375,350,0,48
918807,897.2724609375,351,0,48
918813,897.2783203125,103,-1,48
918851,897.3154296875,351,1,48
931253,909.4267578125,16,-1,49
932276,910.42578125,1,-1,49
937826,915.845703125,350,0,49
937886,915.904296875,351,0,49
937987,916.0029296875,350,0,49
938033,916.0478515625,351,0,49
938119,916.1318359375,350,0,49
938155,916.1669921875,351,0,49
938266,916.275390625,350,0,49
938324,916.33203125,351,0,49
938432,916.4375,350,0,49
938481,916.4853515625,351,0,49
938578,916.580078125,350,0,49
938617,916.6181640625,351,0,49
938801,916.7978515625,350,0,49
938818,916.814453125,351,0,49
938988,916.98046875,350,0,49
939006,916.998046875,351,0,49
939118,917.107421875,350,0,49
939162,917.150390625,351,0,49
939263,917.2490234375,350,0,49
939292,917.27734375,351,0,49
939422,917.404296875,350,0,49
939439,917.4208984375,351,0,49
939446,917.427734375,116,-1,49
939548,917.52734375,350,0,49
939571,917.5498046875,351,0,49
939665,917.6416015625,350,0,49
939699,917.6748046875,351,0,49
939776,917.75,350,0,49
939837,917.8095703125,351,0,49
940047,918.0146484375,350,0,49
940064,918.03125,351,0,49
940237,918.2001953125,350,0,49
940285,918.2470703125,351,0,49
940347,918.3076171875,350,0,49
940375,918.3349609375,350,1,49
940408,918.3671875,351,0,49
940462,918.419921875,350,0,49
940516,918.47265625,351,0,49
940553,918.5087890625,351,1,49
940566,918.521484375,350,1,49
940604,918.55859375,350,0,49
940637,918.5908203125,351,0,49
940638,918.591796875,351,1,49
940656,918.609375,350,1,49
940746,918.697265625,350,0,49
940766,918.716796875,351,0,49
940850,918.798828125,350,0,49
940871,918.8193359375,351,0,49
940940,918.88671875,350,0,49
940957,918.9033203125,103,-1,49
940971,918.9169921875,351,0,49
940991,918.9365234375,351,1,49
953373,931.0283203125,13,-1,50
954395,932.0263671875,1,-1,50
961303,938.7724609375,350,0,50
961322,938.791015625,351,0,50
961566,939.029296875,113,-1,50
961689,939.1494140625,350,0,50
961756,939.21484375,351,0,50
961837,939.2939453125,350,0,50
961854,939.310546875,351,0,50
961952,939.40625,350,0,50
961974,939.427734375,351,0,50
962009,939.4619140625,350,0,50
962071,939.5224609375,351,0,50
962108,939.55859375,350,0,50
962155,939.6044921875,351,0,50
962190,939.638671875,350,0,50
962468,939.91015625,101,-1,50
962521,939.9619140625,351,0,50
974900,952.05078125,16,-1,51
975839,952.9677734375,350,1,51
975911,953.0380859375,351,1,51
975924,953.05078125,1,-1,51
975930,953.056640625,350,1,51
976002,953.126953125,351,1,51
976091,953.2138671875,350,1,51
976130,953.251953125,351,1,51
976150,953.271484375,350,1,51
976426,953.541015625,351,1,51
976467,953.5810546875,350,1,51
976547,953.6591796875,351,1,51
983094,960.052734375,116,-1,51
983402,960.353515625,350,1,51
983433,960.3837890625,351,1,51
983501,960.4501953125,350,1,51
983894,960.833984375,103,-1,51
983966,960.904296875,351,1,51
996322,972.970703125,16,-1,52
996633,973.2744140625,350,1,52
996739,973.3779296875,351,1,52
997347,973.9716796875,1,-1,52
997511,974.1318359375,350,1,52
997570,974.189453125,351,1,52
1004517,980.9736328125,116,-1,52
1005152,981.59375,350,1,52
1005269,981.7080078125,351,1,52
1005295,981.7333984375,350,1,52
1005538,981.970703125,103,-1,52
1005567,981.9990234375,351,1,52
1017969,994.1103515625,16,-1,53
1018993,995.1103515625,1,-1,53
1026164,1002.11328125,116,-1,53
1026647,1002.5849609375,350,1,53
1026817,1002.7509765625,103,-1,53
1026838,1002.771484375,351,1,53
1039261,1014.9033203125,16,-1,54
1040285,1015.9033203125,1,-1,54
1040500,1016.11328125,350,0,54
1040555,1016.1669921875,351,0,54
1041852,1017.43359375,350,1,54
1041918,1017.498046875,351,1,54
1042260,1017.83203125,350,1,54
1042355,1017.9248046875,351,1,54
1042493,1018.0595703125,350,1,54
1042535,1018.1005859375,351,1,54
1047456,1022.90625,116,-1,54
1047987,1023.4248046875,350,1,54
1048087,1023.5224609375,351,1,54
1048110,1023.544921875,350,1,54
1048288,1023.71875,103,-1,54
1048346,1023.775390625,351,1,54
1060715,1035.8544921875,16,-1,55
1061739,1036.8544921875,1,-1,55
1068514,1043.470703125,350,1,55
1068572,1043.52734375,351,1,55
1068812,1043.76171875,350,1,55
1068871,1043.8193359375,351,1,55
1068909,1043.8564453125,116,-1,55
1069179,1044.1201171875,350,1,55
1069255,1044.1943359375,351,1,55
1069275,1044.2138671875,350,1,55
1069451,1044.3857421875,350,0,55
1069488,1044.421875,351,0,55
1069525,1044.4580078125,103,-1,55
1069574,1044.505859375,351,1,55
1081957,1056.5986328125,13,-1,56
1082979,1057.5966796875,1,-1,56
1083332,1057.94140625,350,1,56
1083364,1057.97265625,351,1,56
1089891,1064.3466796875,350,0,56
1089996,1064.44921875,351,0,56
1090150,1064.599609375,113,-1,56
1090277,1064.7236328125,350,0,56
1090325,1064.7705078125,351,0,56
1090368,1064.8125,350,0,56
1090420,1064.86328125,351,0,56
1090461,1064.9033203125,350,0,56
1090790,1065.224609375,101,-1,56
1090818,1065.251953125,351,0,56
1103230,1077.373046875,13,-1,57
1104251,1078.3701171875,1,-1,57
1105054,1079.154296875,350,0,57
1105111,1079.2099609375,351,0,57
1105152,1079.25,350,0,57
1105168,1079.265625,351,0,57
1105202,1079.298828125,350,0,57
1105268,1079.36328125,351,0,57
1105458,1079.548828125,350,0,57
1105484,1079.57421875,351,0,57
1105509,1079.5986328125,350,0,57
1105526,1079.615234375,351,0,57
1105632,1079.71875,350,0,57
1105654,1079.740234375,351,0,57
1105699,1079.7841796875,350,0,57
1105776,1079.859375,351,0,57
1105792,1079.875,350,0,57
1105815,1079.8974609375,351,0,57
1105895,1079.9755859375,350,0,57
1105928,1080.0078125,351,0,57
1105981,1080.0595703125,350,0,57
1105999,1080.0771484375,351,0,57
1106023,1080.1005859375,350,0,57
1106046,1080.123046875,351,0,57
1106130,1080.205078125,350,0,57
1106147,1080.2216796875,351,0,57
1106246,1080.318359375,350,0,57
1106262,1080.333984375,351,0,57
1106382,1080.451171875,350,0,57
1106417,1080.4853515625,351,0,57
1106561,1080.6259765625,350,0,57
1106581,1080.6455078125,351,0,57
1106660,1080.72265625,350,0,57
1106721,1080.7822265625,351,0,57
1111422,1085.373046875,113,-1,57
1112174,1086.107421875,350,0,57
1112370,1086.298828125,101,-1,57
1112402,1086.330078125,351,0,57
1124805,1098.4423828125,16,-1,58
1125829,1099.4423828125,1,-1,58
1132999,1106.4443359375,116,-1,58
1133270,1106.708984375,350,1,58
1133323,1106.7607421875,351,1,58
1133523,1106.9560546875,350,1,58
1133587,1107.0185546875,351,1,58
1133631,1107.0615234375,350,1,58
1133709,1107.1376953125,351,1,58
1133728,1107.15625,350,1,58
1133889,1107.3134765625,351,1,58
1133905,1107.3291015625,350,1,58
1134088,1107.5078125,103,-1,58
1134155,1107.5732421875,351,1,58
1146514,1119.642578125,13,-1,59
1146947,1120.0654296875,350,0,59
1146964,1120.08203125,351,0,59
1147011,1120.1279296875,350,0,59
1147093,1120.2080078125,351,0,59
1147537,1120.6416015625,1,-1,59
1148131,1121.2216796875,350,0,59
1148206,1121.294921875,351,0,59
1148547,1121.6279296875,350,0,59
1148606,1121.685546875,351,0,59
1154699,1127.6357421875,350,0,59
1154708,1127.64453125,113,-1,59
1154795,1127.7294921875,351,0,59
1154889,1127.8212890625,350,0,59
1154965,1127.8955078125,351,0,59
1154988,1127.91796875,350,0,59
1155195,1128.1201171875,101,-1,59
1155245,1128.1689453125,351,0,59
1198290,1170.205078125,13,-1,60
1199313,1171.2041015625,1,-1,60
1206484,1178.20703125,113,-1,60
1206883,1178.5966796875,350,0,60
1207071,1178.7802734375,101,-1,60
1207102,1178.810546875,351,0,60
1219508,1190.92578125,13,-1,61
1220532,1191.92578125,1,-1,61
1227703,1198.9287109375,113,-1,61
1228528,1199.734375,350,0,61
1228756,1199.95703125,101,-1,61
1228788,1199.98828125,351,0,61
1241183,1212.0927734375,16,-1,62
1242206,1213.091796875,1,-1,62
1249377,1220.0947265625,116,-1,62
1250592,1221.28125,350,1,62
1250617,1221.3056640625,351,1,62
1250640,1221.328125,350,1,62
1250676,1221.36328125,351,1,62
1250739,1221.4248046875,350,1,62
1250817,1221.5009765625,351,1,62
1250854,1221.537109375,350,1,62
1250903,1221.5849609375,351,1,62
1250916,1221.59765625,350,1,62
1250948,1221.62890625,351,1,62
1250980,1221.66015625,350,1,62
1251118,1221.794921875,103,-1,62
1251150,1221.826171875,351,1,62
1263549,1233.9345703125,13,-1,63
1264572,1234.93359375,1,-1,63
1266419,1236.7373046875,350,0,63
1266495,1236.8115234375,351,0,63
1271519,1241.7177734375,350,0,63
1271575,1241.7724609375,351,0,63
1271610,1241.806640625,350,0,63
1271662,1241.857421875,351,0,63
1271741,1241.9345703125,113,-1,63
1271883,1242.0732421875,350,0,63
1271933,1242.1220703125,351,0,63
1271974,1242.162109375,350,0,63
1272075,1242.2607421875,351,0,63
1272101,1242.2861328125,350,0,63
1272475,1242.6513671875,101,-1,63
1272492,1242.66796875,351,0,63
1284904,1254.7890625,16,-1,64
1285928,1255.7890625,1,-1,64
1293099,1262.7919921875,116,-1,64
1293401,1263.0869140625,350,1,64
1293573,1263.2548828125,103,-1,64
1293592,1263.2734375,351,1,64
1305993,1275.3837890625,13,-1,65
1307016,1276.3828125,1,-1,65
1307832,1277.1796875,350,1,65
1307857,1277.2041015625,351,1,65
1314187,1283.3857421875,113,-1,65
1314639,1283.8271484375,350,0,65
1314680,1283.8671875,351,0,65
1314754,1283.939453125,350,0,65
1314810,1283.994140625,351,0,65
1314840,1284.0234375,350,0,65
1315041,1284.2197265625,101,-1,65
1315043,1284.2216796875,351,0,65
1327475,1296.3623046875,16,-1,66
1328499,1297.3623046875,1,-1,66
1335670,1304.365234375,116,-1,66
1336033,1304.7197265625,350,1,66
1336232,1304.9140625,103,-1,66
1336291,1304.9716796875,351,1,66
1348650,1317.041015625,16,-1,67
1349674,1318.041015625,1,-1,67
1351790,1320.107421875,350,0,67
1351847,1320.1630859375,351,0,67
1352401,1320.7041015625,350,0,67
1352418,1320.720703125,351,0,67
1352543,1320.8427734375,350,1,67
1352623,1320.9208984375,351,1,67
1356845,1325.0439453125,116,-1,67
1357140,1325.33203125,350,0,67
1357197,1325.3876953125,351,0,67
1357828,1326.00390625,350,1,67
1358006,1326.177734375,103,-1,67
1358030,1326.201171875,351,1,67
1370440,1338.3203125,13,-1,68
1371464,1339.3203125,1,-1,68
1378635,1346.3232421875,113,-1,68
1379779,1347.4404296875,350,0,68
1379832,1347.4921875,351,0,68
1379892,1347.55078125,350,0,68
1380096,1347.75,101,-1,68
1380117,1347.7705078125,351,0,68
1392550,1359.912109375,16,-1,69
1392724,1360.08203125,350,1,69
1392757,1360.1142578125,351,1,69
1393574,1360.912109375,1,-1,69
1393927,1361.2568359375,350,1,69
1393985,1361.3134765625,351,1,69
1394090,1361.416015625,350,1,69
1394103,1361.4287109375,351,1,69
1394178,1361.501953125,350,1,69
1394199,1361.5224609375,351,1,69
1400744,1367.9140625,116,-1,69
1400962,1368.126953125,350,1,69
1400992,1368.15625,351,1,69
1401007,1368.1708984375,350,1,69
1401037,1368.2001953125,351,1,69
1401067,1368.2294921875,350,1,69
1401284,1368.44140625,103,-1,69
1401330,1368.486328125,351,1,69
1413711,1380.5771484375,13,-1,70
1414735,1381.5771484375,1,-1,70
1421905,1388.5791015625,113,-1,70
1422684,1389.33984375,350,0,70
1422743,1389.3974609375,351,0,70
1422787,1389.4404296875,350,0,70
1422825,1389.4775390625,351,0,70
1422840,1389.4921875,350,0,70
1422891,1389.5419921875,351,0,70
1422985,1389.6337890625,350,0,70
1423053,1389.7001953125,351,0,70
1423085,1389.7314453125,350,0,70
1423292,1389.93359375,351,0,70
1423308,1389.94921875,350,0,70
1423501,1390.1376953125,101,-1,70
1423525,1390.1611328125,351,0,70
1435950,1402.294921875,16,-1,71
1436974,1403.294921875,1,-1,71
1444095,1410.2490234375,350,1,71
1444136,1410.2890625,351,1,71
1444144,1410.296875,116,-1,71
1444561,1410.7041015625,350,1,71
1444836,1410.97265625,103,-1,71
1444881,1411.0166015625,351,1,71
1457264,1423.109375,16,-1,72
1458235,1424.0576171875,350,0,72
1458288,1424.109375,1,-1,72
1458310,1424.130859375,351,0,72
1458612,1424.42578125,350,0,72
1458658,1424.470703125,351,0,72
1465458,1431.111328125,116,-1,72
1465977,1431.6181640625,350,1,72
1466214,1431.849609375,103,-1,72
1466234,1431.869140625,351,1,72
1478652,1443.99609375,13,-1,73
1479676,1444.99609375,1,-1,73
1486845,1451.9970703125,113,-1,73
1486997,1452.1455078125,350,0,73
1487085,1452.2314453125,351,0,73
1487107,1452.2529296875,350,0,73
1487370,1452.509765625,101,-1,73
1487390,1452.529296875,351,0,73
1499812,1464.66015625,16,-1,74
1500835,1465.6591796875,1,-1,74
1507995,1472.6513671875,350,1,74
1508006,1472.662109375,116,-1,74
1508082,1472.736328125,351,1,74
1508119,1472.7724609375,350,1,74
1508168,1472.8203125,351,1,74
1508269,1472.9189453125,350,1,74
1508349,1472.9970703125,351,1,74
1508379,1473.0263671875,350,1,74
1508415,1473.0615234375,351,1,74
1508439,1473.0849609375,350,1,74
1508621,1473.2626953125,103,-1,74
1508650,1473.291015625,351,1,74
1521068,1485.41796875,13,-1,75
1522093,1486.4189453125,1,-1,75
1523106,1487.408203125,350,1,75
1523165,1487.4658203125,351,1,75
1523193,1487.4931640625,350,1,75
1523229,1487.5283203125,351,1,75
1526413,1490.6376953125,350,1,75
1526491,1490.7138671875,351,1,75
1529263,1493.4208984375,113,-1,75
1529798,1493.943359375,350,0,75
1529857,1494.0009765625,351,0,75
1529901,1494.0439453125,350,0,75
1529915,1494.0576171875,351,0,75
1529938,1494.080078125,350,0,75
1530167,1494.3037109375,101,-1,75
1530203,1494.3388671875,351,0,75
1542598,1506.443359375,16,-1,76
1543622,1507.443359375,1,-1,76
1544576,1508.375,350,1,76
1544629,1508.4267578125,351,1,76
1544724,1508.51953125,350,1,76
1544822,1508.615234375,351,1,76
1544938,1508.728515625,350,1,76
1545026,1508.814453125,351,1,76
1550793,1514.4462890625,116,-1,76
1551031,1514.6787109375,350,1,76
1551128,1514.7734375,351,1,76
1551192,1514.8359375,350,1,76
1551260,1514.90234375,351,1,76
1551334,1514.974609375,350,1,76
1551503,1515.1396484375,103,-1,76
1551552,1515.1875,351,1,76
1563944,1527.2890625,13,-1,77
1564966,1528.287109375,1,-1,77
1565377,1528.6884765625,350,1,77
1565460,1528.76953125,351,1,77
1566416,1529.703125,350,1,77
1566474,1529.759765625,351,1,77
1567610,1530.869140625,350,0,77
1567682,1530.939453125,351,0,77
1568724,1531.95703125,350,1,77
1568773,1532.0048828125,351,1,77
1571692,1534.85546875,350,0,77
1571737,1534.8994140625,351,0,77
1572137,1535.2900390625,113,-1,77
1572325,1535.4736328125,350,0,77
1572356,1535.50390625,351,0,77
1572376,1535.5234375,350,0,77
1572551,1535.6943359375,101,-1,77
1572592,1535.734375,351,0,77
1584999,1547.8505859375,13,-1,78
1586022,1548.849609375,1,-1,78
1586072,1548.8984375,350,1,78
1586122,1548.947265625,351,1,78
1593194,1555.853515625,113,-1,78
1593955,1556.5966796875,350,0,78
1594163,1556.7998046875,101,-1,78
1594167,1556.8037109375,351,0,78
1606588,1568.93359375,13,-1,79
1607612,1569.93359375,1,-1,79
1607615,1569.9365234375,350,1,79
1607682,1570.001953125,351,1,79
1607915,1570.2294921875,350,1,79
1607972,1570.28515625,351,1,79
1608418,1570.720703125,350,0,79
1608496,1570.796875,351,0,79
1608562,1570.861328125,350,0,79
1608631,1570.9287109375,351,0,79
1612962,1575.158203125,350,0,79
1612980,1575.17578125,351,0,79
1613080,1575.2734375,350,0,79
1613109,1575.3017578125,351,0,79
1613207,1575.3974609375,350,0,79
1613224,1575.4140625,351,0,79
1613328,1575.515625,350,0,79
1613368,1575.5546875,351,0,79
1613474,1575.658203125,350,0,79
1613490,1575.673828125,351,0,79
1613572,1575.75390625,350,0,79
1613610,1575.791015625,351,0,79
1613679,1575.8583984375,350,0,79
1613700,1575.87890625,351,0,79
1613775,1575.9521484375,350,0,79
1613792,1575.96875,351,0,79
1613875,1576.0498046875,350,0,79
1613892,1576.06640625,351,0,79
1613940,1576.11328125,350,0,79
1613983,1576.1552734375,351,0,79
1614043,1576.2138671875,350,0,79
1614072,1576.2421875,351,0,79
1614137,1576.3056640625,350,0,79
1614167,1576.3349609375,351,0,79
1614226,1576.392578125,350,0,79
1614243,1576.4091796875,351,0,79
1614298,1576.462890625,350,0,79
1614331,1576.4951171875,351,0,79
1614370,1576.533203125,350,0,79
1614419,1576.5810546875,351,0,79
1614478,1576.638671875,350,0,79
1614510,1576.669921875,351,0,79
1614603,1576.7607421875,350,0,79
1614632,1576.7890625,351,0,79
1614723,1576.8779296875,350,0,79
1614747,1576.9013671875,351,0,79
1614783,1576.9365234375,113,-1,79
1614821,1576.9736328125,350,0,79
1614838,1576.990234375,351,0,79
1614909,1577.0595703125,350,0,79
1614930,1577.080078125,351,0,79
1614975,1577.1240234375,350,0,79
1615004,1577.15234375,351,0,79
1615089,1577.2353515625,350,0,79
1615120,1577.265625,351,0,79
1615165,1577.3095703125,350,0,79
1615218,1577.361328125,351,0,79
1615317,1577.4580078125,350,0,79
1615343,1577.4833984375,351,0,79
1615436,1577.57421875,350,0,79
1615453,1577.5908203125,351,0,79
1615510,1577.646484375,350,0,79
1615531,1577.6669921875,351,0,79
1615592,1577.7265625,350,0,79
1615609,1577.7431640625,351,0,79
1615659,1577.7919921875,350,0,79
1616002,1578.126953125,101,-1,79
1616055,1578.1787109375,351,0,79
1637670,1599.287109375,14,-1,80
1638692,1600.28515625,1,-1,80
1645863,1607.2880859375,114,-1,80
1646434,1607.845703125,350,1,80
1646628,1608.03515625,351,1,80
1646634,1608.041015625,103,-1,80
1648254,1609.623046875,14,-1,81
1648509,1609.8720703125,350,1,81
1648523,1609.8857421875,351,1,81
1648927,1610.2802734375,350,1,81
1648984,1610.3359375,351,1,81
1649132,1610.48046875,350,1,81
1649196,1610.54296875,351,1,81
1649223,1610.5693359375,350,1,81
1649244,1610.58984375,351,1,81
1649278,1610.623046875,1,-1,81
1649290,1610.634765625,350,1,81
1649411,1610.7529296875,350,0,81
1649412,1610.75390625,351,1,81
1649469,1610.8095703125,351,0,81
1649487,1610.8271484375,350,0,81
1649603,1610.9404296875,351,0,81
1649629,1610.9658203125,350,0,81
1649718,1611.052734375,351,0,81
1649747,1611.0810546875,350,0,81
1649785,1611.1181640625,351,0,81
1649815,1611.1474609375,350,0,81
1649872,1611.203125,351,0,81
1649936,1611.265625,350,0,81
1650005,1611.3330078125,351,0,81
1650033,1611.3603515625,350,0,81
1650074,1611.400390625,351,0,81
1650385,1611.7041015625,350,1,81
1650451,1611.7685546875,351,1,81
1652892,1614.15234375,350,1,81
1652907,1614.1669921875,351,1,81
1655014,1616.224609375,350,1,81
1655061,1616.2705078125,351,1,81
1655191,1616.3974609375,350,1,81
1655271,1616.4755859375,351,1,81
1655289,1616.4931640625,350,1,81
1655307,1616.5107421875,351,1,81
1655591,1616.7880859375,350,1,81
1655679,1616.8740234375,351,1,81
1656448,1617.625,114,-1,81
1656819,1617.9873046875,350,0,81
1656885,1618.0517578125,351,0,81
1657017,1618.1806640625,350,0,81
1657048,1618.2109375,351,0,81
1657072,1618.234375,350,1,81
1657292,1618.44921875,351,1,81
1657304,1618.4609375,103,-1,81
1658917,1620.0361328125,11,-1,82
1659940,1621.03515625,1,-1,82
1660705,1621.7822265625,350,1,82
1660763,1621.8388671875,351,1,82
1663266,1624.283203125,350,1,82
1663292,1624.30859375,351,1,82
1667112,1628.0390625,111,-1,82
1667594,1628.509765625,350,0,82
1667663,1628.5771484375,351,0,82
1667677,1628.5908203125,350,0,82
1667959,1628.8662109375,351,0,82
1667994,1628.900390625,350,0,82
1668038,1628.943359375,351,0,82
1668844,1629.73046875,350,0,82
1669041,1629.9228515625,101,-1,82
1669043,1629.9248046875,351,0,82
1670653,1631.4970703125,14,-1,83
1671678,1632.498046875,1,-1,83
1678847,1639.4990234375,114,-1,83
1679446,1640.083984375,350,1,83
1679715,1640.3466796875,103,-1,83
1679801,1640.4306640625,351,1,83
1681317,1641.9111328125,11,-1,84
1682340,1642.91015625,1,-1,84
1686741,1647.2080078125,350,1,84
1686775,1647.2412109375,351,1,84
1687698,1648.142578125,350,0,84
1687759,1648.2021484375,351,0,84
1688136,1648.5703125,350,0,84
1688219,1648.6513671875,351,0,84
1689258,1649.666015625,350,0,84
1689331,1649.7373046875,351,0,84
1689511,1649.9130859375,111,-1,84
1690037,1650.4267578125,350,0,84
1690112,1650.5,351,0,84
1690158,1650.544921875,350,0,84
1690376,1650.7578125,101,-1,84
1690419,1650.7998046875,351,0,84
1691979,1652.3232421875,14,-1,85
1693001,1653.3212890625,1,-1,85
1697023,1657.2490234375,350,1,85
1697103,1657.3271484375,351,1,85
1697138,1657.361328125,350,1,85
1697193,1657.4150390625,351,1,85
1697262,1657.482421875,350,1,85
1697336,1657.5546875,351,1,85
1697363,1657.5810546875,350,1,85
1697376,1657.59375,351,1,85
1697426,1657.642578125,350,1,85
1697507,1657.7216796875,351,1,85
1697557,1657.7705078125,350,1,85
1697599,1657.8115234375,351,1,85
1697646,1657.857421875,350,1,85
1697702,1657.912109375,351,1,85
1700172,1660.32421875,114,-1,85
1700503,1660.6474609375,350,1,85
1700671,1660.8115234375,103,-1,85
1700753,1660.8916015625,351,1,85
1702280,1662.3828125,11,-1,86
1702784,1662.875,350,0,86
1702840,1662.9296875,351,0,86
1703304,1663.3828125,1,-1,86
1704472,1664.5234375,350,0,86
1704515,1664.5654296875,351,0,86
1705025,1665.0634765625,350,0,86
1705049,1665.0869140625,351,0,86
1705224,1665.2578125,350,0,86
1705241,1665.2744140625,351,0,86
1705366,1665.396484375,350,0,86
1705399,1665.4287109375,351,0,86
1705421,1665.4501953125,350,0,86
1705467,1665.4951171875,351,0,86
1705484,1665.51171875,350,0,86
1705511,1665.5380859375,351,0,86
1705544,1665.5703125,350,0,86
1705637,1665.6611328125,351,0,86
1705725,1665.7470703125,350,0,86
1705787,1665.8076171875,351,0,86
1705898,1665.916015625,350,0,86
1705915,1665.9326171875,351,0,86
1707254,1667.240234375,350,0,86
1707326,1667.310546875,351,0,86
1707552,1667.53125,350,1,86
1707568,1667.546875,351,1,86
1710475,1670.3857421875,111,-1,86
1710713,1670.6181640625,350,0,86
1710996,1670.89453125,101,-1,86
1711008,1670.90625,351,0,86
1712601,1672.4619140625,11,-1,87
1713625,1673.4619140625,1,-1,87
1720795,1680.4638671875,111,-1,87
1720822,1680.490234375,350,0,87
1720877,1680.5439453125,351,0,87
1721074,1680.736328125,350,0,87
1721302,1680.958984375,351,0,87
1721316,1680.97265625,101,-1,87
1722921,1682.5400390625,11,-1,88
1723945,1683.5400390625,1,-1,88
1725655,1685.2099609375,350,0,88
1725685,1685.2392578125,351,0,88
1730036,1689.48828125,350,1,88
1730085,1689.5361328125,351,1,88
1730523,1689.9638671875,350,1,88
1730602,1690.041015625,351,1,88
1731114,1690.541015625,111,-1,88
1731433,1690.8525390625,350,0,88
1731600,1691.015625,351,0,88
1731613,1691.0283203125,350,0,88
1731633,1691.0478515625,101,-1,88
1731640,1691.0546875,351,0,88
1733242,1692.619140625,14,-1,89
1734265,1693.6181640625,1,-1,89
1741437,1700.6220703125,114,-1,89
1741675,1700.8544921875,350,1,89
1741761,1700.9384765625,351,1,89
1741793,1700.9697265625,350,1,89
1741982,1701.154296875,103,-1,89
1742002,1701.173828125,351,1,89
1743596,1702.73046875,14,-1,90
1744620,1703.73046875,1,-1,90
1745476,1704.56640625,350,1,90
1745572,1704.66015625,351,1,90
1748732,1707.74609375,350,0,90
1748769,1707.7822265625,351,0,90
1751789,1710.7314453125,114,-1,90
1752068,1711.00390625,350,1,90
1752149,1711.0830078125,350,0,90
1752210,1711.142578125,351,0,90
1752234,1711.166015625,351,1,90
1752238,1711.169921875,103,-1,90
1753850,1712.744140625,11,-1,91
1754873,1713.7431640625,1,-1,91
1761823,1720.5302734375,350,0,91
1761867,1720.5732421875,351,0,91
1762045,1720.7470703125,111,-1,91
1762422,1721.115234375,350,0,91
1762657,1721.3447265625,101,-1,91
1762671,1721.3583984375,351,0,91
1764260,1722.91015625,14,-1,92
1765282,1723.908203125,1,-1,92
1772452,1730.91015625,114,-1,92
1772752,1731.203125,350,1,92
1772809,1731.2587890625,351,1,92
1772887,1731.3349609375,350,1,92
1773085,1731.5283203125,351,1,92
1773676,1732.10546875,350,1,92
1773861,1732.2861328125,103,-1,92
1773887,1732.3115234375,351,1,92
1775465,1733.8525390625,14,-1,93
1776489,1734.8525390625,1,-1,93
1783660,1741.85546875,114,-1,93
1783885,1742.0751953125,350,1,93
1784077,1742.2626953125,103,-1,93
1784097,1742.2822265625,351,1,93
1785685,1743.8330078125,14,-1,94
1786707,1744.8310546875,1,-1,94
1793877,1751.8330078125,114,-1,94
1794330,1752.275390625,350,1,94
1794601,1752.5400390625,103,-1,94
1794611,1752.5498046875,351,1,94
1796209,1754.1103515625,11,-1,95
1797232,1755.109375,1,-1,95
1803891,1761.6123046875,350,0,95
1803978,1761.697265625,351,0,95
1804403,1762.1123046875,111,-1,95
1804662,1762.365234375,350,0,95
1804925,1762.6220703125,351,0,95
1804926,1762.623046875,101,-1,95
1806529,1764.1884765625,11,-1,96
1807553,1765.1884765625,1,-1,96
1814618,1772.087890625,350,1,96
1814684,1772.15234375,350,0,96
1814724,1772.19140625,111,-1,96
1814765,1772.2314453125,351,0,96
1814778,1772.244140625,350,0,96
1815082,1772.541015625,351,0,96
1815102,1772.560546875,351,1,96
1815113,1772.5712890625,350,0,96
1815177,1772.6337890625,351,0,96
1815251,1772.7060546875,350,1,96
1815289,1772.7431640625,351,1,96
1815299,1772.7529296875,350,0,96
1815415,1772.8662109375,351,0,96
1815433,1772.8837890625,350,0,96
1815620,1773.06640625,101,-1,96
1815651,1773.0966796875,351,0,96
1817234,1774.642578125,14,-1,97
1817939,1775.3310546875,350,1,97
1817996,1775.38671875,351,1,97
1818257,1775.6416015625,1,-1,97
1819716,1777.06640625,350,1,97
1819807,1777.1552734375,351,1,97
1819983,1777.3271484375,350,1,97
1820041,1777.3837890625,351,1,97
1820054,1777.396484375,350,1,97
1820074,1777.416015625,351,1,97
1820092,1777.43359375,350,1,97
1820117,1777.4580078125,351,1,97
1820661,1777.9892578125,350,1,97
1820704,1778.03125,351,1,97
1825428,1782.64453125,114,-1,97
1826092,1783.29296875,350,1,97
1826349,1783.5439453125,103,-1,97
1826371,1783.5654296875,351,1,97
1827947,1785.1044921875,14,-1,98
1828971,1786.1044921875,1,-1,98
1833653,1790.6767578125,350,1,98
1833733,1790.7548828125,351,1,98
1835238,1792.224609375,350,1,98
1835307,1792.2919921875,351,1,98
1835718,1792.693359375,350,1,98
1835806,1792.779296875,351,1,98
1835836,1792.80859375,350,1,98
1835879,1792.8505859375,351,1,98
1836104,1793.0703125,350,1,98
1836142,1793.107421875,114,-1,98
1836193,1793.1572265625,351,1,98
1836432,1793.390625,350,1,98
1836602,1793.556640625,103,-1,98
1836640,1793.59375,351,1,98
1838225,1795.1416015625,11,-1,99
1839249,1796.1416015625,1,-1,99
1843108,1799.91015625,350,0,99
1843177,1799.9775390625,351,0,99
1846420,1803.14453125,111,-1,99
1846720,1803.4375,350,0,99
1846948,1803.66015625,351,0,99
1846970,1803.681640625,350,0,99
1847026,1803.736328125,101,-1,99
1847089,1803.7978515625,351,0,99
1848631,1805.3037109375,11,-1,100
1849654,1806.302734375,1,-1,100
1853283,1809.8466796875,350,1,100
1853315,1809.8779296875,351,1,100
1855285,1811.8017578125,350,0,100
1855362,1811.876953125,351,0,100
1856823,1813.3037109375,111,-1,100
1857137,1813.6103515625,350,0,100
1857343,1813.8115234375,101,-1,100
1857356,1813.82421875,351,0,100
1858952,1815.3828125,11,-1,101
1859975,1816.3818359375,1,-1,101
1866777,1823.0244140625,350,0,101
1866800,1823.046875,351,0,101
1867147,1823.3857421875,111,-1,101
1867425,1823.6572265625,350,0,101
1867472,1823.703125,351,0,101
1867567,1823.7958984375,350,0,101
1867639,1823.8662109375,351,0,101
1867657,1823.8837890625,350,0,101
1867821,1824.0439453125,101,-1,101
1867834,1824.056640625,351,0,101
1869426,1825.611328125,14,-1,102
1870450,1826.611328125,1,-1,102
1877621,1833.6142578125,114,-1,102
1877933,1833.9189453125,350,1,102
1878096,1834.078125,103,-1,102
1878116,1834.09765625,351,1,102
1879695,1835.6396484375,11,-1,103
1880719,1836.6396484375,1,-1,103
1886305,1842.0947265625,350,0,103
1886362,1842.150390625,351,0,103
1887135,1842.9052734375,350,0,103
1887220,1842.98828125,351,0,103
1887236,1843.00390625,350,0,103
1887356,1843.12109375,351,0,103
1887390,1843.154296875,350,0,103
1887488,1843.25,351,0,103
1887501,1843.2626953125,350,0,103
1887554,1843.314453125,351,0,103
1887574,1843.333984375,350,0,103
1887813,1843.5673828125,351,0,103
1887852,1843.60546875,350,0,103
1887889,1843.6416015625,111,-1,103
1887953,1843.7041015625,351,0,103
1887973,1843.7236328125,350,0,103
1888133,1843.8798828125,351,0,103
1888151,1843.8974609375,350,0,103
1888351,1844.0927734375,101,-1,103
1888365,1844.1064453125,351,0,103
1889965,1845.6689453125,14,-1,104
1890988,1846.66796875,1,-1,104
1898160,1853.671875,114,-1,104
1898436,1853.94140625,350,1,104
1898603,1854.1044921875,103,-1,104
1898621,1854.1220703125,351,1,104
1900217,1855.6806640625,14,-1,105
1901240,1856.6796875,1,-1,105
1903274,1858.666015625,350,1,105
1903334,1858.724609375,351,1,105
1907537,1862.8291015625,350,1,105
1907629,1862.9189453125,351,1,105
1907696,1862.984375,350,1,105
1907752,1863.0390625,351,1,105
1907779,1863.0654296875,350,1,105
1907942,1863.224609375,351,1,105
1908065,1863.3447265625,350,1,105
1908116,1863.39453125,351,1,105
1908225,1863.5009765625,350,1,105
1908296,1863.5703125,351,1,105
1908412,1863.68359375,114,-1,105
1908694,1863.958984375,350,1,105
1908933,1864.1923828125,351,1,105
1909023,1864.2802734375,350,1,105
1909087,1864.3427734375,351,1,105
1909137,1864.3916015625,350,1,105
1909152,1864.40625,351,1,105
1909175,1864.4287109375,350,1,105
1909241,1864.4931640625,351,1,105
1909440,1864.6875,350,1,105
1909594,1864.837890625,103,-1,105
1909632,1864.875,351,1,105
1911204,1866.41015625,11,-1,106
1912228,1867.41015625,1,-1,106
1918136,1873.1796875,350,0,106
1918192,1873.234375,351,0,106
1919398,1874.412109375,111,-1,106
1919591,1874.6005859375,350,0,106
1919796,1874.80078125,101,-1,106
1919813,1874.8173828125,351,0,106
1921406,1876.373046875,14,-1,107
1922429,1877.3720703125,1,-1,107
1923245,1878.1689453125,350,1,107
1923289,1878.2119140625,351,1,107
1923486,1878.404296875,350,1,107
1923587,1878.5029296875,351,1,107
1929600,1884.375,114,-1,107
1929867,1884.6357421875,350,1,107
1930034,1884.798828125,351,1,107
1930048,1884.8125,103,-1,107
1931658,1886.384765625,11,-1,108
1932683,1887.3857421875,1,-1,108
1935798,1890.427734375,350,0,108
1935857,1890.4853515625,351,0,108
1937007,1891.6083984375,350,0,108
1937117,1891.7158203125,351,0,108
1937136,1891.734375,350,0,108
1937165,1891.7626953125,351,0,108
1939853,1894.3876953125,111,-1,108
1940258,1894.783203125,350,0,108
1940490,1895.009765625,101,-1,108
1940499,1895.0185546875,351,0,108
1942098,1896.580078125,11,-1,109
1943121,1897.5791015625,1,-1,109
1950291,1904.5810546875,111,-1,109
1950679,1904.9599609375,350,0,109
1950874,1905.150390625,101,-1,109
1950893,1905.1689453125,351,0,109
1952486,1906.724609375,11,-1,110
1953510,1907.724609375,1,-1,110
1960680,1914.7265625,111,-1,110
1961084,1915.12109375,350,0,110
1961216,1915.25,101,-1,110
1961250,1915.283203125,351,0,110
1962825,1916.8212890625,11,-1,111
1963847,1917.8193359375,1,-1,111
1965293,1919.2314453125,350,1,111
1965357,1919.2939453125,351,1,111
1968774,1922.630859375,350,0,111
1968869,1922.7236328125,351,0,111
1968896,1922.75,350,0,111
1968916,1922.76953125,351,0,111
1969027,1922.8779296875,350,0,111
1969088,1922.9375,351,0,111
1969172,1923.01953125,350,0,111
1969220,1923.06640625,351,0,111
1969383,1923.2255859375,350,0,111
1969408,1923.25,351,0,111
1969536,1923.375,350,0,111
1969598,1923.435546875,351,0,111
1969639,1923.4755859375,350,0,111
1969689,1923.5244140625,351,0,111
1969986,1923.814453125,350,0,111
1970079,1923.9052734375,351,0,111
1970102,1923.927734375,350,0,111
1970146,1923.970703125,351,0,111
1970393,1924.2119140625,350,1,111
1970408,1924.2265625,350,0,111
1970430,1924.248046875,351,1,111
1970543,1924.3583984375,351,0,111
1970804,1924.61328125,350,0,111
1970991,1924.7958984375,351,0,111
1971007,1924.8115234375,350,0,111
1971018,1924.822265625,111,-1,111
1971338,1925.134765625,351,0,111
1971355,1925.1513671875,350,0,111
1971426,1925.220703125,351,0,111
1971455,1925.2490234375,350,0,111
1971688,1925.4765625,101,-1,111
1971706,1925.494140625,351,0,111
1973299,1927.0498046875,14,-1,112
1974322,1928.048828125,1,-1,112
1979819,1933.4169921875,350,1,112
1979882,1933.478515625,351,1,112
1980558,1934.138671875,350,1,112
1980620,1934.19921875,351,1,112
1981492,1935.05078125,114,-1,112
1981753,1935.3056640625,350,1,112
1981912,1935.4609375,350,0,112
1981933,1935.4814453125,351,0,112
1981961,1935.5087890625,351,1,112
1982590,1936.123046875,350,1,112
1982677,1936.2080078125,351,1,112
1982700,1936.23046875,350,1,112
1982750,1936.279296875,351,1,112
1982824,1936.3515625,350,1,112
1982952,1936.4765625,103,-1,112
1982984,1936.5078125,351,1,112
1984557,1938.0439453125,14,-1,113
1985582,1939.044921875,1,-1,113
1992752,1946.046875,114,-1,113
1993021,1946.3095703125,350,1,113
1993166,1946.451171875,103,-1,113
1993221,1946.5048828125,351,1,113
1994776,1948.0234375,14,-1,114
1995798,1949.021484375,1,-1,114
2000437,1953.5517578125,350,1,114
2000502,1953.615234375,351,1,114
2000762,1953.869140625,350,1,114
2000818,1953.923828125,351,1,114
2002970,1956.025390625,114,-1,114
2003237,1956.2861328125,350,1,114
2003583,1956.6240234375,351,1,114
2004144,1957.171875,350,1,114
2004365,1957.3876953125,351,1,114
2004729,1957.7431640625,350,1,114
2004917,1957.9267578125,103,-1,114
2004919,1957.9287109375,351,1,114
2006528,1959.5,11,-1,115
2007553,1960.5009765625,1,-1,115
2011162,1964.025390625,350,0,115
2011193,1964.0556640625,351,0,115
2011515,1964.3701171875,350,0,115
2011565,1964.4189453125,351,0,115
2011815,1964.6630859375,350,0,115
2011913,1964.7587890625,351,0,115
2011927,1964.7724609375,350,0,115
2011979,1964.8232421875,351,0,115
2012182,1965.021484375,350,0,115
2012276,1965.11328125,351,0,115
2012385,1965.2197265625,350,0,115
2012401,1965.2353515625,351,0,115
2012561,1965.3916015625,350,0,115
2012593,1965.4228515625,351,0,115
2012682,1965.509765625,350,0,115
2012768,1965.59375,351,0,115
2012843,1965.6669921875,350,0,115
2012899,1965.7216796875,351,0,115
2012942,1965.763671875,350,0,115
2012993,1965.8134765625,351,0,115
2013054,1965.873046875,350,0,115
2013104,1965.921875,351,0,115
2013184,1966,350,0,115
2013200,1966.015625,351,0,115
2013257,1966.0712890625,350,0,115
2013287,1966.1005859375,351,0,115
2013338,1966.150390625,350,0,115
2013398,1966.208984375,351,0,115
2013419,1966.2294921875,350,0,115
2013445,1966.2548828125,351,0,115
2013471,1966.2802734375,350,0,115
2013488,1966.296875,351,0,115
2013546,1966.353515625,350,0,115
2013584,1966.390625,351,0,115
2013699,1966.5029296875,350,0,115
2013733,1966.5361328125,351,0,115
2013794,1966.595703125,350,0,115
2013824,1966.625,351,0,115
2013899,1966.6982421875,350,0,115
2013954,1966.751953125,351,0,115
2014041,1966.8369140625,350,0,115
2014093,1966.8876953125,351,0,115
2014186,1966.978515625,350,0,115
2014215,1967.0068359375,351,0,115
2014265,1967.0556640625,350,0,115
2014323,1967.1123046875,351,0,115
2014400,1967.1875,350,0,115
2014435,1967.2216796875,351,0,115
2014627,1967.4091796875,350,0,115
2014681,1967.4619140625,351,0,115
2014722,1967.501953125,111,-1,115
2014732,1967.51171875,350,0,115
2014793,1967.5712890625,351,0,115
2014862,1967.638671875,350,0,115
2014953,1967.7275390625,351,0,115
2014990,1967.763671875,350,0,115
2015188,1967.95703125,351,0,115
2015213,1967.9814453125,350,0,115
2015272,1968.0390625,351,0,115
2015300,1968.06640625,350,0,115
2015318,1968.083984375,351,0,115
2015396,1968.16015625,350,0,115
2015484,1968.24609375,351,0,115
2015518,1968.279296875,350,0,115
2015561,1968.3212890625,351,0,115
2015728,1968.484375,350,0,115
2015938,1968.689453125,101,-1,115
2015941,1968.6923828125,351,0,115
2017550,1970.263671875,14,-1,116
2018573,1971.2626953125,1,-1,116
2018612,1971.30078125,350,0,116
2018653,1971.3408203125,351,0,116
2019552,1972.21875,350,0,116
2019618,1972.283203125,351,0,116
2020773,1973.4111328125,350,1,116
2020829,1973.4658203125,351,1,116
2025744,1978.265625,114,-1,116
2026268,1978.77734375,350,1,116
2026433,1978.9384765625,103,-1,116
2026503,1979.0068359375,351,1,116
2028044,1980.51171875,11,-1,117
2029070,1981.513671875,1,-1,117
2031385,1983.7744140625,350,0,117
2031443,1983.8310546875,351,0,117
2036240,1988.515625,111,-1,117
2036506,1988.775390625,350,0,117
2036681,1988.9462890625,101,-1,117
2036696,1988.9609375,351,0,117
2038280,1990.5078125,11,-1,118
2039304,1991.5078125,1,-1,118
2045380,1997.44140625,350,0,118
2045441,1997.5009765625,351,0,118
2045479,1997.5380859375,350,0,118
2045494,1997.552734375,351,0,118
2045531,1997.5888671875,350,0,118
2045578,1997.634765625,351,0,118
2045645,1997.7001953125,350,0,118
2045703,1997.7568359375,351,0,118
2045747,1997.7998046875,350,0,118
2045798,1997.849609375,351,0,118
2045835,1997.8857421875,350,0,118
2045894,1997.943359375,351,0,118
2045931,1997.9794921875,350,0,118
2045977,1998.0244140625,351,0,118
2046025,1998.0712890625,350,0,118
2046080,1998.125,351,0,118
2046211,1998.2529296875,350,0,118
2046371,1998.4091796875,351,0,118
2046468,1998.50390625,350,0,118
2046473,1998.5087890625,111,-1,118
2046502,1998.537109375,351,0,118
2046551,1998.5849609375,350,0,118
2046608,1998.640625,351,0,118
2046682,1998.712890625,350,0,118
2046906,1998.931640625,101,-1,118
2046954,1998.978515625,351,0,118
2048516,2000.50390625,14,-1,119
2049538,2001.501953125,1,-1,119
2054074,2005.931640625,350,1,119
2054110,2005.966796875,351,1,119
2054728,2006.5703125,350,1,119
2054762,2006.603515625,351,1,119
2054960,2006.796875,350,1,119
2055041,2006.8759765625,351,1,119
2056708,2008.50390625,114,-1,119
2057009,2008.7978515625,350,1,119
2057159,2008.9443359375,103,-1,119
2057169,2008.9541015625,351,1,119
2064754,2016.361328125,15,-1,120
2065775,2017.3583984375,1,-1,120
2071325,2022.7783203125,350,1,120
2071387,2022.8388671875,351,1,120
2072945,2024.3603515625,115,-1,120
2073558,2024.958984375,350,1,120
2073802,2025.197265625,103,-1,120
2073834,2025.228515625,351,1,120
2082170,2033.369140625,12,-1,121
2082697,2033.8837890625,350,0,121
2082761,2033.9462890625,351,0,121
2083193,2034.3681640625,1,-1,121
2087256,2038.3359375,350,1,121
2087275,2038.3544921875,351,1,121
2088494,2039.544921875,350,1,121
2088514,2039.564453125,351,1,121
2090363,2041.3701171875,112,-1,121
2091613,2042.5908203125,350,0,121
2091664,2042.640625,351,0,121
2091691,2042.6669921875,350,0,121
2091855,2042.8271484375,101,-1,121
2091897,2042.8681640625,351,0,121
2100197,2050.9736328125,15,-1,122
2101051,2051.8076171875,350,0,122
2101121,2051.8759765625,351,0,122
2101166,2051.919921875,350,0,122
2101220,2051.97265625,1,-1,122
2101268,2052.01953125,351,0,122
2101310,2052.060546875,350,0,122
2101404,2052.15234375,351,0,122
2101499,2052.2451171875,350,0,122
2101586,2052.330078125,351,0,122
2108391,2058.9755859375,115,-1,122
2108964,2059.53515625,350,1,122
2109031,2059.6005859375,351,1,122
2109059,2059.6279296875,103,-1,122
2117406,2067.779296875,12,-1,123
2118430,2068.779296875,1,-1,123
2122602,2072.853515625,350,1,123
2122679,2072.9287109375,351,1,123
2125599,2075.7802734375,112,-1,123
2125828,2076.00390625,350,0,123
2126093,2076.2626953125,101,-1,123
2126145,2076.3134765625,351,0,123
2134429,2084.4033203125,12,-1,124
2135453,2085.4033203125,1,-1,124
2142622,2092.404296875,112,-1,124
2142870,2092.646484375,350,0,124
2142949,2092.7236328125,351,0,124
2142986,2092.759765625,350,0,124
2143263,2093.0302734375,101,-1,124
2143306,2093.072265625,351,0,124
2151614,2101.185546875,15,-1,125
2152639,2102.1865234375,1,-1,125
2159808,2109.1875,115,-1,125
2160273,2109.6416015625,350,1,125
2160290,2109.658203125,351,1,125
2160479,2109.8427734375,350,1,125
2160652,2110.01171875,103,-1,125
2160663,2110.0224609375,351,1,125
2168995,2118.1591796875,15,-1,126
2169870,2119.013671875,350,1,126
2169892,2119.03515625,351,1,126
2170019,2119.1591796875,1,-1,126
2170053,2119.1923828125,350,1,126
2170110,2119.248046875,351,1,126
2170317,2119.4501953125,350,1,126
2170374,2119.505859375,351,1,126
2177159,2126.1318359375,350,1,126
2177191,2126.1630859375,115,-1,126
2177235,2126.2060546875,351,1,126
2177451,2126.4169921875,350,1,126
2177501,2126.4658203125,351,1,126
2177528,2126.4921875,350,1,126
2177596,2126.55859375,351,1,126
2177622,2126.583984375,350,1,126
2177829,2126.7861328125,103,-1,126
2177860,2126.81640625,351,1,126
2186173,2134.9345703125,12,-1,127
2187197,2135.9345703125,1,-1,127
2194368,2142.9375,112,-1,127
2194654,2143.216796875,350,0,127
2194929,2143.4853515625,351,0,127
2194935,2143.4912109375,101,-1,127
2203284,2151.64453125,12,-1,128
2204306,2152.642578125,1,-1,128
2211477,2159.6455078125,112,-1,128
2211827,2159.9873046875,350,0,128
2211885,2160.0439453125,351,0,128
2211936,2160.09375,350,0,128
2212020,2160.17578125,351,0,128
2212038,2160.193359375,350,0,128
2212221,2160.3720703125,351,0,128
2212228,2160.37890625,101,-1,128
2220589,2168.5439453125,12,-1,129
2221612,2169.54296875,1,-1,129
2226991,2174.7958984375,350,0,129
2227070,2174.873046875,351,0,129
2228783,2176.5458984375,112,-1,129
2228862,2176.623046875,350,0,129
2228970,2176.728515625,351,0,129
2229101,2176.8564453125,350,0,129
2229194,2176.947265625,351,0,129
2229304,2177.0546875,350,0,129
2229514,2177.259765625,101,-1,129
2229565,2177.3095703125,351,0,129
2237852,2185.40234375,15,-1,130
2238465,2186.0009765625,350,1,130
2238538,2186.072265625,351,1,130
2238875,2186.4013671875,1,-1,130
2246046,2193.404296875,115,-1,130
2246525,2193.8720703125,350,1,130
2246709,2194.0517578125,103,-1,130
2246746,2194.087890625,351,1,130
2255039,2202.1865234375,12,-1,131
2256064,2203.1875,1,-1,131
2263232,2210.1875,112,-1,131
2263794,2210.736328125,350,0,131
2264097,2211.0322265625,101,-1,131
2264114,2211.048828125,351,0,131
2272449,2219.1884765625,15,-1,132
2273333,2220.0517578125,350,1,132
2273375,2220.0927734375,351,1,132
2273473,2220.1884765625,1,-1,132
2279339,2225.9169921875,350,0,132
2279401,2225.9775390625,351,0,132
2279666,2226.236328125,350,0,132
2279746,2226.314453125,351,0,132
2280643,2227.1904296875,115,-1,132
2281591,2228.1162109375,350,1,132
2281696,2228.21875,351,1,132
2281715,2228.2373046875,350,1,132
2281890,2228.408203125,103,-1,132
2281914,2228.431640625,351,1,132
2290227,2236.5498046875,12,-1,133
2291251,2237.5498046875,1,-1,133
2298422,2244.552734375,112,-1,133
2298791,2244.9130859375,350,0,133
2299086,2245.201171875,351,0,133
2299455,2245.5615234375,350,0,133
2299494,2245.599609375,351,0,133
2299544,2245.6484375,350,0,133
2299603,2245.7060546875,351,0,133
2299702,2245.802734375,350,0,133
2299902,2245.998046875,101,-1,133
2299911,2246.0068359375,351,0,133
2308232,2254.1328125,12,-1,134
2309253,2255.1298828125,1,-1,134
2316423,2262.1318359375,112,-1,134
2316715,2262.4169921875,350,0,134
2316778,2262.478515625,351,0,134
2316804,2262.50390625,350,0,134
2316850,2262.548828125,351,0,134
2316875,2262.5732421875,350,0,134
2317157,2262.8486328125,101,-1,134
2317162,2262.853515625,351,0,134
2325489,2270.9853515625,15,-1,135
2326512,2271.984375,1,-1,135
2333151,2278.4677734375,350,1,135
2333215,2278.5302734375,351,1,135
2333334,2278.646484375,350,1,135
2333424,2278.734375,351,1,135
2333459,2278.7685546875,350,1,135
2333520,2278.828125,351,1,135
2333561,2278.8681640625,350,1,135
2333591,2278.8974609375,351,1,135
2333612,2278.91796875,350,1,135
2333646,2278.951171875,351,1,135
2333684,2278.98828125,115,-1,135
2334224,2279.515625,350,1,135
2334461,2279.7470703125,103,-1,135
2334467,2279.7529296875,351,1,135
2342804,2287.89453125,12,-1,136
2343830,2288.896484375,1,-1,136
2350998,2295.896484375,112,-1,136
2351505,2296.3916015625,350,0,136
2351817,2296.6962890625,351,0,136
2351824,2296.703125,101,-1,136
2360184,2304.8671875,15,-1,137
2361208,2305.8671875,1,-1,137
2368379,2312.8701171875,115,-1,137
2368578,2313.064453125,350,1,137
2368632,2313.1171875,351,1,137
2368766,2313.248046875,350,1,137
2368817,2313.2978515625,351,1,137
2368835,2313.3154296875,350,1,137
2369078,2313.552734375,103,-1,137
2369093,2313.5673828125,351,1,137
2377416,2321.6953125,15,-1,138
2378438,2322.693359375,1,-1,138
2385212,2329.30859375,350,1,138
2385275,2329.3701171875,351,1,138
2385464,2329.5546875,350,1,138
2385531,2329.6201171875,351,1,138
2385607,2329.6943359375,115,-1,138
2385628,2329.71484375,350,1,138
2385686,2329.771484375,351,1,138
2385783,2329.8662109375,350,1,138
2385823,2329.9052734375,351,1,138
2385837,2329.9189453125,350,1,138
2385869,2329.9501953125,351,1,138
2386004,2330.08203125,350,1,138
2386068,2330.14453125,351,1,138
2386083,2330.1591796875,350,1,138
2386293,2330.3642578125,103,-1,138
2386339,2330.4091796875,351,1,138
2394655,2338.5302734375,15,-1,139
2395679,2339.5302734375,1,-1,139
2402350,2346.044921875,350,1,139
2402379,2346.0732421875,351,1,139
2402850,2346.533203125,115,-1,139
2403312,2346.984375,350,1,139
2403519,2347.1865234375,351,1,139
2404220,2347.87109375,350,1,139
2404381,2348.0283203125,103,-1,139
2404423,2348.0693359375,351,1,139
2412742,2356.193359375,12,-1,140
2413767,2357.1943359375,1,-1,140
2420936,2364.1953125,112,-1,140
2421620,2364.86328125,350,0,140
2421849,2365.0869140625,101,-1,140
2421868,2365.10546875,351,0,140
2430184,2373.2265625,15,-1,141
2431208,2374.2265625,1,-1,141
2433695,2376.6552734375,350,0,141
2433765,2376.7236328125,351,0,141
2435956,2378.86328125,350,0,141
2436006,2378.912109375,351,0,141
2438038,2380.896484375,350,0,141
2438093,2380.9501953125,351,0,141
2438379,2381.2294921875,115,-1,141
2438955,2381.7919921875,350,1,141
2439042,2381.876953125,351,1,141
2439079,2381.9130859375,350,1,141
2439244,2382.07421875,103,-1,141
2439269,2382.0986328125,351,1,141
2447589,2390.2236328125,15,-1,142
2448614,2391.224609375,1,-1,142
2455783,2398.2255859375,115,-1,142
2456766,2399.185546875,350,1,142
2456829,2399.2470703125,351,1,142
2456856,2399.2734375,350,1,142
2457013,2399.4267578125,103,-1,142
2457032,2399.4453125,351,1,142
2465349,2407.5673828125,12,-1,143
2466373,2408.5673828125,1,-1,143
2468620,2410.76171875,350,0,143
2468688,2410.828125,351,0,143
2473544,2415.5703125,112,-1,143
2473707,2415.7294921875,350,0,143
2473772,2415.79296875,351,0,143
2473942,2415.958984375,350,0,143
2474153,2416.1650390625,101,-1,143
2474168,2416.1796875,351,0,143
2482498,2424.314453125,12,-1,144
2483522,2425.314453125,1,-1,144
2490693,2432.3173828125,112,-1,144
2490764,2432.38671875,350,0,144
2490917,2432.5361328125,351,0,144
2491091,2432.7060546875,350,0,144
2491106,2432.720703125,351,0,144
2491195,2432.8076171875,350,0,144
2491402,2433.009765625,101,-1,144
2491407,2433.0146484375,351,0,144
2499743,2441.1552734375,15,-1,145
2500767,2442.1552734375,1,-1,145
2500881,2442.2666015625,350,1,145
2500945,2442.3291015625,351,1,145
2507936,2449.15625,115,-1,145
2508263,2449.4755859375,350,1,145
2508352,2449.5625,350,0,145
2508374,2449.583984375,351,0,145
2508506,2449.712890625,103,-1,145
2508527,2449.7333984375,351,1,145
2516857,2457.8681640625,15,-1,146
2517881,2458.8681640625,1,-1,146
2518616,2459.5859375,350,0,146
2518663,2459.6318359375,351,0,146
2522572,2463.44921875,350,1,146
2522648,2463.5234375,351,1,146
2522661,2463.5361328125,350,1,146
2522682,2463.556640625,351,1,146
2522778,2463.650390625,350,1,146
2522840,2463.7109375,351,1,146
2522888,2463.7578125,350,1,146
2522955,2463.8232421875,351,1,146
2525053,2465.8720703125,115,-1,146
2525246,2466.060546875,350,1,146
2525310,2466.123046875,351,1,146
2525364,2466.17578125,350,1,146
2525539,2466.3466796875,103,-1,146
2525570,2466.376953125,351,1,146
2533883,2474.4951171875,12,-1,147
2534907,2475.4951171875,1,-1,147
2539548,2480.02734375,350,0,147
2539614,2480.091796875,351,0,147
2540374,2480.833984375,350,0,147
2540416,2480.875,351,0,147
2542078,2482.498046875,112,-1,147
2542265,2482.6806640625,350,0,147
2542357,2482.7705078125,351,0,147
2542384,2482.796875,350,0,147
2542417,2482.8291015625,351,0,147
2542435,2482.8466796875,350,0,147
2542659,2483.0654296875,101,-1,147
2542706,2483.111328125,351,0,147
2551008,2491.21875,15,-1,148
2552032,2492.21875,1,-1,148
2559081,2499.1025390625,350,1,148
2559142,2499.162109375,351,1,148
2559175,2499.1943359375,350,1,148
2559193,2499.2119140625,351,1,148
2559204,2499.22265625,115,-1,148
2559317,2499.3330078125,350,1,148
2559343,2499.3583984375,351,1,148
2559561,2499.5712890625,350,1,148
2559759,2499.7646484375,103,-1,148
2559800,2499.8046875,351,1,148
2568097,2507.9072265625,12,-1,149
2568221,2508.0283203125,350,1,149
2568301,2508.1064453125,351,1,149
2569119,2508.9052734375,1,-1,149
2571956,2511.67578125,350,1,149
2572042,2511.759765625,351,1,149
2576290,2515.908203125,112,-1,149
2576465,2516.0791015625,350,0,149
2576854,2516.458984375,101,-1,149
2576880,2516.484375,351,0,149
2585198,2524.607421875,12,-1,150
2586220,2525.60546875,1,-1,150
2589085,2528.4033203125,350,1,150
2589129,2528.4462890625,351,1,150
2589348,2528.66015625,350,1,150
2589424,2528.734375,351,1,150
2593116,2532.33984375,350,0,150
2593244,2532.46484375,351,0,150
2593266,2532.486328125,350,0,150
2593386,2532.603515625,351,0,150
2593389,2532.6064453125,112,-1,150
2593479,2532.6943359375,350,0,150
2593936,2533.140625,101,-1,150
2593979,2533.1826171875,351,0,150
2602269,2541.2783203125,15,-1,151
2603293,2542.2783203125,1,-1,151
2610464,2549.28125,115,-1,151
2610847,2549.6552734375,350,1,151
2611046,2549.849609375,103,-1,151
2611072,2549.875,351,1,151
2619399,2558.0068359375,12,-1,152
2620422,2559.005859375,1,-1,152
2627594,2566.009765625,112,-1,152
2627823,2566.2333984375,350,0,152
2628168,2566.5703125,101,-1,152
2628195,2566.5966796875,351,0,152
2636496,2574.703125,12,-1,153
2637521,2575.7041015625,1,-1,153
2643681,2581.7197265625,350,0,153
2643741,2581.7783203125,351,0,153
2643790,2581.826171875,350,0,153
2643846,2581.880859375,351,0,153
2643918,2581.951171875,350,0,153
2643973,2582.0048828125,351,0,153
2644005,2582.0361328125,350,0,153
2644058,2582.087890625,351,0,153
2644114,2582.142578125,350,0,153
2644175,2582.2021484375,351,0,153
2644248,2582.2734375,350,0,153
2644308,2582.33203125,351,0,153
2644358,2582.380859375,350,0,153
2644419,2582.4404296875,351,0,153
2644463,2582.4833984375,350,0,153
2644517,2582.5361328125,351,0,153
2644560,2582.578125,350,0,153
2644612,2582.62890625,351,0,153
2644655,2582.6708984375,350,0,153
2644690,2582.705078125,112,-1,153
2644738,2582.751953125,351,0,153
2644772,2582.78515625,350,0,153
2644821,2582.8330078125,351,0,153
2644846,2582.857421875,350,0,153
2645018,2583.025390625,351,0,153
2645062,2583.068359375,350,0,153
2645288,2583.2890625,101,-1,153
2645307,2583.3076171875,351,0,153
2653626,2591.431640625,15,-1,154
2654650,2592.431640625,1,-1,154
2659906,2597.564453125,350,1,154
2659983,2597.6396484375,351,1,154
2660165,2597.8173828125,350,1,154
2660212,2597.86328125,351,1,154
2661821,2599.4345703125,115,-1,154
2662213,2599.8173828125,350,1,154
2662366,2599.966796875,103,-1,154
2662410,2600.009765625,351,1,154
2670696,2608.1015625,15,-1,155
2671720,2609.1015625,1,-1,155
2678888,2616.1015625,115,-1,155
2679245,2616.4501953125,350,1,155
2679440,2616.640625,103,-1,155
2679462,2616.662109375,351,1,155
2687785,2624.7900390625,15,-1,156
2688181,2625.1767578125,350,1,156
2688232,2625.2265625,351,1,156
2688626,2625.611328125,350,1,156
2688653,2625.6376953125,351,1,156
2688807,2625.7880859375,1,-1,156
2695979,2632.7919921875,115,-1,156
2696097,2632.9072265625,350,1,156
2696171,2632.9794921875,351,1,156
2696192,2633,350,1,156
2696235,2633.0419921875,351,1,156
2696261,2633.0673828125,350,1,156
2696460,2633.26171875,103,-1,156
2696478,2633.279296875,351,1,156
2704804,2641.41015625,15,-1,157
2705828,2642.41015625,1,-1,157
2710379,2646.8544921875,350,1,157
2710436,2646.91015625,351,1,157
2710556,2647.02734375,350,1,157
2710616,2647.0859375,351,1,157
2711001,2647.4619140625,350,1,157
2711045,2647.5048828125,351,1,157
2711095,2647.5537109375,350,1,157
2711124,2647.58203125,351,1,157
2711206,2647.662109375,350,1,157
2711260,2647.71484375,351,1,157
2711398,2647.849609375,350,1,157
2711427,2647.8779296875,351,1,157
2711568,2648.015625,350,1,157
2711584,2648.03125,351,1,157
2712112,2648.546875,350,1,157
2712132,2648.56640625,351,1,157
2712453,2648.8798828125,350,1,157
2712481,2648.9072265625,351,1,157
2712742,2649.162109375,350,1,157
2712758,2649.177734375,351,1,157
2712998,2649.412109375,115,-1,157
2713097,2649.5087890625,350,1,157
2713115,2649.5263671875,351,1,157
2713189,2649.5986328125,350,1,157
2713219,2649.6279296875,351,1,157
2713245,2649.6533203125,350,1,157
2713391,2649.7958984375,350,0,157
2713412,2649.81640625,351,0,157
2713459,2649.8623046875,103,-1,157
2713512,2649.9140625,351,1,157
2721823,2658.0302734375,12,-1,158
2722847,2659.0302734375,1,-1,158
2726818,2662.908203125,350,1,158
2726867,2662.9560546875,351,1,158
2730016,2666.03125,112,-1,158
2730284,2666.29296875,350,0,158
2730472,2666.4765625,101,-1,158
2730567,2666.5693359375,351,0,158
2738796,2674.60546875,12,-1,159
2739820,2675.60546875,1,-1,159
2746989,2682.6064453125,112,-1,159
2747264,2682.875,350,0,159
2747321,2682.9306640625,351,0,159
2747356,2682.96484375,350,0,159
2747589,2683.1923828125,101,-1,159
2747609,2683.2119140625,351,0,159
2779143,2714.0068359375,13,-1,160
2779977,2714.8212890625,350,1,160
2780117,2714.9580078125,351,1,160
2780166,2715.005859375,1,-1,160
2784173,2718.9189453125,350,0,160
2784189,2718.9345703125,351,0,160
2787338,2722.009765625,113,-1,160
2787530,2722.197265625,350,0,160
2787546,2722.212890625,351,0,160
2787647,2722.3115234375,350,0,160
2787802,2722.462890625,101,-1,160
2787821,2722.4814453125,351,0,160
2800243,2734.6123046875,13,-1,161
2801266,2735.611328125,1,-1,161
2806892,2741.10546875,350,0,161
2806978,2741.189453125,351,0,161
2808437,2742.6142578125,113,-1,161
2808569,2742.7431640625,350,0,161
2808671,2742.8427734375,351,0,161
2808755,2742.9248046875,350,0,161
2808924,2743.08984375,101,-1,161
2808944,2743.109375,351,0,161
2821354,2755.228515625,16,-1,162
2822378,2756.228515625,1,-1,162
2823329,2757.1572265625,350,0,162
2823418,2757.244140625,351,0,162
2829549,2763.2314453125,116,-1,162
2829828,2763.50390625,350,1,162
2830008,2763.6796875,103,-1,162
2830051,2763.7216796875,351,1,162
2842426,2775.806640625,16,-1,163
2843450,2776.806640625,1,-1,163
2850621,2783.8095703125,116,-1,163
2851028,2784.20703125,350,1,163
2851170,2784.345703125,103,-1,163
2851200,2784.375,351,1,163
2863627,2796.5107421875,13,-1,164
2864650,2797.509765625,1,-1,164
2871820,2804.51171875,113,-1,164
2872120,2804.8046875,350,0,164
2872164,2804.84765625,351,0,164
2872178,2804.861328125,350,0,164
2872334,2805.013671875,101,-1,164
2872380,2805.05859375,351,0,164
2884781,2817.1689453125,16,-1,165
2885805,2818.1689453125,1,-1,165
2892976,2825.171875,116,-1,165
2893058,2825.251953125,350,1,165
2893085,2825.2783203125,351,1,165
2893156,2825.34765625,350,1,165
2893211,2825.4013671875,351,1,165
2893292,2825.48046875,350,1,165
2893521,2825.7041015625,103,-1,165
2893562,2825.744140625,351,1,165
2905949,2837.8408203125,13,-1,166
2906973,2838.8408203125,1,-1,166
2913794,2845.501953125,350,0,166
2913814,2845.521484375,351,0,166
2914142,2845.841796875,113,-1,166
2914492,2846.18359375,350,0,166
2914695,2846.3818359375,101,-1,166
2914703,2846.3896484375,351,0,166
2927146,2858.541015625,16,-1,167
2928171,2859.5419921875,1,-1,167
2935340,2866.54296875,116,-1,167
2935599,2866.7958984375,350,1,167
2935787,2866.9794921875,103,-1,167
2935797,2866.9892578125,351,1,167
2948223,2879.1240234375,16,-1,168
2949246,2880.123046875,1,-1,168
2956417,2887.1259765625,116,-1,168
2957206,2887.896484375,350,1,168
2957257,2887.9462890625,351,1,168
2957271,2887.9599609375,350,1,168
2957293,2887.9814453125,351,1,168
2957353,2888.0400390625,350,1,168
2957390,2888.076171875,351,1,168
2957457,2888.1416015625,350,1,168
2957550,2888.232421875,351,1,168
2957573,2888.2548828125,350,1,168
2957749,2888.4267578125,103,-1,168
2957767,2888.4443359375,351,1,168
2970186,2900.572265625,13,-1,169
2970218,2900.603515625,350,0,169
2970260,2900.64453125,351,0,169
2971210,2901.572265625,1,-1,169
2974531,2904.8154296875,350,1,169
2974598,2904.880859375,351,1,169
2978380,2908.57421875,113,-1,169
2978420,2908.61328125,350,0,169
2978487,2908.6787109375,351,0,169
2978523,2908.7138671875,350,0,169
2978545,2908.7353515625,351,0,169
2978558,2908.748046875,350,0,169
2978792,2908.9765625,351,0,169
2978817,2909.0009765625,350,0,169
2979167,2909.3427734375,101,-1,169
2979226,2909.400390625,351,0,169
2991618,2921.501953125,13,-1,170
2992642,2922.501953125,1,-1,170
2999813,2929.5048828125,113,-1,170
3000078,2929.763671875,350,0,170
3000327,2930.0068359375,101,-1,170
3000368,2930.046875,351,0,170
3012765,2942.1533203125,13,-1,171
3013788,2943.15234375,1,-1,171
3014057,2943.4150390625,350,0,171
3014108,2943.46484375,351,0,171
3014187,2943.5419921875,350,0,171
3014226,2943.580078125,351,0,171
3020777,2949.9775390625,350,0,171
3020837,2950.0361328125,351,0,171
3020877,2950.0751953125,350,0,171
3020920,2950.1171875,351,0,171
3020947,2950.1435546875,350,0,171
3020959,2950.1552734375,113,-1,171
3021020,2950.21484375,351,0,171
3021047,2950.2412109375,350,0,171
3021129,2950.3212890625,351,0,171
3021157,2950.3486328125,350,0,171
3021543,2950.7255859375,101,-1,171
3021552,2950.734375,351,0,171
3033981,2962.8720703125,13,-1,172
3035004,2963.87109375,1,-1,172
3041152,2969.875,350,0,172
3041213,2969.9345703125,351,0,172
3041316,2970.03515625,350,0,172
3041361,2970.0791015625,351,0,172
3041573,2970.2861328125,350,0,172
3041677,2970.3876953125,351,0,172
3041739,2970.4482421875,350,0,172
3041786,2970.494140625,351,0,172
3041829,2970.5361328125,350,0,172
3041872,2970.578125,351,0,172
3041971,2970.6748046875,350,0,172
3042072,2970.7734375,351,0,172
3042096,2970.796875,350,0,172
3042140,2970.83984375,351,0,172
3042160,2970.859375,350,0,172
3042175,2970.8740234375,113,-1,172
3042254,2970.951171875,351,0,172
3042268,2970.96484375,350,0,172
3042298,2970.994140625,351,0,172
3042340,2971.03515625,350,0,172
3042607,2971.2958984375,101,-1,172
3042635,2971.3232421875,351,0,172
3055059,2983.4560546875,16,-1,173
3056083,2984.4560546875,1,-1,173
3063254,2991.458984375,116,-1,173
3063459,2991.6591796875,350,1,173
3063504,2991.703125,351,1,173
3063612,2991.80859375,350,1,173
3063795,2991.9873046875,350,0,173
3063837,2992.0283203125,103,-1,173
3063848,2992.0390625,351,1,173
3063857,2992.0478515625,351,0,173
3076268,3004.16796875,13,-1,174
3077293,3005.1689453125,1,-1,174
3081686,3009.458984375,350,0,174
3081702,3009.474609375,351,0,174
3084461,3012.1689453125,113,-1,174
3084605,3012.3095703125,350,0,174
3084637,3012.3408203125,351,0,174
3084724,3012.42578125,350,0,174
3084794,3012.494140625,351,0,174
3084818,3012.517578125,350,0,174
3084865,3012.5634765625,351,0,174
3084891,3012.5888671875,350,0,174
3085172,3012.86328125,101,-1,174
3085226,3012.916015625,351,0,174
3097602,3025.001953125,16,-1,175
3098417,3025.7978515625,350,1,175
3098475,3025.8544921875,351,1,175
3098626,3026.001953125,1,-1,175
3104884,3032.11328125,350,1,175
3104910,3032.138671875,351,1,175
3105053,3032.2783203125,350,1,175
3105069,3032.2939453125,351,1,175
3105796,3033.00390625,116,-1,175
3106217,3033.4150390625,350,1,175
3106435,3033.6279296875,103,-1,175
3106460,3033.65234375,351,1,175
3118874,3045.775390625,13,-1,176
3119438,3046.326171875,350,0,176
3119516,3046.40234375,351,0,176
3119898,3046.775390625,1,-1,176
3119954,3046.830078125,350,0,176
3119976,3046.8515625,351,0,176
3119999,3046.8740234375,350,0,176
3120042,3046.916015625,351,0,176
3126920,3053.6328125,350,0,176
3127005,3053.7158203125,351,0,176
3127069,3053.7783203125,113,-1,176
3127350,3054.052734375,350,0,176
3127499,3054.1982421875,101,-1,176
3127506,3054.205078125,351,0,176
3139938,3066.345703125,16,-1,177
3140959,3067.3427734375,1,-1,177
3142105,3068.4619140625,350,1,177
3142186,3068.541015625,351,1,177
3142208,3068.5625,350,1,177
3142265,3068.6181640625,351,1,177
3147534,3073.763671875,350,0,177
3147614,3073.841796875,351,0,177
3147676,3073.90234375,350,0,177
3147747,3073.9716796875,351,0,177
3147797,3074.0205078125,350,0,177
3147841,3074.0634765625,351,0,177
3147896,3074.1171875,350,0,177
3147950,3074.169921875,351,0,177
3148009,3074.2275390625,350,0,177
3148042,3074.259765625,351,0,177
3148097,3074.3134765625,350,0,177
3148130,3074.345703125,116,-1,177
3148141,3074.3564453125,351,0,177
3148180,3074.39453125,350,0,177
3148251,3074.4638671875,351,0,177
3148322,3074.533203125,350,0,177
3148342,3074.552734375,351,0,177
3148390,3074.599609375,350,0,177
3148449,3074.6572265625,351,0,177
3148501,3074.7080078125,350,0,177
3148571,3074.7763671875,351,0,177
3148762,3074.962890625,350,1,177
3148801,3075.0009765625,350,0,177
3148863,3075.0615234375,351,0,177
3148973,3075.1689453125,103,-1,177
3149004,3075.19921875,351,1,177
3161411,3087.3154296875,13,-1,178
3162436,3088.31640625,1,-1,178
3169022,3094.748046875,350,0,178
3169114,3094.837890625,351,0,178
3169142,3094.865234375,350,0,178
3169177,3094.8994140625,351,0,178
3169541,3095.2548828125,350,0,178
3169601,3095.3134765625,351,0,178
3169605,3095.3173828125,113,-1,178
3169625,3095.3369140625,350,0,178
3169667,3095.3779296875,351,0,178
3169680,3095.390625,350,0,178
3169715,3095.4248046875,351,0,178
3169733,3095.4423828125,350,0,178
3169817,3095.5244140625,351,0,178
3169836,3095.54296875,350,0,178
3170036,3095.73828125,101,-1,178
3170079,3095.7802734375,351,0,178
3182478,3107.888671875,16,-1,179
3183501,3108.8876953125,1,-1,179
3190204,3115.43359375,350,1,179
3190249,3115.4775390625,351,1,179
3190428,3115.65234375,350,1,179
3190473,3115.6962890625,351,1,179
3190509,3115.7314453125,350,1,179
3190552,3115.7734375,351,1,179
3190629,3115.8486328125,350,1,179
3190671,3115.8896484375,351,1,179
3190672,3115.890625,116,-1,179
3190856,3116.0703125,350,1,179
3190890,3116.103515625,351,1,179
3190988,3116.19921875,350,1,179
3191055,3116.2646484375,351,1,179
3191076,3116.28515625,350,1,179
3191248,3116.453125,103,-1,179
3191290,3116.494140625,351,1,179
3216421,3141.0361328125,13,-1,180
3217445,3142.0361328125,1,-1,180
3224615,3149.0380859375,113,-1,180
3224803,3149.2216796875,350,0,180
3225037,3149.4501953125,351,0,180
3225039,3149.4521484375,101,-1,180
3237452,3161.57421875,13,-1,181
3238476,3162.57421875,1,-1,181
3239203,3163.2841796875,350,0,181
3239274,3163.353515625,351,0,181
3245647,3169.5771484375,113,-1,181
3246702,3170.607421875,350,0,181
3246919,3170.8193359375,101,-1,181
3246954,3170.853515625,351,0,181
3259367,3182.9755859375,16,-1,182
3260391,3183.9755859375,1,-1,182
3260553,3184.1337890625,350,1,182
3260571,3184.1513671875,351,1,182
3262713,3186.2431640625,350,1,182
3262781,3186.3095703125,351,1,182
3266534,3189.974609375,350,1,182
3266586,3190.025390625,351,1,182
3267042,3190.470703125,350,1,182
3267110,3190.537109375,351,1,182
3267290,3190.712890625,350,1,182
3267327,3190.7490234375,351,1,182
3267560,3190.9765625,116,-1,182
3267774,3191.185546875,350,1,182
3267996,3191.40234375,103,-1,182
3268006,3191.412109375,351,1,182
3280431,3203.5458984375,13,-1,183
3281455,3204.5458984375,1,-1,183
3288414,3211.341796875,350,0,183
3288480,3211.40625,351,0,183
3288624,3211.546875,113,-1,183
3288718,3211.638671875,350,0,183
3288784,3211.703125,351,0,183
3288798,3211.716796875,350,0,183
3288999,3211.9130859375,101,-1,183
3289014,3211.927734375,351,0,183
3301430,3224.052734375,16,-1,184
3302453,3225.0517578125,1,-1,184
3305331,3227.8623046875,350,1,184
3305348,3227.87890625,351,1,184
3308435,3230.8935546875,350,1,184
3308449,3230.9072265625,351,1,184
3309624,3232.0546875,116,-1,184
3309913,3232.3369140625,350,1,184
3310036,3232.45703125,103,-1,184
3310072,3232.4921875,351,1,184
3322474,3244.603515625,16,-1,185
3323497,3245.6025390625,1,-1,185
3330667,3252.6044921875,116,-1,185
3330985,3252.9150390625,350,1,185
3331153,3253.0791015625,103,-1,185
3331155,3253.0810546875,351,1,185
3343592,3265.2265625,16,-1,186
3344614,3266.224609375,1,-1,186
3348933,3270.4423828125,350,1,186
3348962,3270.470703125,351,1,186
3351608,3273.0546875,350,1,186
3351624,3273.0703125,351,1,186
3351784,3273.2265625,116,-1,186
3351814,3273.255859375,350,1,186
3351847,3273.2880859375,351,1,186
3351975,3273.4130859375,350,1,186
3351990,3273.427734375,351,1,186
3352090,3273.525390625,350,1,186
3352282,3273.712890625,103,-1,186
3352301,3273.7314453125,351,1,186
3364722,3285.861328125,13,-1,187
3365423,3286.5458984375,350,0,187
3365438,3286.560546875,351,0,187
3365465,3286.5869140625,350,0,187
3365495,3286.6162109375,351,0,187
3365746,3286.861328125,1,-1,187
3371869,3292.8408203125,350,0,187
3371884,3292.85546875,351,0,187
3372861,3293.8095703125,350,0,187
3372874,3293.822265625,351,0,187
3372895,3293.8427734375,350,0,187
3372917,3293.8642578125,113,-1,187
3372947,3293.8935546875,351,0,187
3373144,3294.0859375,350,0,187
3373341,3294.2783203125,101,-1,187
3373399,3294.3349609375,351,0,187
3385776,3306.421875,13,-1,188
3386801,3307.4228515625,1,-1,188
3391645,3312.1533203125,350,1,188
3391658,3312.166015625,351,1,188
3393686,3314.146484375,350,0,188
3393743,3314.2021484375,351,0,188
3393768,3314.2265625,350,0,188
3393810,3314.267578125,351,0,188
3393842,3314.298828125,350,0,188
3393880,3314.3359375,351,0,188
3393947,3314.4013671875,350,0,188
3393971,3314.4248046875,113,-1,188
3394012,3314.46484375,351,0,188
3394104,3314.5546875,350,0,188
3394214,3314.662109375,351,0,188
3394237,3314.6845703125,350,0,188
3394371,3314.8154296875,101,-1,188
3394456,3314.8984375,351,0,188
3406810,3326.962890625,13,-1,189
3407833,3327.9619140625,1,-1,189
3415003,3334.9638671875,113,-1,189
3415041,3335.0009765625,350,0,189
3415100,3335.05859375,351,0,189
3415121,3335.0791015625,350,0,189
3415199,3335.1552734375,351,0,189
3415213,3335.1689453125,350,0,189
3415464,3335.4140625,101,-1,189
3415492,3335.44140625,351,0,189
3427894,3347.552734375,16,-1,190
3428917,3348.5517578125,1,-1,190
3431141,3350.7236328125,350,0,190
3431180,3350.76171875,351,0,190
3436088,3355.5546875,116,-1,190
3436437,3355.8955078125,350,1,190
3436625,3356.0791015625,103,-1,190
3436669,3356.1220703125,351,1,190
3449050,3368.212890625,16,-1,191
3450073,3369.2119140625,1,-1,191
3457244,3376.21484375,116,-1,191
3457709,3376.6689453125,350,1,191
3458016,3376.96875,103,-1,191
3458024,3376.9765625,351,1,191
3470450,3389.111328125,16,-1,192
3471474,3390.111328125,1,-1,192
3471788,3390.41796875,350,1,192
3471830,3390.458984375,351,1,192
3472539,3391.1513671875,350,1,192
3472573,3391.1845703125,351,1,192
3473644,3392.23046875,350,0,192
3473704,3392.2890625,351,0,192
3478645,3397.1142578125,116,-1,192
3478787,3397.2529296875,350,1,192
3478803,3397.2685546875,351,1,192
3478923,3397.3857421875,350,1,192
3479014,3397.474609375,351,1,192
3479123,3397.5810546875,350,1,192
3479287,3397.7412109375,103,-1,192
3479334,3397.787109375,351,1,192
3491724,3409.88671875,16,-1,193
3492311,3410.4599609375,350,0,193
3492339,3410.4873046875,351,0,193
3492413,3410.5595703125,350,0,193
3492465,3410.6103515625,351,0,193
3492511,3410.6552734375,350,0,193
3492570,3410.712890625,351,0,193
3492650,3410.791015625,350,0,193
3492709,3410.8486328125,351,0,193
3492745,3410.8837890625,1,-1,193
3492764,3410.90234375,350,0,193
3492825,3410.9619140625,351,0,193
3496339,3414.3935546875,350,0,193
3496356,3414.41015625,351,0,193
3499917,3417.8876953125,116,-1,193
3500115,3418.0810546875,350,1,193
3500166,3418.130859375,351,1,193
3500245,3418.2080078125,350,1,193
3500267,3418.2294921875,351,1,193
3500469,3418.4267578125,350,1,193
3500497,3418.4541015625,351,1,193
3500570,3418.525390625,350,1,193
3500598,3418.552734375,351,1,193
3500645,3418.5986328125,350,1,193
3500862,3418.810546875,103,-1,193
3500908,3418.85546875,351,1,193
3513298,3430.955078125,13,-1,194
3514321,3431.9541015625,1,-1,194
3514803,3432.4248046875,350,0,194
3514865,3432.4853515625,351,0,194
3521407,3438.8740234375,350,0,194
3521491,3438.9560546875,113,-1,194
3521950,3439.404296875,101,-1,194
3521992,3439.4453125,351,0,194
3534373,3451.5361328125,13,-1,195
3535397,3452.5361328125,1,-1,195
3538147,3455.2216796875,350,0,195
3538188,3455.26171875,351,0,195
3541999,3458.9833984375,350,0,195
3542114,3459.095703125,351,0,195
3542152,3459.1328125,350,0,195
3542206,3459.185546875,351,0,195
3542222,3459.201171875,350,0,195
3542314,3459.291015625,351,0,195
3542345,3459.3212890625,350,0,195
3542567,3459.5380859375,113,-1,195
3542613,3459.5830078125,351,0,195
3542665,3459.6337890625,350,0,195
3542772,3459.73828125,351,0,195
3542809,3459.7744140625,350,0,195
3543143,3460.1005859375,101,-1,195
3543183,3460.1396484375,351,0,195
3555576,3472.2421875,16,-1,196
3556599,3473.2412109375,1,-1,196
3563771,3480.2451171875,116,-1,196
3564001,3480.4697265625,350,1,196
3564281,3480.7431640625,103,-1,196
3564310,3480.771484375,351,1,196
3576697,3492.8681640625,16,-1,197
3577470,3493.623046875,350,1,197
3577499,3493.6513671875,351,1,197
3577721,3493.8681640625,1,-1,197
3578882,3495.001953125,350,1,197
3578915,3495.0341796875,351,1,197
3579579,3495.6826171875,350,0,197
3579641,3495.7431640625,351,0,197
3584892,3500.87109375,116,-1,197
3585143,3501.1162109375,350,1,197
3585362,3501.330078125,103,-1,197
3585380,3501.34765625,351,1,197
3597799,3513.4755859375,13,-1,198
3598820,3514.47265625,1,-1,198
3602493,3518.0595703125,350,0,198
3602522,3518.087890625,351,0,198
3602569,3518.1337890625,350,0,198
3602625,3518.1884765625,351,0,198
3602670,3518.232421875,350,0,198
3602707,3518.2685546875,351,0,198
3603196,3518.74609375,350,0,198
3603256,3518.8046875,351,0,198
3605853,3521.3408203125,350,0,198
3605898,3521.384765625,351,0,198
3605991,3521.4755859375,113,-1,198
3606114,3521.595703125,350,0,198
3606174,3521.654296875,351,0,198
3606250,3521.728515625,350,0,198
3606522,3521.994140625,101,-1,198
3606568,3522.0390625,351,0,198
3618993,3534.1728515625,16,-1,199
3620015,3535.1708984375,1,-1,199
3626951,3541.9443359375,350,1,199
3627020,3542.01171875,351,1,199
3627186,3542.173828125,116,-1,199
3627212,3542.19921875,350,1,199
3627282,3542.267578125,351,1,199
3627312,3542.296875,350,1,199
3627397,3542.3798828125,351,1,199
3627421,3542.4033203125,350,1,199
3627645,3542.6220703125,103,-1,199
3627680,3542.65625,351,1,199
3645468,3560.02734375,11,-1,200
3645861,3560.4111328125,350,0,200
3645922,3560.470703125,351,0,200
3645958,3560.505859375,350,0,200
3646014,3560.560546875,351,0,200
3646038,3560.583984375,350,0,200
3646071,3560.6162109375,351,0,200
3646124,3560.66796875,350,0,200
3646259,3560.7998046875,351,0,200
3646273,3560.8134765625,350,0,200
3646305,3560.8447265625,351,0,200
3646320,3560.859375,350,0,200
3646394,3560.931640625,351,0,200
3646461,3560.9970703125,350,0,200
3646491,3561.0263671875,1,-1,200
3646530,3561.064453125,351,0,200
3647061,3561.5830078125,350,0,200
3647136,3561.65625,351,0,200
3647274,3561.791015625,350,0,200
3647333,3561.8486328125,351,0,200
3647378,3561.892578125,350,0,200
3647506,3562.017578125,351,0,200
3647528,3562.0390625,350,0,200
3647762,3562.267578125,351,0,200
3647829,3562.3330078125,350,0,200
3647962,3562.462890625,351,0,200
3647976,3562.4765625,350,0,200
3648019,3562.5185546875,351,0,200
3648047,3562.5458984375,350,0,200
3648089,3562.5869140625,351,0,200
3648118,3562.615234375,350,0,200
3648146,3562.642578125,351,0,200
3648270,3562.763671875,350,0,200
3648319,3562.8115234375,351,0,200
3648377,3562.8681640625,350,0,200
3648421,3562.9111328125,351,0,200
3648471,3562.9599609375,350,0,200
3648533,3563.0205078125,351,0,200
3648615,3563.1005859375,350,0,200
3648675,3563.1591796875,351,0,200
3648751,3563.2333984375,350,0,200
3648817,3563.2978515625,351,0,200
3653374,3567.748046875,350,0,200
3653417,3567.7900390625,351,0,200
3653660,3568.02734375,111,-1,200
3654071,3568.4287109375,350,0,200
3654104,3568.4609375,351,0,200
3654255,3568.6083984375,350,0,200
3654459,3568.8076171875,351,0,200
3654466,3568.814453125,101,-1,200
3656083,3570.3935546875,14,-1,201
3657107,3571.3935546875,1,-1,201
3660700,3574.90234375,350,1,201
3660721,3574.9228515625,351,1,201
3660860,3575.05859375,350,1,201
3660875,3575.0732421875,351,1,201
3660933,3575.1298828125,350,1,201
3660960,3575.15625,351,1,201
3661021,3575.2158203125,350,1,201
3661068,3575.26171875,351,1,201
3664276,3578.39453125,114,-1,201
3664816,3578.921875,350,1,201
3664997,3579.0986328125,103,-1,201
3665027,3579.1279296875,351,1,201
3666612,3580.67578125,11,-1,202
3667635,3581.6748046875,1,-1,202
3667739,3581.7763671875,350,1,202
3667785,3581.8212890625,351,1,202
3674805,3588.6767578125,111,-1,202
3675063,3588.9287109375,350,0,202
3675318,3589.177734375,101,-1,202
3675341,3589.2001953125,351,0,202
3676916,3590.73828125,14,-1,203
3677939,3591.7373046875,1,-1,203
3685110,3598.740234375,114,-1,203
3685399,3599.0224609375,350,1,203
3685462,3599.083984375,351,1,203
3685498,3599.119140625,350,1,203
3685659,3599.2763671875,103,-1,203
3685698,3599.314453125,351,1,203
3687270,3600.849609375,14,-1,204
3688294,3601.849609375,1,-1,204
3692803,3606.2529296875,350,1,204
3692819,3606.2685546875,351,1,204
3695342,3608.732421875,350,1,204
3695369,3608.7587890625,351,1,204
3695464,3608.8515625,114,-1,204
3695590,3608.974609375,350,1,204
3695649,3609.0322265625,351,1,204
3695663,3609.0458984375,350,1,204
3695719,3609.1005859375,351,1,204
3695780,3609.16015625,350,1,204
3695897,3609.2744140625,351,1,204
3695935,3609.3115234375,350,1,204
3696151,3609.5224609375,103,-1,204
3696180,3609.55078125,351,1,204
3697761,3611.0947265625,14,-1,205
3698785,3612.0947265625,1,-1,205
3700377,3613.6494140625,350,0,205
3700432,3613.703125,351,0,205
3704325,3617.5048828125,350,1,205
3704381,3617.5595703125,351,1,205
3705468,3618.62109375,350,1,205
3705539,3618.6904296875,351,1,205
3705575,3618.7255859375,350,1,205
3705620,3618.76953125,351,1,205
3705735,3618.8818359375,350,1,205
3705759,3618.9052734375,351,1,205
3705954,3619.095703125,114,-1,205
3705976,3619.1171875,350,1,205
3706082,3619.220703125,351,1,205
3706106,3619.244140625,350,1,205
3706135,3619.2724609375,351,1,205
3706170,3619.306640625,350,1,205
3706232,3619.3671875,351,1,205
3706257,3619.3916015625,350,1,205
3706442,3619.572265625,103,-1,205
3706484,3619.61328125,351,1,205
3708047,3621.1396484375,14,-1,206
3709072,3622.140625,1,-1,206
3716242,3629.142578125,114,-1,206
3716570,3629.462890625,350,1,206
3716653,3629.5439453125,351,1,206
3716677,3629.5673828125,350,1,206
3716840,3629.7265625,103,-1,206
3716862,3629.748046875,351,1,206
3718437,3631.2861328125,11,-1,207
3719460,3632.28515625,1,-1,207
3723482,3636.212890625,350,1,207
3723529,3636.2587890625,351,1,207
3725451,3638.1357421875,350,0,207
3725572,3638.25390625,351,0,207
3725589,3638.2705078125,350,0,207
3725715,3638.3935546875,351,0,207
3725818,3638.494140625,350,0,207
3725992,3638.6640625,351,0,207
3726016,3638.6875,350,0,207
3726106,3638.775390625,351,0,207
3726145,3638.8134765625,350,0,207
3726167,3638.8349609375,351,0,207
3726182,3638.849609375,350,0,207
3726207,3638.8740234375,351,0,207
3726389,3639.0517578125,350,0,207
3726452,3639.11328125,351,0,207
3726599,3639.2568359375,350,0,207
3726632,3639.2890625,111,-1,207
3726664,3639.3203125,351,0,207
3726690,3639.345703125,350,0,207
3726723,3639.3779296875,351,0,207
3726755,3639.4091796875,350,0,207
3726849,3639.5009765625,351,0,207
3726871,3639.5224609375,350,0,207
3727053,3639.7001953125,351,0,207
3727074,3639.720703125,350,0,207
3727081,3639.7275390625,101,-1,207
3727114,3639.759765625,351,0,207
3728689,3641.2978515625,14,-1,208
3729713,3642.2978515625,1,-1,208
3733256,3645.7578125,350,0,208
3733304,3645.8046875,351,0,208
3735774,3648.216796875,350,1,208
3735836,3648.27734375,351,1,208
3735859,3648.2998046875,350,1,208
3735910,3648.349609375,351,1,208
3736020,3648.45703125,350,1,208
3736102,3648.537109375,351,1,208
3736883,3649.2998046875,114,-1,208
3737239,3649.6474609375,350,1,208
3737395,3649.7998046875,103,-1,208
3737411,3649.8154296875,351,1,208
3738991,3651.3583984375,11,-1,209
3739037,3651.4033203125,350,0,209
3739128,3651.4921875,351,0,209
3740016,3652.359375,1,-1,209
3744220,3656.46484375,350,1,209
3744312,3656.5546875,351,1,209
3747185,3659.3603515625,111,-1,209
3747660,3659.82421875,350,0,209
3747821,3659.9814453125,101,-1,209
3747834,3659.994140625,351,0,209
3749430,3661.552734375,11,-1,210
3749560,3661.6796875,350,1,210
3749647,3661.7646484375,351,1,210
3750454,3662.552734375,1,-1,210
3757625,3669.5556640625,111,-1,210
3758187,3670.1044921875,350,0,210
3758255,3670.1708984375,351,0,210
3758269,3670.1845703125,350,0,210
3758317,3670.2314453125,351,0,210
3758341,3670.2548828125,101,-1,210
3759939,3671.8154296875,14,-1,211
3760960,3672.8125,1,-1,211
3768131,3679.8154296875,114,-1,211
3768564,3680.23828125,350,1,211
3768763,3680.4326171875,103,-1,211
3768793,3680.4619140625,351,1,211
3770377,3682.0087890625,11,-1,212
3771401,3683.0087890625,1,-1,212
3776348,3687.83984375,350,0,212
3776382,3687.873046875,351,0,212
3776402,3687.892578125,350,0,212
3776446,3687.935546875,351,0,212
3778571,3690.0107421875,111,-1,212
3778828,3690.26171875,350,0,212
3778885,3690.3173828125,351,0,212
3778909,3690.3408203125,350,0,212
3779069,3690.4970703125,351,0,212
3779415,3690.8349609375,350,0,212
3779457,3690.8759765625,351,0,212
3779677,3691.0908203125,350,0,212
3779843,3691.2529296875,101,-1,212
3779863,3691.2724609375,351,0,212
3781448,3692.8203125,14,-1,213
3782471,3693.8193359375,1,-1,213
3782524,3693.87109375,350,1,213
3782627,3693.9716796875,351,1,213
3782676,3694.01953125,350,1,213
3782747,3694.0888671875,351,1,213
3782802,3694.142578125,350,1,213
3782916,3694.25390625,351,1,213
3782954,3694.291015625,350,1,213
3783030,3694.365234375,351,1,213
3783369,3694.6962890625,350,1,213
3783428,3694.75390625,351,1,213
3783520,3694.84375,350,1,213
3783579,3694.9013671875,351,1,213
3783919,3695.2333984375,350,1,213
3783948,3695.26171875,351,1,213
3784184,3695.4921875,350,1,213
3784223,3695.5302734375,351,1,213
3787780,3699.00390625,350,1,213
3787805,3699.0283203125,351,1,213
3789464,3700.6484375,350,1,213
3789536,3700.71875,351,1,213
3789643,3700.8232421875,114,-1,213
3789769,3700.9462890625,350,1,213
3789845,3701.0205078125,351,1,213
3789907,3701.0810546875,350,1,213
3790081,3701.2509765625,103,-1,213
3790137,3701.3056640625,351,1,213
3791684,3702.81640625,14,-1,214
3792706,3703.814453125,1,-1,214
3799875,3710.8154296875,114,-1,214
3800181,3711.1142578125,350,1,214
3800348,3711.27734375,103,-1,214
3800370,3711.298828125,351,1,214
3801953,3712.8447265625,14,-1,215
3802976,3713.84375,1,-1,215
3810146,3720.845703125,114,-1,215
3810466,3721.158203125,350,1,215
3810628,3721.31640625,103,-1,215
3810669,3721.3564453125,351,1,215
3812240,3722.890625,11,-1,216
3813263,3723.8896484375,1,-1,216
3820316,3730.77734375,350,0,216
3820435,3730.8935546875,111,-1,216
3820572,3731.02734375,351,0,216
3820642,3731.095703125,350,0,216
3820735,3731.1865234375,351,0,216
3820749,3731.2001953125,350,0,216
3820954,3731.400390625,101,-1,216
3820985,3731.4306640625,351,0,216
3822560,3732.96875,14,-1,217
3823585,3733.9697265625,1,-1,217
3824746,3735.103515625,350,0,217
3824797,3735.1533203125,351,0,217
3830227,3740.4560546875,350,1,217
3830288,3740.515625,351,1,217
3830755,3740.9716796875,114,-1,217
3831000,3741.2109375,350,1,217
3831177,3741.3837890625,103,-1,217
3831220,3741.42578125,351,1,217
3832779,3742.9482421875,11,-1,218
3833802,3743.947265625,1,-1,218
3839952,3749.953125,350,0,218
3840033,3750.0322265625,351,0,218
3840653,3750.6376953125,350,0,218
3840731,3750.7138671875,351,0,218
3840745,3750.7275390625,350,0,218
3840821,3750.8017578125,351,0,218
3840973,3750.9501953125,111,-1,218
3841230,3751.201171875,350,0,218
3841415,3751.3818359375,101,-1,218
3841457,3751.4228515625,351,0,218
3843013,3752.9423828125,14,-1,219
3844039,3753.9443359375,1,-1,219
3851207,3760.9443359375,114,-1,219
3851491,3761.2216796875,350,1,219
3851645,3761.3720703125,103,-1,219
3851714,3761.439453125,351,1,219
3853248,3762.9375,11,-1,220
3854273,3763.9384765625,1,-1,220
3855153,3764.7978515625,350,0,220
3855181,3764.8251953125,351,0,220
3855653,3765.2861328125,350,0,220
3855744,3765.375,351,0,220
3855835,3765.4638671875,350,0,220
3855891,3765.5185546875,351,0,220
3855927,3765.5537109375,350,0,220
3855999,3765.6240234375,351,0,220
3856117,3765.7392578125,350,0,220
3856178,3765.798828125,351,0,220
3858830,3768.388671875,350,1,220
3858902,3768.458984375,351,1,220
3860507,3770.0263671875,350,0,220
3860603,3770.1201171875,351,0,220
3860678,3770.193359375,350,0,220
3860738,3770.251953125,351,0,220
3861444,3770.94140625,111,-1,220
3861688,3771.1796875,350,0,220
3861875,3771.3623046875,101,-1,220
3861942,3771.427734375,351,0,220
3863497,3772.9462890625,11,-1,221
3864520,3773.9453125,1,-1,221
3864781,3774.2001953125,350,0,221
3864799,3774.2177734375,351,0,221
3867623,3776.9755859375,350,1,221
3867686,3777.037109375,351,1,221
3869624,3778.9296875,350,0,221
3869685,3778.9892578125,351,0,221
3871690,3780.947265625,111,-1,221
3871985,3781.2353515625,350,0,221
3872172,3781.41796875,101,-1,221
3872173,3781.4189453125,351,0,221
3873782,3782.990234375,11,-1,222
3874806,3783.990234375,1,-1,222
3875988,3785.14453125,350,1,222
3876003,3785.1591796875,351,1,222
3881162,3790.197265625,350,0,222
3881212,3790.24609375,351,0,222
3881976,3790.9921875,111,-1,222
3882246,3791.255859375,350,0,222
3882434,3791.439453125,101,-1,222
3882456,3791.4609375,351,0,222
3884032,3793,11,-1,223
3885056,3794,1,-1,223
3892227,3801.0029296875,111,-1,223
3892435,3801.2060546875,350,0,223
3892510,3801.279296875,351,0,223
3892535,3801.3037109375,350,0,223
3892736,3801.5,101,-1,223
3892755,3801.5185546875,351,0,223
3894338,3803.064453125,14,-1,224
3895362,3804.064453125,1,-1,224
3899481,3808.0869140625,350,1,224
3899550,3808.154296875,351,1,224
3899746,3808.345703125,350,1,224
3899803,3808.4013671875,351,1,224
3899830,3808.427734375,350,1,224
3899862,3808.458984375,351,1,224
3899937,3808.5322265625,350,1,224
3899994,3808.587890625,351,1,224
3900172,3808.76171875,350,1,224
3900209,3808.7978515625,351,1,224
3900758,3809.333984375,350,1,224
3900872,3809.4453125,351,1,224
3900905,3809.4775390625,350,1,224
3900939,3809.5107421875,351,1,224
3900981,3809.5517578125,350,1,224
3901035,3809.6044921875,351,1,224
3901059,3809.6279296875,350,1,224
3901116,3809.68359375,351,1,224
3901257,3809.8212890625,350,1,224
3901279,3809.8427734375,351,1,224
3901328,3809.890625,350,1,224
3901378,3809.939453125,351,1,224
3901499,3810.0576171875,350,1,224
3901541,3810.0986328125,351,1,224
3901864,3810.4140625,350,1,224
3901921,3810.4697265625,351,1,224
3901960,3810.5078125,350,1,224
3902013,3810.5595703125,351,1,224
3902038,3810.583984375,350,1,224
3902077,3810.6220703125,351,1,224
3902102,3810.646484375,350,1,224
3902158,3810.701171875,351,1,224
3902321,3810.8603515625,350,1,224
3902416,3810.953125,351,1,224
3902433,3810.9697265625,350,1,224
3902477,3811.0126953125,351,1,224
3902502,3811.037109375,350,1,224
3902532,3811.06640625,114,-1,224
3902539,3811.0732421875,351,1,224
3902586,3811.119140625,350,1,224
3902613,3811.1455078125,351,1,224
3903075,3811.5966796875,350,1,224
3903242,3811.759765625,103,-1,224
3903319,3811.8349609375,351,1,224
3904846,3813.326171875,11,-1,225
3905870,3814.326171875,1,-1,225
3913041,3821.3291015625,111,-1,225
3913340,3821.62109375,350,0,225
3913530,3821.806640625,101,-1,225
3913592,3821.8671875,351,0,225
3915132,3823.37109375,14,-1,226
3915239,3823.4755859375,350,1,226
3915261,3823.4970703125,351,1,226
3915275,3823.5107421875,350,1,226
3915301,3823.5361328125,351,1,226
3915326,3823.560546875,350,1,226
3915368,3823.6015625,351,1,226
3915406,3823.638671875,350,1,226
3915458,3823.689453125,351,1,226
3915490,3823.720703125,350,1,226
3915540,3823.76953125,351,1,226
3915566,3823.794921875,350,1,226
3915812,3824.03515625,351,1,226
3915818,3824.041015625,350,0,226
3915894,3824.115234375,351,0,226
3916156,3824.37109375,1,-1,226
3916625,3824.8291015625,350,1,226
3916749,3824.9501953125,351,1,226
3918720,3826.875,350,1,226
3918779,3826.9326171875,351,1,226
3923326,3831.373046875,114,-1,226
3923805,3831.8408203125,350,1,226
3923881,3831.9150390625,351,1,226
3923935,3831.9677734375,350,1,226
3924144,3832.171875,351,1,226
3924148,3832.17578125,103,-1,226
3925761,3833.7509765625,11,-1,227
3926785,3834.7509765625,1,-1,227
3933460,3841.26953125,350,0,227
3933527,3841.3349609375,351,0,227
3933956,3841.75390625,111,-1,227
3933962,3841.759765625,350,0,227
3934001,3841.7978515625,351,0,227
3934323,3842.1123046875,350,0,227
3934572,3842.35546875,101,-1,227
3934599,3842.3818359375,351,0,227
3936184,3843.9296875,11,-1,228
3937207,3844.9287109375,1,-1,228
3944378,3851.931640625,111,-1,228
3944689,3852.2353515625,350,1,228
3944731,3852.2763671875,351,1,228
3944764,3852.30859375,350,0,228
3945058,3852.595703125,101,-1,228
3945061,3852.5986328125,351,0,228
3946656,3854.15625,14,-1,229
3947392,3854.875,350,0,229
3947491,3854.9716796875,351,0,229
3947681,3855.1572265625,1,-1,229
3953491,3860.8310546875,350,1,229
3953609,3860.9462890625,351,1,229
3954852,3862.16015625,114,-1,229
3955221,3862.5205078125,350,1,229
3955385,3862.6806640625,351,1,229
3955392,3862.6875,103,-1,229
3956995,3864.2529296875,11,-1,230
3958018,3865.251953125,1,-1,230
3959091,3866.2998046875,350,0,230
3959203,3866.4091796875,351,0,230
3959245,3866.4501953125,350,0,230
3959296,3866.5,351,0,230
3959318,3866.521484375,350,0,230
3959337,3866.5400390625,351,0,230
3959376,3866.578125,350,0,230
3959429,3866.6298828125,351,0,230
3959511,3866.7099609375,350,0,230
3959591,3866.7880859375,351,0,230
3960385,3867.5634765625,350,0,230
3960432,3867.609375,351,0,230
3960463,3867.6396484375,350,0,230
3960533,3867.7080078125,351,0,230
3960619,3867.7919921875,350,0,230
3960668,3867.83984375,351,0,230
3965188,3872.25390625,111,-1,230
3965520,3872.578125,350,0,230
3965707,3872.7607421875,351,0,230
3965730,3872.783203125,350,0,230
3965847,3872.8974609375,101,-1,230
3965863,3872.9130859375,351,0,230
3967451,3874.4638671875,14,-1,231
3968474,3875.462890625,1,-1,231
3969789,3876.7470703125,350,1,231
3969809,3876.7666015625,351,1,231
3972869,3879.7548828125,350,1,231
3972956,3879.83984375,351,1,231
3975416,3882.2421875,350,1,231
3975448,3882.2734375,351,1,231
3975645,3882.4658203125,114,-1,231
3975683,3882.5029296875,350,0,231
3975731,3882.5498046875,351,0,231
3975921,3882.7353515625,350,1,231
3976105,3882.9150390625,103,-1,231
3976158,3882.966796875,351,1,231
3977704,3884.4765625,14,-1,232
3978728,3885.4765625,1,-1,232
3985897,3892.4775390625,114,-1,232
3986190,3892.763671875,350,1,232
3986358,3892.927734375,103,-1,232
3986390,3892.958984375,351,1,232
3987955,3894.4873046875,11,-1,233
3988978,3895.486328125,1,-1,233
3995233,3901.5947265625,350,0,233
3995333,3901.6923828125,351,0,233
3995437,3901.7939453125,350,0,233
3995474,3901.830078125,351,0,233
3995508,3901.86328125,350,0,233
3995538,3901.892578125,351,0,233
3995584,3901.9375,350,0,233
3995625,3901.9775390625,351,0,233
3995738,3902.087890625,350,0,233
3995879,3902.2255859375,351,0,233
3995930,3902.275390625,350,0,233
3996150,3902.490234375,111,-1,233
3996192,3902.53125,351,0,233
3996226,3902.564453125,350,0,233
3996281,3902.6181640625,351,0,233
3996300,3902.63671875,350,0,233
3996330,3902.666015625,351,0,233
3996376,3902.7109375,350,0,233
3996634,3902.962890625,351,0,233
3996844,3903.16796875,350,0,233
3997044,3903.36328125,351,0,233
3997067,3903.3857421875,350,0,233
3997109,3903.4267578125,351,0,233
3997173,3903.4892578125,350,0,233
3997258,3903.572265625,351,0,233
3997287,3903.6005859375,350,0,233
3997492,3903.80078125,101,-1,233
3997501,3903.8095703125,351,0,233
3999095,3905.3662109375,11,-1,234
4000119,3906.3662109375,1,-1,234
4003533,3909.7001953125,350,0,234
4003611,3909.7763671875,351,0,234
4006756,3912.84765625,350,0,234
4006838,3912.927734375,351,0,234
4006888,3912.9765625,350,0,234
4006971,3913.0576171875,351,0,234
4007124,3913.20703125,350,0,234
4007218,3913.298828125,351,0,234
4007289,3913.3681640625,111,-1,234
4007512,3913.5859375,350,0,234
4007678,3913.748046875,101,-1,234
4007723,3913.7919921875,351,0,234
4009291,3915.3232421875,14,-1,235
4010312,3916.3203125,1,-1,235
4014331,3920.2451171875,350,1,235
4014360,3920.2734375,351,1,235
4014399,3920.3115234375,350,1,235
4014454,3920.365234375,351,1,235
4014717,3920.6220703125,350,1,235
4014876,3920.77734375,351,1,235
4014918,3920.818359375,350,1,235
4015145,3921.0400390625,351,1,235
4015178,3921.072265625,350,1,235
4015198,3921.091796875,351,1,235
4015216,3921.109375,350,1,235
4015422,3921.310546875,351,1,235
4015436,3921.32421875,350,1,235
4015491,3921.3779296875,351,1,235
4015509,3921.3955078125,350,1,235
4015576,3921.4609375,351,1,235
4015774,3921.654296875,350,1,235
4015846,3921.724609375,351,1,235
4015888,3921.765625,350,1,235
4016065,3921.9384765625,351,1,235
4016079,3921.9521484375,350,1,235
4016335,3922.2021484375,351,1,235
4016358,3922.224609375,350,1,235
4016424,3922.2890625,351,1,235
4016450,3922.314453125,350,1,235
4016483,3922.3466796875,351,1,235
4016503,3922.3662109375,350,1,235
4016572,3922.43359375,351,1,235
4016597,3922.4580078125,350,1,235
4016734,3922.591796875,351,1,235
4016762,3922.619140625,350,1,235
4016830,3922.685546875,351,1,235
4016865,3922.7197265625,350,1,235
4017019,3922.8701171875,351,1,235
4017044,3922.89453125,350,1,235
4017090,3922.939453125,351,1,235
4017109,3922.9580078125,350,1,235
4017129,3922.9775390625,351,1,235
4017147,3922.9951171875,350,1,235
4017257,3923.1025390625,351,1,235
4017271,3923.1162109375,350,1,235
4017306,3923.150390625,351,1,235
4017325,3923.1689453125,350,1,235
4017344,3923.1875,351,1,235
4017362,3923.205078125,350,1,235
4017432,3923.2734375,351,1,235
4017459,3923.2998046875,350,1,235
4017482,3923.322265625,114,-1,235
4017517,3923.3564453125,351,1,235
4017543,3923.3818359375,350,1,235
4017558,3923.396484375,351,1,235
4017582,3923.419921875,350,1,235
4017634,3923.470703125,351,1,235
4017661,3923.4970703125,350,1,235
4017903,3923.7333984375,351,1,235
4017911,3923.7412109375,103,-1,235
4019524,3925.31640625,14,-1,236
4020547,3926.3154296875,1,-1,236
4025457,3931.1103515625,350,1,236
4025540,3931.19140625,351,1,236
4025576,3931.2265625,350,1,236
4025594,3931.244140625,351,1,236
4026006,3931.646484375,350,1,236
4026109,3931.7470703125,351,1,236
4026534,3932.162109375,350,1,236
4026727,3932.3505859375,351,1,236
4026866,3932.486328125,350,1,236
4026940,3932.55859375,351,1,236
4026960,3932.578125,350,1,236
4026976,3932.59375,351,1,236
4026991,3932.6083984375,350,1,236
4027116,3932.73046875,351,1,236
4027170,3932.783203125,350,1,236
4027276,3932.88671875,351,1,236
4027322,3932.931640625,350,1,236
4027377,3932.9853515625,351,1,236
4027391,3932.9990234375,350,1,236
4027448,3933.0546875,351,1,236
4027483,3933.0888671875,350,1,236
4027527,3933.1318359375,351,1,236
4027597,3933.2001953125,350,1,236
4027654,3933.255859375,351,1,236
4027718,3933.318359375,114,-1,236
4027755,3933.3544921875,350,1,236
4027831,3933.4287109375,351,1,236
4027962,3933.556640625,350,1,236
4028159,3933.7490234375,103,-1,236
4028172,3933.76171875,351,1,236
4029757,3935.3095703125,11,-1,237
4030782,3936.310546875,1,-1,237
4034813,3940.2470703125,350,0,237
4034829,3940.2626953125,351,0,237
4034895,3940.3271484375,350,0,237
4034955,3940.3857421875,351,0,237
4035865,3941.2744140625,350,0,237
4035897,3941.3056640625,351,0,237
4035935,3941.3427734375,350,0,237
4035981,3941.3876953125,351,0,237
4036037,3941.4423828125,350,0,237
4036125,3941.5283203125,351,0,237
4036166,3941.568359375,350,0,237
4036203,3941.6044921875,351,0,237
4036248,3941.6484375,350,0,237
4036492,3941.88671875,351,0,237
4036511,3941.9052734375,350,0,237
4036625,3942.0166015625,351,0,237
4036657,3942.0478515625,350,0,237
4036701,3942.0908203125,351,0,237
4036982,3942.365234375,350,0,237
4037037,3942.4189453125,351,0,237
4037306,3942.681640625,350,0,237
4037375,3942.7490234375,351,0,237
4037553,3942.9228515625,350,0,237
4037668,3943.03515625,351,0,237
4037767,3943.1318359375,350,0,237
4037837,3943.2001953125,351,0,237
4037934,3943.294921875,350,0,237
4037952,3943.3125,111,-1,237
4037973,3943.3330078125,351,0,237
4038043,3943.4013671875,350,0,237
4038062,3943.419921875,351,0,237
4038130,3943.486328125,350,0,237
4038411,3943.7607421875,101,-1,237
4038429,3943.7783203125,351,0,237
4040011,3945.3232421875,14,-1,238
4041034,3946.322265625,1,-1,238
4048205,3953.3251953125,114,-1,238
4048541,3953.6533203125,350,1,238
4048703,3953.8115234375,103,-1,238
4048738,3953.845703125,351,1,238
4050314,3955.384765625,11,-1,239
4051338,3956.384765625,1,-1,239
4055251,3960.2060546875,350,0,239
4055337,3960.2900390625,351,0,239
4055387,3960.3388671875,350,0,239
4055453,3960.4033203125,351,0,239
4055507,3960.4560546875,350,0,239
4055552,3960.5,351,0,239
4055581,3960.5283203125,350,0,239
4055619,3960.5654296875,351,0,239
4055663,3960.6083984375,350,0,239
4055712,3960.65625,351,0,239
4055754,3960.697265625,350,0,239
4055832,3960.7734375,351,0,239
4055859,3960.7998046875,350,0,239
4055909,3960.8486328125,351,0,239
4055949,3960.8876953125,350,0,239
4056122,3961.056640625,351,0,239
4056142,3961.076171875,350,0,239
4056253,3961.1845703125,351,0,239
4056270,3961.201171875,350,0,239
4056409,3961.3369140625,351,0,239
4056424,3961.3515625,350,0,239
4056471,3961.3974609375,351,0,239
4056539,3961.4638671875,350,0,239
4056590,3961.513671875,351,0,239
4056609,3961.5322265625,350,0,239
4056636,3961.55859375,351,0,239
4056656,3961.578125,350,0,239
4056690,3961.611328125,351,0,239
4056714,3961.634765625,350,0,239
4056750,3961.669921875,351,0,239
4056772,3961.69140625,350,0,239
4056805,3961.7236328125,351,0,239
4056918,3961.833984375,350,0,239
4057031,3961.9443359375,351,0,239
4057062,3961.974609375,350,0,239
4057165,3962.0751953125,351,0,239
4057190,3962.099609375,350,0,239
4057250,3962.158203125,351,0,239
4057287,3962.1943359375,350,0,239
4057384,3962.2890625,351,0,239
4057479,3962.3818359375,350,0,239
4057541,3962.4423828125,351,0,239
4057576,3962.4765625,350,0,239
4057620,3962.51953125,351,0,239
4057633,3962.5322265625,350,0,239
4057676,3962.57421875,351,0,239
4057731,3962.6279296875,350,0,239
4057817,3962.7119140625,351,0,239
4058322,3963.205078125,350,0,239
4058391,3963.2724609375,351,0,239
4058510,3963.388671875,111,-1,239
4058526,3963.404296875,350,0,239
4058569,3963.4462890625,351,0,239
4058666,3963.541015625,350,0,239
4058894,3963.763671875,351,0,239
4059034,3963.900390625,350,0,239
4059095,3963.9599609375,351,0,239
4059134,3963.998046875,350,0,239
4059183,3964.0458984375,351,0,239
4059209,3964.0712890625,350,0,239
4059274,3964.134765625,351,0,239
4059297,3964.1572265625,350,0,239
4059328,3964.1875,351,0,239
4059386,3964.244140625,350,0,239
4059423,3964.2802734375,351,0,239
4059438,3964.294921875,350,0,239
4059629,3964.4814453125,101,-1,239
4059639,3964.4912109375,351,0,239
