sample,time,code,chan,trialIdx,trialRawTmin.sample,trialRawTmin.time,trialRawT0.sample,trialRawT0.time,trialRawTmax.sample,trialRawTmax.time
308,0.0,15,-1,0,22105,21.5869140625,22413,21.8876953125,35725,34.8876953125
1330,0.998046875,1,-1,0,22105,21.5869140625,22413,21.8876953125,35725,34.8876953125
1959,1.6123046875,350,1,0,22105,21.5869140625,22413,21.8876953125,35725,34.8876953125
2038,1.689453125,351,1,0,22105,21.5869140625,22413,21.8876953125,35725,34.8876953125
2062,1.712890625,350,1,0,22105,21.5869140625,22413,21.8876953125,35725,34.8876953125
2124,1.7734375,351,1,0,22105,21.5869140625,22413,21.8876953125,35725,34.8876953125
2841,2.4736328125,350,1,0,22105,21.5869140625,22413,21.8876953125,35725,34.8876953125
2875,2.5068359375,351,1,0,22105,21.5869140625,22413,21.8876953125,35725,34.8876953125
8500,8.0,115,-1,0,22105,21.5869140625,22413,21.8876953125,35725,34.8876953125
9396,8.875,350,1,0,22105,21.5869140625,22413,21.8876953125,35725,34.8876953125
9410,8.888671875,351,1,0,22105,21.5869140625,22413,21.8876953125,35725,34.8876953125
9493,8.9697265625,350,1,0,22105,21.5869140625,22413,21.8876953125,35725,34.8876953125
9637,9.1103515625,103,-1,0,22105,21.5869140625,22413,21.8876953125,35725,34.8876953125
9665,9.1376953125,351,1,0,22105,21.5869140625,22413,21.8876953125,35725,34.8876953125
308,0.0,12,-1,1,39783,38.8505859375,40091,39.1513671875,53403,52.1513671875
1332,1.0,1,-1,1,39783,38.8505859375,40091,39.1513671875,53403,52.1513671875
8503,8.0029296875,112,-1,1,39783,38.8505859375,40091,39.1513671875,53403,52.1513671875
9295,8.7763671875,350,0,1,39783,38.8505859375,40091,39.1513671875,53403,52.1513671875
9379,8.8583984375,351,0,1,39783,38.8505859375,40091,39.1513671875,53403,52.1513671875
9392,8.87109375,350,0,1,39783,38.8505859375,40091,39.1513671875,53403,52.1513671875
9539,9.0146484375,101,-1,1,39783,38.8505859375,40091,39.1513671875,53403,52.1513671875
9558,9.033203125,351,0,1,39783,38.8505859375,40091,39.1513671875,53403,52.1513671875
308,0.0,12,-1,2,57341,55.9970703125,57649,56.2978515625,70961,69.2978515625
1331,0.9990234375,1,-1,2,57341,55.9970703125,57649,56.2978515625,70961,69.2978515625
8502,8.001953125,112,-1,2,57341,55.9970703125,57649,56.2978515625,70961,69.2978515625
9372,8.8515625,350,0,2,57341,55.9970703125,57649,56.2978515625,70961,69.2978515625
9531,9.0068359375,101,-1,2,57341,55.9970703125,57649,56.2978515625,70961,69.2978515625
9553,9.0283203125,351,0,2,57341,55.9970703125,57649,56.2978515625,70961,69.2978515625
308,0.0,12,-1,3,74923,73.1669921875,75231,73.4677734375,88543,86.4677734375
1332,1.0,1,-1,3,74923,73.1669921875,75231,73.4677734375,88543,86.4677734375
5512,5.08203125,350,1,3,74923,73.1669921875,75231,73.4677734375,88543,86.4677734375
5536,5.10546875,351,1,3,74923,73.1669921875,75231,73.4677734375,88543,86.4677734375
8502,8.001953125,112,-1,3,74923,73.1669921875,75231,73.4677734375,88543,86.4677734375
9318,8.798828125,350,0,3,74923,73.1669921875,75231,73.4677734375,88543,86.4677734375
9445,8.9228515625,101,-1,3,74923,73.1669921875,75231,73.4677734375,88543,86.4677734375
9473,8.9501953125,351,0,3,74923,73.1669921875,75231,73.4677734375,88543,86.4677734375
308,0.0,15,-1,4,92401,90.2353515625,92709,90.5361328125,106021,103.5361328125
1329,0.9970703125,1,-1,4,92401,90.2353515625,92709,90.5361328125,106021,103.5361328125
8500,8.0,115,-1,4,92401,90.2353515625,92709,90.5361328125,106021,103.5361328125
8951,8.4404296875,350,1,4,92401,90.2353515625,92709,90.5361328125,106021,103.5361328125
8999,8.4873046875,351,1,4,92401,90.2353515625,92709,90.5361328125,106021,103.5361328125
9046,8.533203125,350,1,4,92401,90.2353515625,92709,90.5361328125,106021,103.5361328125
9317,8.7978515625,103,-1,4,92401,90.2353515625,92709,90.5361328125,106021,103.5361328125
9356,8.8359375,351,1,4,92401,90.2353515625,92709,90.5361328125,106021,103.5361328125
308,0.0,15,-1,5,109756,107.18359375,110064,107.484375,123376,120.484375
1331,0.9990234375,1,-1,5,109756,107.18359375,110064,107.484375,123376,120.484375
4722,4.310546875,350,0,5,109756,107.18359375,110064,107.484375,123376,120.484375
4739,4.3271484375,351,0,5,109756,107.18359375,110064,107.484375,123376,120.484375
8501,8.0009765625,115,-1,5,109756,107.18359375,110064,107.484375,123376,120.484375
9112,8.59765625,350,1,5,109756,107.18359375,110064,107.484375,123376,120.484375
9333,8.8134765625,103,-1,5,109756,107.18359375,110064,107.484375,123376,120.484375
9390,8.869140625,351,1,5,109756,107.18359375,110064,107.484375,123376,120.484375
308,0.0,15,-1,6,127133,124.1533203125,127441,124.4541015625,140753,137.4541015625
1332,1.0,1,-1,6,127133,124.1533203125,127441,124.4541015625,140753,137.4541015625
8502,8.001953125,115,-1,6,127133,124.1533203125,127441,124.4541015625,140753,137.4541015625
8889,8.3798828125,350,1,6,127133,124.1533203125,127441,124.4541015625,140753,137.4541015625
8929,8.4189453125,351,1,6,127133,124.1533203125,127441,124.4541015625,140753,137.4541015625
9001,8.4892578125,350,1,6,127133,124.1533203125,127441,124.4541015625,140753,137.4541015625
9227,8.7099609375,103,-1,6,127133,124.1533203125,127441,124.4541015625,140753,137.4541015625
9230,8.712890625,351,1,6,127133,124.1533203125,127441,124.4541015625,140753,137.4541015625
308,0.0,15,-1,7,144392,141.0078125,144700,141.30859375,158012,154.30859375
1332,1.0,1,-1,7,144392,141.0078125,144700,141.30859375,158012,154.30859375
1813,1.4697265625,350,1,7,144392,141.0078125,144700,141.30859375,158012,154.30859375
1853,1.5087890625,351,1,7,144392,141.0078125,144700,141.30859375,158012,154.30859375
8502,8.001953125,115,-1,7,144392,141.0078125,144700,141.30859375,158012,154.30859375
8884,8.375,350,1,7,144392,141.0078125,144700,141.30859375,158012,154.30859375
9158,8.642578125,103,-1,7,144392,141.0078125,144700,141.30859375,158012,154.30859375
9174,8.658203125,351,1,7,144392,141.0078125,144700,141.30859375,158012,154.30859375
308,0.0,12,-1,8,161587,157.7998046875,161895,158.1005859375,175207,171.1005859375
1332,1.0,1,-1,8,161587,157.7998046875,161895,158.1005859375,175207,171.1005859375
8173,7.6806640625,350,1,8,161587,157.7998046875,161895,158.1005859375,175207,171.1005859375
8207,7.7138671875,351,1,8,161587,157.7998046875,161895,158.1005859375,175207,171.1005859375
8502,8.001953125,112,-1,8,161587,157.7998046875,161895,158.1005859375,175207,171.1005859375
8957,8.4462890625,350,0,8,161587,157.7998046875,161895,158.1005859375,175207,171.1005859375
9235,8.7177734375,101,-1,8,161587,157.7998046875,161895,158.1005859375,175207,171.1005859375
9250,8.732421875,351,0,8,161587,157.7998046875,161895,158.1005859375,175207,171.1005859375
308,0.0,15,-1,9,178858,174.666015625,179166,174.966796875,192478,187.966796875
343,0.0341796875,350,1,9,178858,174.666015625,179166,174.966796875,192478,187.966796875
368,0.05859375,351,1,9,178858,174.666015625,179166,174.966796875,192478,187.966796875
1332,1.0,1,-1,9,178858,174.666015625,179166,174.966796875,192478,187.966796875
8501,8.0009765625,115,-1,9,178858,174.666015625,179166,174.966796875,192478,187.966796875
8797,8.2900390625,350,1,9,178858,174.666015625,179166,174.966796875,192478,187.966796875
8847,8.3388671875,351,1,9,178858,174.666015625,179166,174.966796875,192478,187.966796875
9229,8.7119140625,350,1,9,178858,174.666015625,179166,174.966796875,192478,187.966796875
9275,8.7568359375,351,1,9,178858,174.666015625,179166,174.966796875,192478,187.966796875
9289,8.7705078125,350,1,9,178858,174.666015625,179166,174.966796875,192478,187.966796875
9470,8.947265625,103,-1,9,178858,174.666015625,179166,174.966796875,192478,187.966796875
9516,8.9921875,351,1,9,178858,174.666015625,179166,174.966796875,192478,187.966796875
308,0.0,12,-1,10,196351,191.7490234375,196659,192.0498046875,209971,205.0498046875
1332,1.0,1,-1,10,196351,191.7490234375,196659,192.0498046875,209971,205.0498046875
8503,8.0029296875,112,-1,10,196351,191.7490234375,196659,192.0498046875,209971,205.0498046875
8945,8.4345703125,350,0,10,196351,191.7490234375,196659,192.0498046875,209971,205.0498046875
9214,8.697265625,101,-1,10,196351,191.7490234375,196659,192.0498046875,209971,205.0498046875
9240,8.72265625,351,0,10,196351,191.7490234375,196659,192.0498046875,209971,205.0498046875
308,0.0,12,-1,11,213597,208.5908203125,213905,208.8916015625,227217,221.8916015625
1331,0.9990234375,1,-1,11,213597,208.5908203125,213905,208.8916015625,227217,221.8916015625
4379,3.9755859375,350,1,11,213597,208.5908203125,213905,208.8916015625,227217,221.8916015625
4394,3.990234375,351,1,11,213597,208.5908203125,213905,208.8916015625,227217,221.8916015625
4449,4.0439453125,350,1,11,213597,208.5908203125,213905,208.8916015625,227217,221.8916015625
4463,4.0576171875,351,1,11,213597,208.5908203125,213905,208.8916015625,227217,221.8916015625
5006,4.587890625,350,1,11,213597,208.5908203125,213905,208.8916015625,227217,221.8916015625
5021,4.6025390625,351,1,11,213597,208.5908203125,213905,208.8916015625,227217,221.8916015625
8501,8.0009765625,112,-1,11,213597,208.5908203125,213905,208.8916015625,227217,221.8916015625
9131,8.6162109375,350,0,11,213597,208.5908203125,213905,208.8916015625,227217,221.8916015625
9147,8.6318359375,351,0,11,213597,208.5908203125,213905,208.8916015625,227217,221.8916015625
9178,8.662109375,350,0,11,213597,208.5908203125,213905,208.8916015625,227217,221.8916015625
9481,8.9580078125,101,-1,11,213597,208.5908203125,213905,208.8916015625,227217,221.8916015625
9519,8.9951171875,351,0,11,213597,208.5908203125,213905,208.8916015625,227217,221.8916015625
308,0.0,12,-1,12,231111,225.6943359375,231419,225.9951171875,244731,238.9951171875
1331,0.9990234375,1,-1,12,231111,225.6943359375,231419,225.9951171875,244731,238.9951171875
8052,7.5625,350,0,12,231111,225.6943359375,231419,225.9951171875,244731,238.9951171875
8084,7.59375,351,0,12,231111,225.6943359375,231419,225.9951171875,244731,238.9951171875
8192,7.69921875,350,0,12,231111,225.6943359375,231419,225.9951171875,244731,238.9951171875
8225,7.7314453125,351,0,12,231111,225.6943359375,231419,225.9951171875,244731,238.9951171875
8501,8.0009765625,112,-1,12,231111,225.6943359375,231419,225.9951171875,244731,238.9951171875
8693,8.1884765625,350,0,12,231111,225.6943359375,231419,225.9951171875,244731,238.9951171875
8725,8.2197265625,351,0,12,231111,225.6943359375,231419,225.9951171875,244731,238.9951171875
8773,8.2666015625,350,0,12,231111,225.6943359375,231419,225.9951171875,244731,238.9951171875
8789,8.2822265625,351,0,12,231111,225.6943359375,231419,225.9951171875,244731,238.9951171875
8822,8.314453125,350,0,12,231111,225.6943359375,231419,225.9951171875,244731,238.9951171875
8868,8.359375,351,0,12,231111,225.6943359375,231419,225.9951171875,244731,238.9951171875
8887,8.3779296875,350,0,12,231111,225.6943359375,231419,225.9951171875,244731,238.9951171875
8973,8.4619140625,351,0,12,231111,225.6943359375,231419,225.9951171875,244731,238.9951171875
9000,8.48828125,350,0,12,231111,225.6943359375,231419,225.9951171875,244731,238.9951171875
9017,8.5048828125,351,0,12,231111,225.6943359375,231419,225.9951171875,244731,238.9951171875
9031,8.5185546875,350,0,12,231111,225.6943359375,231419,225.9951171875,244731,238.9951171875
9054,8.541015625,351,0,12,231111,225.6943359375,231419,225.9951171875,244731,238.9951171875
9093,8.5791015625,350,0,12,231111,225.6943359375,231419,225.9951171875,244731,238.9951171875
9371,8.8505859375,351,0,12,231111,225.6943359375,231419,225.9951171875,244731,238.9951171875
9387,8.8662109375,101,-1,12,231111,225.6943359375,231419,225.9951171875,244731,238.9951171875
308,0.0,12,-1,13,248540,242.71484375,248848,243.015625,262160,256.015625
1332,1.0,1,-1,13,248540,242.71484375,248848,243.015625,262160,256.015625
8171,7.6787109375,350,0,13,248540,242.71484375,248848,243.015625,262160,256.015625
8231,7.7373046875,351,0,13,248540,242.71484375,248848,243.015625,262160,256.015625
8368,7.87109375,350,0,13,248540,242.71484375,248848,243.015625,262160,256.015625
8391,7.8935546875,351,0,13,248540,242.71484375,248848,243.015625,262160,256.015625
8469,7.9697265625,350,0,13,248540,242.71484375,248848,243.015625,262160,256.015625
8500,8.0,112,-1,13,248540,242.71484375,248848,243.015625,262160,256.015625
8578,8.076171875,351,0,13,248540,242.71484375,248848,243.015625,262160,256.015625
8602,8.099609375,350,0,13,248540,242.71484375,248848,243.015625,262160,256.015625
8615,8.1123046875,351,0,13,248540,242.71484375,248848,243.015625,262160,256.015625
8632,8.12890625,350,0,13,248540,242.71484375,248848,243.015625,262160,256.015625
8738,8.232421875,351,0,13,248540,242.71484375,248848,243.015625,262160,256.015625
8782,8.275390625,350,0,13,248540,242.71484375,248848,243.015625,262160,256.015625
8828,8.3203125,351,0,13,248540,242.71484375,248848,243.015625,262160,256.015625
8871,8.3623046875,350,0,13,248540,242.71484375,248848,243.015625,262160,256.015625
8911,8.4013671875,351,0,13,248540,242.71484375,248848,243.015625,262160,256.015625
8965,8.4541015625,350,0,13,248540,242.71484375,248848,243.015625,262160,256.015625
9217,8.7001953125,101,-1,13,248540,242.71484375,248848,243.015625,262160,256.015625
9253,8.7353515625,351,0,13,248540,242.71484375,248848,243.015625,262160,256.015625
308,0.0,12,-1,14,265786,259.556640625,266094,259.857421875,279406,272.857421875
1332,1.0,1,-1,14,265786,259.556640625,266094,259.857421875,279406,272.857421875
8502,8.001953125,112,-1,14,265786,259.556640625,266094,259.857421875,279406,272.857421875
8865,8.3564453125,350,0,14,265786,259.556640625,266094,259.857421875,279406,272.857421875
8902,8.392578125,351,0,14,265786,259.556640625,266094,259.857421875,279406,272.857421875
8962,8.451171875,350,0,14,265786,259.556640625,266094,259.857421875,279406,272.857421875
9178,8.662109375,101,-1,14,265786,259.556640625,266094,259.857421875,279406,272.857421875
9192,8.67578125,351,0,14,265786,259.556640625,266094,259.857421875,279406,272.857421875
308,0.0,12,-1,15,283004,276.37109375,283312,276.671875,296624,289.671875
1330,0.998046875,1,-1,15,283004,276.37109375,283312,276.671875,296624,289.671875
8130,7.638671875,350,0,15,283004,276.37109375,283312,276.671875,296624,289.671875
8165,7.6728515625,351,0,15,283004,276.37109375,283312,276.671875,296624,289.671875
8461,7.9619140625,350,0,15,283004,276.37109375,283312,276.671875,296624,289.671875
8483,7.9833984375,351,0,15,283004,276.37109375,283312,276.671875,296624,289.671875
8500,8.0,112,-1,15,283004,276.37109375,283312,276.671875,296624,289.671875
8888,8.37890625,350,0,15,283004,276.37109375,283312,276.671875,296624,289.671875
8965,8.4541015625,351,0,15,283004,276.37109375,283312,276.671875,296624,289.671875
8986,8.474609375,350,0,15,283004,276.37109375,283312,276.671875,296624,289.671875
9211,8.6943359375,101,-1,15,283004,276.37109375,283312,276.671875,296624,289.671875
9241,8.7236328125,351,0,15,283004,276.37109375,283312,276.671875,296624,289.671875
308,0.0,12,-1,16,300243,293.2060546875,300551,293.5068359375,313863,306.5068359375
1330,0.998046875,1,-1,16,300243,293.2060546875,300551,293.5068359375,313863,306.5068359375
8499,7.9990234375,112,-1,16,300243,293.2060546875,300551,293.5068359375,313863,306.5068359375
10157,9.6181640625,350,0,16,300243,293.2060546875,300551,293.5068359375,313863,306.5068359375
10213,9.6728515625,351,0,16,300243,293.2060546875,300551,293.5068359375,313863,306.5068359375
10345,9.8017578125,350,0,16,300243,293.2060546875,300551,293.5068359375,313863,306.5068359375
10404,9.859375,351,0,16,300243,293.2060546875,300551,293.5068359375,313863,306.5068359375
10474,9.927734375,350,0,16,300243,293.2060546875,300551,293.5068359375,313863,306.5068359375
10520,9.97265625,351,0,16,300243,293.2060546875,300551,293.5068359375,313863,306.5068359375
10541,9.9931640625,350,0,16,300243,293.2060546875,300551,293.5068359375,313863,306.5068359375
10723,10.1708984375,101,-1,16,300243,293.2060546875,300551,293.5068359375,313863,306.5068359375
10742,10.189453125,351,0,16,300243,293.2060546875,300551,293.5068359375,313863,306.5068359375
308,0.0,12,-1,17,319010,311.533203125,319318,311.833984375,332630,324.833984375
1332,1.0,1,-1,17,319010,311.533203125,319318,311.833984375,332630,324.833984375
8503,8.0029296875,112,-1,17,319010,311.533203125,319318,311.833984375,332630,324.833984375
9055,8.5419921875,350,0,17,319010,311.533203125,319318,311.833984375,332630,324.833984375
9368,8.84765625,101,-1,17,319010,311.533203125,319318,311.833984375,332630,324.833984375
9376,8.85546875,351,0,17,319010,311.533203125,319318,311.833984375,332630,324.833984375
308,0.0,15,-1,18,336419,328.5341796875,336727,328.8349609375,350039,341.8349609375
1332,1.0,1,-1,18,336419,328.5341796875,336727,328.8349609375,350039,341.8349609375
3851,3.4599609375,350,0,18,336419,328.5341796875,336727,328.8349609375,350039,341.8349609375
3900,3.5078125,351,0,18,336419,328.5341796875,336727,328.8349609375,350039,341.8349609375
3910,3.517578125,350,1,18,336419,328.5341796875,336727,328.8349609375,350039,341.8349609375
3930,3.537109375,351,1,18,336419,328.5341796875,336727,328.8349609375,350039,341.8349609375
3996,3.6015625,350,0,18,336419,328.5341796875,336727,328.8349609375,350039,341.8349609375
4030,3.634765625,351,0,18,336419,328.5341796875,336727,328.8349609375,350039,341.8349609375
4126,3.728515625,350,0,18,336419,328.5341796875,336727,328.8349609375,350039,341.8349609375
4143,3.7451171875,351,0,18,336419,328.5341796875,336727,328.8349609375,350039,341.8349609375
4204,3.8046875,350,0,18,336419,328.5341796875,336727,328.8349609375,350039,341.8349609375
4304,3.90234375,351,0,18,336419,328.5341796875,336727,328.8349609375,350039,341.8349609375
4386,3.982421875,350,0,18,336419,328.5341796875,336727,328.8349609375,350039,341.8349609375
4490,4.083984375,351,0,18,336419,328.5341796875,336727,328.8349609375,350039,341.8349609375
4591,4.1826171875,350,0,18,336419,328.5341796875,336727,328.8349609375,350039,341.8349609375
4616,4.20703125,351,0,18,336419,328.5341796875,336727,328.8349609375,350039,341.8349609375
4757,4.3447265625,350,0,18,336419,328.5341796875,336727,328.8349609375,350039,341.8349609375
4783,4.3701171875,351,0,18,336419,328.5341796875,336727,328.8349609375,350039,341.8349609375
5048,4.62890625,350,0,18,336419,328.5341796875,336727,328.8349609375,350039,341.8349609375
5078,4.658203125,351,0,18,336419,328.5341796875,336727,328.8349609375,350039,341.8349609375
8502,8.001953125,115,-1,18,336419,328.5341796875,336727,328.8349609375,350039,341.8349609375
8526,8.025390625,350,1,18,336419,328.5341796875,336727,328.8349609375,350039,341.8349609375
8548,8.046875,351,1,18,336419,328.5341796875,336727,328.8349609375,350039,341.8349609375
8826,8.318359375,350,1,18,336419,328.5341796875,336727,328.8349609375,350039,341.8349609375
9015,8.5029296875,103,-1,18,336419,328.5341796875,336727,328.8349609375,350039,341.8349609375
9051,8.5380859375,351,1,18,336419,328.5341796875,336727,328.8349609375,350039,341.8349609375
308,0.0,15,-1,19,353486,345.201171875,353794,345.501953125,367106,358.501953125
1331,0.9990234375,1,-1,19,353486,345.201171875,353794,345.501953125,367106,358.501953125
8501,8.0009765625,115,-1,19,353486,345.201171875,353794,345.501953125,367106,358.501953125
9188,8.671875,350,1,19,353486,345.201171875,353794,345.501953125,367106,358.501953125
9428,8.90625,103,-1,19,353486,345.201171875,353794,345.501953125,367106,358.501953125
9442,8.919921875,351,1,19,353486,345.201171875,353794,345.501953125,367106,358.501953125
308,0.0,15,-1,20,370950,362.255859375,371258,362.556640625,384570,375.556640625
1330,0.998046875,1,-1,20,370950,362.255859375,371258,362.556640625,384570,375.556640625
6092,5.6484375,350,1,20,370950,362.255859375,371258,362.556640625,384570,375.556640625
6208,5.76171875,351,1,20,370950,362.255859375,371258,362.556640625,384570,375.556640625
6290,5.841796875,350,1,20,370950,362.255859375,371258,362.556640625,384570,375.556640625
6361,5.9111328125,351,1,20,370950,362.255859375,371258,362.556640625,384570,375.556640625
8502,8.001953125,115,-1,20,370950,362.255859375,371258,362.556640625,384570,375.556640625
8606,8.103515625,350,1,20,370950,362.255859375,371258,362.556640625,384570,375.556640625
8677,8.1728515625,351,1,20,370950,362.255859375,371258,362.556640625,384570,375.556640625
8716,8.2109375,350,1,20,370950,362.255859375,371258,362.556640625,384570,375.556640625
8793,8.2861328125,351,1,20,370950,362.255859375,371258,362.556640625,384570,375.556640625
8825,8.3173828125,350,1,20,370950,362.255859375,371258,362.556640625,384570,375.556640625
8840,8.33203125,351,1,20,370950,362.255859375,371258,362.556640625,384570,375.556640625
8865,8.3564453125,350,1,20,370950,362.255859375,371258,362.556640625,384570,375.556640625
9081,8.5673828125,351,1,20,370950,362.255859375,371258,362.556640625,384570,375.556640625
9513,8.9892578125,350,1,20,370950,362.255859375,371258,362.556640625,384570,375.556640625
9574,9.048828125,351,1,20,370950,362.255859375,371258,362.556640625,384570,375.556640625
9766,9.236328125,350,1,20,370950,362.255859375,371258,362.556640625,384570,375.556640625
9862,9.330078125,351,1,20,370950,362.255859375,371258,362.556640625,384570,375.556640625
9880,9.34765625,350,1,20,370950,362.255859375,371258,362.556640625,384570,375.556640625
9956,9.421875,351,1,20,370950,362.255859375,371258,362.556640625,384570,375.556640625
9975,9.4404296875,350,0,20,370950,362.255859375,371258,362.556640625,384570,375.556640625
10014,9.478515625,350,1,20,370950,362.255859375,371258,362.556640625,384570,375.556640625
10018,9.482421875,351,0,20,370950,362.255859375,371258,362.556640625,384570,375.556640625
10081,9.5439453125,351,1,20,370950,362.255859375,371258,362.556640625,384570,375.556640625
10137,9.5986328125,350,1,20,370950,362.255859375,371258,362.556640625,384570,375.556640625
10186,9.646484375,351,1,20,370950,362.255859375,371258,362.556640625,384570,375.556640625
10208,9.66796875,350,1,20,370950,362.255859375,371258,362.556640625,384570,375.556640625
10411,9.8662109375,103,-1,20,370950,362.255859375,371258,362.556640625,384570,375.556640625
10466,9.919921875,351,1,20,370950,362.255859375,371258,362.556640625,384570,375.556640625
308,0.0,12,-1,21,389390,380.263671875,389698,380.564453125,403010,393.564453125
1332,1.0,1,-1,21,389390,380.263671875,389698,380.564453125,403010,393.564453125
1772,1.4296875,350,0,21,389390,380.263671875,389698,380.564453125,403010,393.564453125
1863,1.5185546875,351,0,21,389390,380.263671875,389698,380.564453125,403010,393.564453125
2172,1.8203125,350,0,21,389390,380.263671875,389698,380.564453125,403010,393.564453125
2189,1.8369140625,351,0,21,389390,380.263671875,389698,380.564453125,403010,393.564453125
2252,1.8984375,350,0,21,389390,380.263671875,389698,380.564453125,403010,393.564453125
2269,1.9150390625,351,0,21,389390,380.263671875,389698,380.564453125,403010,393.564453125
3264,2.88671875,350,0,21,389390,380.263671875,389698,380.564453125,403010,393.564453125
3297,2.9189453125,351,0,21,389390,380.263671875,389698,380.564453125,403010,393.564453125
4078,3.681640625,350,0,21,389390,380.263671875,389698,380.564453125,403010,393.564453125
4127,3.7294921875,351,0,21,389390,380.263671875,389698,380.564453125,403010,393.564453125
4557,4.1494140625,350,1,21,389390,380.263671875,389698,380.564453125,403010,393.564453125
4579,4.1708984375,351,1,21,389390,380.263671875,389698,380.564453125,403010,393.564453125
8503,8.0029296875,112,-1,21,389390,380.263671875,389698,380.564453125,403010,393.564453125
9160,8.64453125,350,0,21,389390,380.263671875,389698,380.564453125,403010,393.564453125
9332,8.8125,101,-1,21,389390,380.263671875,389698,380.564453125,403010,393.564453125
9391,8.8701171875,351,0,21,389390,380.263671875,389698,380.564453125,403010,393.564453125
308,0.0,12,-1,22,406762,397.228515625,407070,397.529296875,420382,410.529296875
1332,1.0,1,-1,22,406762,397.228515625,407070,397.529296875,420382,410.529296875
6603,6.1474609375,350,1,22,406762,397.228515625,407070,397.529296875,420382,410.529296875
6664,6.20703125,351,1,22,406762,397.228515625,407070,397.529296875,420382,410.529296875
6803,6.3427734375,350,1,22,406762,397.228515625,407070,397.529296875,420382,410.529296875
6860,6.3984375,351,1,22,406762,397.228515625,407070,397.529296875,420382,410.529296875
8503,8.0029296875,112,-1,22,406762,397.228515625,407070,397.529296875,420382,410.529296875
9299,8.7802734375,350,0,22,406762,397.228515625,407070,397.529296875,420382,410.529296875
9517,8.9931640625,101,-1,22,406762,397.228515625,407070,397.529296875,420382,410.529296875
9584,9.05859375,351,0,22,406762,397.228515625,407070,397.529296875,420382,410.529296875
308,0.0,12,-1,23,424309,414.3642578125,424617,414.6650390625,437929,427.6650390625
1332,1.0,1,-1,23,424309,414.3642578125,424617,414.6650390625,437929,427.6650390625
6997,6.5322265625,350,0,23,424309,414.3642578125,424617,414.6650390625,437929,427.6650390625
7026,6.560546875,351,0,23,424309,414.3642578125,424617,414.6650390625,437929,427.6650390625
8503,8.0029296875,112,-1,23,424309,414.3642578125,424617,414.6650390625,437929,427.6650390625
8896,8.38671875,350,0,23,424309,414.3642578125,424617,414.6650390625,437929,427.6650390625
9114,8.599609375,101,-1,23,424309,414.3642578125,424617,414.6650390625,437929,427.6650390625
9130,8.615234375,351,0,23,424309,414.3642578125,424617,414.6650390625,437929,427.6650390625
308,0.0,15,-1,24,441454,431.107421875,441762,431.408203125,455074,444.408203125
1330,0.998046875,1,-1,24,441454,431.107421875,441762,431.408203125,455074,444.408203125
1754,1.412109375,350,1,24,441454,431.107421875,441762,431.408203125,455074,444.408203125
1844,1.5,351,1,24,441454,431.107421875,441762,431.408203125,455074,444.408203125
1993,1.6455078125,350,1,24,441454,431.107421875,441762,431.408203125,455074,444.408203125
2038,1.689453125,351,1,24,441454,431.107421875,441762,431.408203125,455074,444.408203125
3309,2.9306640625,350,0,24,441454,431.107421875,441762,431.408203125,455074,444.408203125
3451,3.0693359375,351,0,24,441454,431.107421875,441762,431.408203125,455074,444.408203125
3663,3.2763671875,350,0,24,441454,431.107421875,441762,431.408203125,455074,444.408203125
3712,3.32421875,351,0,24,441454,431.107421875,441762,431.408203125,455074,444.408203125
3861,3.4697265625,350,0,24,441454,431.107421875,441762,431.408203125,455074,444.408203125
3900,3.5078125,351,0,24,441454,431.107421875,441762,431.408203125,455074,444.408203125
3921,3.5283203125,350,0,24,441454,431.107421875,441762,431.408203125,455074,444.408203125
3952,3.55859375,351,0,24,441454,431.107421875,441762,431.408203125,455074,444.408203125
6762,6.302734375,350,1,24,441454,431.107421875,441762,431.408203125,455074,444.408203125
6810,6.349609375,351,1,24,441454,431.107421875,441762,431.408203125,455074,444.408203125
6887,6.4248046875,350,1,24,441454,431.107421875,441762,431.408203125,455074,444.408203125
6959,6.4951171875,351,1,24,441454,431.107421875,441762,431.408203125,455074,444.408203125
7223,6.7529296875,350,1,24,441454,431.107421875,441762,431.408203125,455074,444.408203125
7281,6.8095703125,351,1,24,441454,431.107421875,441762,431.408203125,455074,444.408203125
8500,8.0,115,-1,24,441454,431.107421875,441762,431.408203125,455074,444.408203125
8863,8.3544921875,350,1,24,441454,431.107421875,441762,431.408203125,455074,444.408203125
8890,8.380859375,350,0,24,441454,431.107421875,441762,431.408203125,455074,444.408203125
8906,8.396484375,351,1,24,441454,431.107421875,441762,431.408203125,455074,444.408203125
8928,8.41796875,351,0,24,441454,431.107421875,441762,431.408203125,455074,444.408203125
8969,8.4580078125,350,1,24,441454,431.107421875,441762,431.408203125,455074,444.408203125
9068,8.5546875,351,1,24,441454,431.107421875,441762,431.408203125,455074,444.408203125
9088,8.57421875,350,1,24,441454,431.107421875,441762,431.408203125,455074,444.408203125
9280,8.76171875,103,-1,24,441454,431.107421875,441762,431.408203125,455074,444.408203125
9328,8.80859375,351,1,24,441454,431.107421875,441762,431.408203125,455074,444.408203125
308,0.0,12,-1,25,458765,448.0126953125,459073,448.3134765625,472385,461.3134765625
1331,0.9990234375,1,-1,25,458765,448.0126953125,459073,448.3134765625,472385,461.3134765625
5833,5.3955078125,350,0,25,458765,448.0126953125,459073,448.3134765625,472385,461.3134765625
5894,5.455078125,351,0,25,458765,448.0126953125,459073,448.3134765625,472385,461.3134765625
8502,8.001953125,112,-1,25,458765,448.0126953125,459073,448.3134765625,472385,461.3134765625
8712,8.20703125,350,0,25,458765,448.0126953125,459073,448.3134765625,472385,461.3134765625
8811,8.3037109375,351,0,25,458765,448.0126953125,459073,448.3134765625,472385,461.3134765625
8924,8.4140625,350,0,25,458765,448.0126953125,459073,448.3134765625,472385,461.3134765625
9209,8.6923828125,101,-1,25,458765,448.0126953125,459073,448.3134765625,472385,461.3134765625
9243,8.7255859375,351,0,25,458765,448.0126953125,459073,448.3134765625,472385,461.3134765625
308,0.0,15,-1,26,476005,464.8486328125,476313,465.1494140625,489625,478.1494140625
1333,1.0009765625,1,-1,26,476005,464.8486328125,476313,465.1494140625,489625,478.1494140625
8503,8.0029296875,115,-1,26,476005,464.8486328125,476313,465.1494140625,489625,478.1494140625
8641,8.1376953125,350,1,26,476005,464.8486328125,476313,465.1494140625,489625,478.1494140625
8697,8.1923828125,351,1,26,476005,464.8486328125,476313,465.1494140625,489625,478.1494140625
9016,8.50390625,350,1,26,476005,464.8486328125,476313,465.1494140625,489625,478.1494140625
9194,8.677734375,103,-1,26,476005,464.8486328125,476313,465.1494140625,489625,478.1494140625
9220,8.703125,351,1,26,476005,464.8486328125,476313,465.1494140625,489625,478.1494140625
308,0.0,15,-1,27,493229,481.6689453125,493537,481.9697265625,506849,494.9697265625
1332,1.0,1,-1,27,493229,481.6689453125,493537,481.9697265625,506849,494.9697265625
8503,8.0029296875,115,-1,27,493229,481.6689453125,493537,481.9697265625,506849,494.9697265625
8959,8.4482421875,350,1,27,493229,481.6689453125,493537,481.9697265625,506849,494.9697265625
9235,8.7177734375,103,-1,27,493229,481.6689453125,493537,481.9697265625,506849,494.9697265625
9242,8.724609375,351,1,27,493229,481.6689453125,493537,481.9697265625,506849,494.9697265625
308,0.0,15,-1,28,510493,498.5283203125,510801,498.8291015625,524113,511.8291015625
500,0.1875,350,0,28,510493,498.5283203125,510801,498.8291015625,524113,511.8291015625
560,0.24609375,351,0,28,510493,498.5283203125,510801,498.8291015625,524113,511.8291015625
606,0.291015625,350,0,28,510493,498.5283203125,510801,498.8291015625,524113,511.8291015625
661,0.3447265625,351,0,28,510493,498.5283203125,510801,498.8291015625,524113,511.8291015625
664,0.34765625,350,1,28,510493,498.5283203125,510801,498.8291015625,524113,511.8291015625
706,0.388671875,350,0,28,510493,498.5283203125,510801,498.8291015625,524113,511.8291015625
715,0.3974609375,351,1,28,510493,498.5283203125,510801,498.8291015625,524113,511.8291015625
755,0.4365234375,351,0,28,510493,498.5283203125,510801,498.8291015625,524113,511.8291015625
781,0.4619140625,350,0,28,510493,498.5283203125,510801,498.8291015625,524113,511.8291015625
813,0.4931640625,351,0,28,510493,498.5283203125,510801,498.8291015625,524113,511.8291015625
842,0.521484375,350,0,28,510493,498.5283203125,510801,498.8291015625,524113,511.8291015625
867,0.5458984375,351,0,28,510493,498.5283203125,510801,498.8291015625,524113,511.8291015625
912,0.58984375,350,0,28,510493,498.5283203125,510801,498.8291015625,524113,511.8291015625
964,0.640625,351,0,28,510493,498.5283203125,510801,498.8291015625,524113,511.8291015625
1066,0.740234375,350,0,28,510493,498.5283203125,510801,498.8291015625,524113,511.8291015625
1110,0.783203125,351,0,28,510493,498.5283203125,510801,498.8291015625,524113,511.8291015625
1156,0.828125,350,0,28,510493,498.5283203125,510801,498.8291015625,524113,511.8291015625
1210,0.880859375,351,0,28,510493,498.5283203125,510801,498.8291015625,524113,511.8291015625
1236,0.90625,350,0,28,510493,498.5283203125,510801,498.8291015625,524113,511.8291015625
1290,0.958984375,351,0,28,510493,498.5283203125,510801,498.8291015625,524113,511.8291015625
1332,1.0,1,-1,28,510493,498.5283203125,510801,498.8291015625,524113,511.8291015625
1338,1.005859375,350,0,28,510493,498.5283203125,510801,498.8291015625,524113,511.8291015625
1380,1.046875,351,0,28,510493,498.5283203125,510801,498.8291015625,524113,511.8291015625
1493,1.1572265625,350,1,28,510493,498.5283203125,510801,498.8291015625,524113,511.8291015625
1508,1.171875,350,0,28,510493,498.5283203125,510801,498.8291015625,524113,511.8291015625
1511,1.1748046875,351,1,28,510493,498.5283203125,510801,498.8291015625,524113,511.8291015625
1536,1.19921875,351,0,28,510493,498.5283203125,510801,498.8291015625,524113,511.8291015625
1581,1.2431640625,350,0,28,510493,498.5283203125,510801,498.8291015625,524113,511.8291015625
1613,1.2744140625,351,0,28,510493,498.5283203125,510801,498.8291015625,524113,511.8291015625
1737,1.3955078125,350,0,28,510493,498.5283203125,510801,498.8291015625,524113,511.8291015625
1753,1.4111328125,351,0,28,510493,498.5283203125,510801,498.8291015625,524113,511.8291015625
1839,1.4951171875,350,0,28,510493,498.5283203125,510801,498.8291015625,524113,511.8291015625
1869,1.5244140625,351,0,28,510493,498.5283203125,510801,498.8291015625,524113,511.8291015625
3830,3.439453125,350,1,28,510493,498.5283203125,510801,498.8291015625,524113,511.8291015625
3880,3.48828125,351,1,28,510493,498.5283203125,510801,498.8291015625,524113,511.8291015625
4552,4.14453125,350,1,28,510493,498.5283203125,510801,498.8291015625,524113,511.8291015625
4570,4.162109375,351,1,28,510493,498.5283203125,510801,498.8291015625,524113,511.8291015625
5669,5.2353515625,350,1,28,510493,498.5283203125,510801,498.8291015625,524113,511.8291015625
5730,5.294921875,351,1,28,510493,498.5283203125,510801,498.8291015625,524113,511.8291015625
6697,6.2392578125,350,1,28,510493,498.5283203125,510801,498.8291015625,524113,511.8291015625
6899,6.4365234375,351,1,28,510493,498.5283203125,510801,498.8291015625,524113,511.8291015625
6952,6.48828125,350,1,28,510493,498.5283203125,510801,498.8291015625,524113,511.8291015625
7101,6.6337890625,351,1,28,510493,498.5283203125,510801,498.8291015625,524113,511.8291015625
7116,6.6484375,350,1,28,510493,498.5283203125,510801,498.8291015625,524113,511.8291015625
7243,6.7724609375,351,1,28,510493,498.5283203125,510801,498.8291015625,524113,511.8291015625
7263,6.7919921875,350,1,28,510493,498.5283203125,510801,498.8291015625,524113,511.8291015625
7340,6.8671875,351,1,28,510493,498.5283203125,510801,498.8291015625,524113,511.8291015625
7376,6.90234375,350,1,28,510493,498.5283203125,510801,498.8291015625,524113,511.8291015625
7505,7.0283203125,351,1,28,510493,498.5283203125,510801,498.8291015625,524113,511.8291015625
7532,7.0546875,350,1,28,510493,498.5283203125,510801,498.8291015625,524113,511.8291015625
7632,7.15234375,351,1,28,510493,498.5283203125,510801,498.8291015625,524113,511.8291015625
7674,7.193359375,350,1,28,510493,498.5283203125,510801,498.8291015625,524113,511.8291015625
7744,7.26171875,351,1,28,510493,498.5283203125,510801,498.8291015625,524113,511.8291015625
7771,7.2880859375,350,1,28,510493,498.5283203125,510801,498.8291015625,524113,511.8291015625
7831,7.3466796875,351,1,28,510493,498.5283203125,510801,498.8291015625,524113,511.8291015625
7863,7.3779296875,350,1,28,510493,498.5283203125,510801,498.8291015625,524113,511.8291015625
7925,7.4384765625,351,1,28,510493,498.5283203125,510801,498.8291015625,524113,511.8291015625
8503,8.0029296875,115,-1,28,510493,498.5283203125,510801,498.8291015625,524113,511.8291015625
8641,8.1376953125,350,1,28,510493,498.5283203125,510801,498.8291015625,524113,511.8291015625
8680,8.17578125,351,1,28,510493,498.5283203125,510801,498.8291015625,524113,511.8291015625
8728,8.22265625,350,1,28,510493,498.5283203125,510801,498.8291015625,524113,511.8291015625
8883,8.3740234375,351,1,28,510493,498.5283203125,510801,498.8291015625,524113,511.8291015625
8910,8.400390625,350,1,28,510493,498.5283203125,510801,498.8291015625,524113,511.8291015625
9184,8.66796875,103,-1,28,510493,498.5283203125,510801,498.8291015625,524113,511.8291015625
9205,8.6884765625,351,1,28,510493,498.5283203125,510801,498.8291015625,524113,511.8291015625
308,0.0,12,-1,29,527693,515.3251953125,528001,515.6259765625,541313,528.6259765625
1330,0.998046875,350,1,29,527693,515.3251953125,528001,515.6259765625,541313,528.6259765625
1332,1.0,1,-1,29,527693,515.3251953125,528001,515.6259765625,541313,528.6259765625
1405,1.0712890625,351,1,29,527693,515.3251953125,528001,515.6259765625,541313,528.6259765625
6135,5.6904296875,350,0,29,527693,515.3251953125,528001,515.6259765625,541313,528.6259765625
6180,5.734375,351,0,29,527693,515.3251953125,528001,515.6259765625,541313,528.6259765625
8503,8.0029296875,112,-1,29,527693,515.3251953125,528001,515.6259765625,541313,528.6259765625
9097,8.5830078125,350,0,29,527693,515.3251953125,528001,515.6259765625,541313,528.6259765625
9312,8.79296875,101,-1,29,527693,515.3251953125,528001,515.6259765625,541313,528.6259765625
9315,8.7958984375,351,0,29,527693,515.3251953125,528001,515.6259765625,541313,528.6259765625
308,0.0,15,-1,30,545028,532.25390625,545336,532.5546875,558648,545.5546875
1332,1.0,1,-1,30,545028,532.25390625,545336,532.5546875,558648,545.5546875
8072,7.58203125,350,1,30,545028,532.25390625,545336,532.5546875,558648,545.5546875
8141,7.6494140625,351,1,30,545028,532.25390625,545336,532.5546875,558648,545.5546875
8263,7.7685546875,350,1,30,545028,532.25390625,545336,532.5546875,558648,545.5546875
8291,7.7958984375,351,1,30,545028,532.25390625,545336,532.5546875,558648,545.5546875
8504,8.00390625,115,-1,30,545028,532.25390625,545336,532.5546875,558648,545.5546875
9138,8.623046875,350,1,30,545028,532.25390625,545336,532.5546875,558648,545.5546875
9334,8.814453125,351,1,30,545028,532.25390625,545336,532.5546875,558648,545.5546875
9338,8.818359375,103,-1,30,545028,532.25390625,545336,532.5546875,558648,545.5546875
308,0.0,15,-1,31,562393,549.2119140625,562701,549.5126953125,576013,562.5126953125
1332,1.0,1,-1,31,562393,549.2119140625,562701,549.5126953125,576013,562.5126953125
8127,7.6357421875,350,1,31,562393,549.2119140625,562701,549.5126953125,576013,562.5126953125
8196,7.703125,351,1,31,562393,549.2119140625,562701,549.5126953125,576013,562.5126953125
8503,8.0029296875,115,-1,31,562393,549.2119140625,562701,549.5126953125,576013,562.5126953125
8934,8.423828125,350,1,31,562393,549.2119140625,562701,549.5126953125,576013,562.5126953125
9136,8.62109375,103,-1,31,562393,549.2119140625,562701,549.5126953125,576013,562.5126953125
9162,8.646484375,351,1,31,562393,549.2119140625,562701,549.5126953125,576013,562.5126953125
308,0.0,15,-1,32,579565,565.9814453125,579873,566.2822265625,593185,579.2822265625
1333,1.0009765625,1,-1,32,579565,565.9814453125,579873,566.2822265625,593185,579.2822265625
5987,5.5458984375,350,1,32,579565,565.9814453125,579873,566.2822265625,593185,579.2822265625
6005,5.5634765625,351,1,32,579565,565.9814453125,579873,566.2822265625,593185,579.2822265625
6019,5.5771484375,350,1,32,579565,565.9814453125,579873,566.2822265625,593185,579.2822265625
6102,5.658203125,351,1,32,579565,565.9814453125,579873,566.2822265625,593185,579.2822265625
8061,7.5712890625,350,1,32,579565,565.9814453125,579873,566.2822265625,593185,579.2822265625
8138,7.646484375,351,1,32,579565,565.9814453125,579873,566.2822265625,593185,579.2822265625
8503,8.0029296875,115,-1,32,579565,565.9814453125,579873,566.2822265625,593185,579.2822265625
9639,9.1123046875,350,1,32,579565,565.9814453125,579873,566.2822265625,593185,579.2822265625
9852,9.3203125,350,0,32,579565,565.9814453125,579873,566.2822265625,593185,579.2822265625
9878,9.345703125,351,0,32,579565,565.9814453125,579873,566.2822265625,593185,579.2822265625
9889,9.3564453125,103,-1,32,579565,565.9814453125,579873,566.2822265625,593185,579.2822265625
9914,9.380859375,351,1,32,579565,565.9814453125,579873,566.2822265625,593185,579.2822265625
308,0.0,12,-1,33,597492,583.48828125,597800,583.7890625,611112,596.7890625
883,0.5615234375,350,0,33,597492,583.48828125,597800,583.7890625,611112,596.7890625
943,0.6201171875,351,0,33,597492,583.48828125,597800,583.7890625,611112,596.7890625
1332,1.0,1,-1,33,597492,583.48828125,597800,583.7890625,611112,596.7890625
8503,8.0029296875,112,-1,33,597492,583.48828125,597800,583.7890625,611112,596.7890625
9081,8.5673828125,350,0,33,597492,583.48828125,597800,583.7890625,611112,596.7890625
9298,8.779296875,101,-1,33,597492,583.48828125,597800,583.7890625,611112,596.7890625
9339,8.8193359375,351,0,33,597492,583.48828125,597800,583.7890625,611112,596.7890625
308,0.0,12,-1,34,614816,600.40625,615124,600.70703125,628436,613.70703125
1334,1.001953125,1,-1,34,614816,600.40625,615124,600.70703125,628436,613.70703125
8504,8.00390625,112,-1,34,614816,600.40625,615124,600.70703125,628436,613.70703125
9098,8.583984375,350,0,34,614816,600.40625,615124,600.70703125,628436,613.70703125
9293,8.7744140625,101,-1,34,614816,600.40625,615124,600.70703125,628436,613.70703125
9318,8.798828125,351,0,34,614816,600.40625,615124,600.70703125,628436,613.70703125
308,0.0,12,-1,35,632125,617.3095703125,632433,617.6103515625,645745,630.6103515625
1332,1.0,1,-1,35,632125,617.3095703125,632433,617.6103515625,645745,630.6103515625
8187,7.6943359375,350,0,35,632125,617.3095703125,632433,617.6103515625,645745,630.6103515625
8217,7.7236328125,351,0,35,632125,617.3095703125,632433,617.6103515625,645745,630.6103515625
8502,8.001953125,112,-1,35,632125,617.3095703125,632433,617.6103515625,645745,630.6103515625
8772,8.265625,350,0,35,632125,617.3095703125,632433,617.6103515625,645745,630.6103515625
9085,8.5712890625,101,-1,35,632125,617.3095703125,632433,617.6103515625,645745,630.6103515625
9113,8.5986328125,351,0,35,632125,617.3095703125,632433,617.6103515625,645745,630.6103515625
308,0.0,15,-1,36,649230,634.013671875,649538,634.314453125,662850,647.314453125
1331,0.9990234375,1,-1,36,649230,634.013671875,649538,634.314453125,662850,647.314453125
1856,1.51171875,350,1,36,649230,634.013671875,649538,634.314453125,662850,647.314453125
1960,1.61328125,351,1,36,649230,634.013671875,649538,634.314453125,662850,647.314453125
2158,1.806640625,350,1,36,649230,634.013671875,649538,634.314453125,662850,647.314453125
2187,1.8349609375,351,1,36,649230,634.013671875,649538,634.314453125,662850,647.314453125
2701,2.3369140625,350,1,36,649230,634.013671875,649538,634.314453125,662850,647.314453125
2715,2.3505859375,351,1,36,649230,634.013671875,649538,634.314453125,662850,647.314453125
3589,3.2041015625,350,1,36,649230,634.013671875,649538,634.314453125,662850,647.314453125
3615,3.2294921875,351,1,36,649230,634.013671875,649538,634.314453125,662850,647.314453125
5093,4.6728515625,350,1,36,649230,634.013671875,649538,634.314453125,662850,647.314453125
5108,4.6875,351,1,36,649230,634.013671875,649538,634.314453125,662850,647.314453125
8503,8.0029296875,115,-1,36,649230,634.013671875,649538,634.314453125,662850,647.314453125
9260,8.7421875,350,1,36,649230,634.013671875,649538,634.314453125,662850,647.314453125
9336,8.81640625,351,1,36,649230,634.013671875,649538,634.314453125,662850,647.314453125
9351,8.8310546875,350,1,36,649230,634.013671875,649538,634.314453125,662850,647.314453125
9542,9.017578125,103,-1,36,649230,634.013671875,649538,634.314453125,662850,647.314453125
9574,9.048828125,351,1,36,649230,634.013671875,649538,634.314453125,662850,647.314453125
308,0.0,15,-1,37,666784,651.15625,667092,651.45703125,680404,664.45703125
1331,0.9990234375,1,-1,37,666784,651.15625,667092,651.45703125,680404,664.45703125
1376,1.04296875,350,1,37,666784,651.15625,667092,651.45703125,680404,664.45703125
1456,1.12109375,351,1,37,666784,651.15625,667092,651.45703125,680404,664.45703125
4544,4.13671875,350,1,37,666784,651.15625,667092,651.45703125,680404,664.45703125
4613,4.2041015625,351,1,37,666784,651.15625,667092,651.45703125,680404,664.45703125
5178,4.755859375,350,1,37,666784,651.15625,667092,651.45703125,680404,664.45703125
5247,4.8232421875,351,1,37,666784,651.15625,667092,651.45703125,680404,664.45703125
5638,5.205078125,350,1,37,666784,651.15625,667092,651.45703125,680404,664.45703125
5712,5.27734375,351,1,37,666784,651.15625,667092,651.45703125,680404,664.45703125
8389,7.8916015625,350,1,37,666784,651.15625,667092,651.45703125,680404,664.45703125
8429,7.9306640625,351,1,37,666784,651.15625,667092,651.45703125,680404,664.45703125
8501,8.0009765625,115,-1,37,666784,651.15625,667092,651.45703125,680404,664.45703125
8845,8.3369140625,350,1,37,666784,651.15625,667092,651.45703125,680404,664.45703125
8900,8.390625,351,1,37,666784,651.15625,667092,651.45703125,680404,664.45703125
9102,8.587890625,350,1,37,666784,651.15625,667092,651.45703125,680404,664.45703125
9130,8.615234375,351,1,37,666784,651.15625,667092,651.45703125,680404,664.45703125
9224,8.70703125,350,1,37,666784,651.15625,667092,651.45703125,680404,664.45703125
9255,8.7373046875,351,1,37,666784,651.15625,667092,651.45703125,680404,664.45703125
9317,8.7978515625,350,1,37,666784,651.15625,667092,651.45703125,680404,664.45703125
9531,9.0068359375,103,-1,37,666784,651.15625,667092,651.45703125,680404,664.45703125
9536,9.01171875,351,1,37,666784,651.15625,667092,651.45703125,680404,664.45703125
308,0.0,15,-1,38,684339,668.2998046875,684647,668.6005859375,697959,681.6005859375
1333,1.0009765625,1,-1,38,684339,668.2998046875,684647,668.6005859375,697959,681.6005859375
8504,8.00390625,115,-1,38,684339,668.2998046875,684647,668.6005859375,697959,681.6005859375
8855,8.3466796875,350,1,38,684339,668.2998046875,684647,668.6005859375,697959,681.6005859375
8954,8.443359375,350,0,38,684339,668.2998046875,684647,668.6005859375,697959,681.6005859375
8957,8.4462890625,351,1,38,684339,668.2998046875,684647,668.6005859375,697959,681.6005859375
8975,8.4638671875,350,1,38,684339,668.2998046875,684647,668.6005859375,697959,681.6005859375
8996,8.484375,351,0,38,684339,668.2998046875,684647,668.6005859375,697959,681.6005859375
9051,8.5380859375,351,1,38,684339,668.2998046875,684647,668.6005859375,697959,681.6005859375
9066,8.552734375,350,1,38,684339,668.2998046875,684647,668.6005859375,697959,681.6005859375
9304,8.78515625,103,-1,38,684339,668.2998046875,684647,668.6005859375,697959,681.6005859375
9346,8.826171875,351,1,38,684339,668.2998046875,684647,668.6005859375,697959,681.6005859375
308,0.0,15,-1,39,701668,685.22265625,701976,685.5234375,715288,698.5234375
1331,0.9990234375,1,-1,39,701668,685.22265625,701976,685.5234375,715288,698.5234375
8265,7.7705078125,350,1,39,701668,685.22265625,701976,685.5234375,715288,698.5234375
8324,7.828125,351,1,39,701668,685.22265625,701976,685.5234375,715288,698.5234375
8503,8.0029296875,115,-1,39,701668,685.22265625,701976,685.5234375,715288,698.5234375
8875,8.3662109375,350,0,39,701668,685.22265625,701976,685.5234375,715288,698.5234375
8890,8.380859375,350,1,39,701668,685.22265625,701976,685.5234375,715288,698.5234375
8904,8.39453125,351,0,39,701668,685.22265625,701976,685.5234375,715288,698.5234375
9116,8.6015625,103,-1,39,701668,685.22265625,701976,685.5234375,715288,698.5234375
9119,8.6044921875,351,1,39,701668,685.22265625,701976,685.5234375,715288,698.5234375
308,0.0,16,-1,40,735087,717.8583984375,735395,718.1591796875,748707,731.1591796875
1331,0.9990234375,1,-1,40,735087,717.8583984375,735395,718.1591796875,748707,731.1591796875
6932,6.46875,350,1,40,735087,717.8583984375,735395,718.1591796875,748707,731.1591796875
6988,6.5234375,351,1,40,735087,717.8583984375,735395,718.1591796875,748707,731.1591796875
8500,8.0,116,-1,40,735087,717.8583984375,735395,718.1591796875,748707,731.1591796875
8880,8.37109375,350,1,40,735087,717.8583984375,735395,718.1591796875,748707,731.1591796875
8944,8.43359375,351,1,40,735087,717.8583984375,735395,718.1591796875,748707,731.1591796875
9166,8.650390625,350,1,40,735087,717.8583984375,735395,718.1591796875,748707,731.1591796875
9248,8.73046875,351,1,40,735087,717.8583984375,735395,718.1591796875,748707,731.1591796875
9287,8.7685546875,350,1,40,735087,717.8583984375,735395,718.1591796875,748707,731.1591796875
9514,8.990234375,103,-1,40,735087,717.8583984375,735395,718.1591796875,748707,731.1591796875
9563,9.0380859375,351,1,40,735087,717.8583984375,735395,718.1591796875,748707,731.1591796875
308,0.0,16,-1,41,756715,738.9794921875,757023,739.2802734375,770335,752.2802734375
1332,1.0,1,-1,41,756715,738.9794921875,757023,739.2802734375,770335,752.2802734375
8502,8.001953125,116,-1,41,756715,738.9794921875,757023,739.2802734375,770335,752.2802734375
9370,8.849609375,350,1,41,756715,738.9794921875,757023,739.2802734375,770335,752.2802734375
9420,8.8984375,351,1,41,756715,738.9794921875,757023,739.2802734375,770335,752.2802734375
9475,8.9521484375,350,1,41,756715,738.9794921875,757023,739.2802734375,770335,752.2802734375
9645,9.1181640625,103,-1,41,756715,738.9794921875,757023,739.2802734375,770335,752.2802734375
9691,9.1630859375,351,1,41,756715,738.9794921875,757023,739.2802734375,770335,752.2802734375
308,0.0,13,-1,42,778476,760.23046875,778784,760.53125,792096,773.53125
1288,0.95703125,350,0,42,778476,760.23046875,778784,760.53125,792096,773.53125
1329,0.9970703125,1,-1,42,778476,760.23046875,778784,760.53125,792096,773.53125
1466,1.130859375,351,0,42,778476,760.23046875,778784,760.53125,792096,773.53125
8500,8.0,113,-1,42,778476,760.23046875,778784,760.53125,792096,773.53125
8902,8.392578125,350,0,42,778476,760.23046875,778784,760.53125,792096,773.53125
9151,8.6357421875,101,-1,42,778476,760.23046875,778784,760.53125,792096,773.53125
9175,8.6591796875,351,0,42,778476,760.23046875,778784,760.53125,792096,773.53125
308,0.0,13,-1,43,799763,781.0185546875,800071,781.3193359375,813383,794.3193359375
1329,0.9970703125,1,-1,43,799763,781.0185546875,800071,781.3193359375,813383,794.3193359375
8499,7.9990234375,113,-1,43,799763,781.0185546875,800071,781.3193359375,813383,794.3193359375
9148,8.6328125,350,0,43,799763,781.0185546875,800071,781.3193359375,813383,794.3193359375
9198,8.681640625,351,0,43,799763,781.0185546875,800071,781.3193359375,813383,794.3193359375
9244,8.7265625,350,0,43,799763,781.0185546875,800071,781.3193359375,813383,794.3193359375
9293,8.7744140625,351,0,43,799763,781.0185546875,800071,781.3193359375,813383,794.3193359375
9423,8.9013671875,350,0,43,799763,781.0185546875,800071,781.3193359375,813383,794.3193359375
9449,8.9267578125,351,0,43,799763,781.0185546875,800071,781.3193359375,813383,794.3193359375
9463,8.9404296875,350,0,43,799763,781.0185546875,800071,781.3193359375,813383,794.3193359375
9486,8.962890625,351,0,43,799763,781.0185546875,800071,781.3193359375,813383,794.3193359375
9525,9.0009765625,350,0,43,799763,781.0185546875,800071,781.3193359375,813383,794.3193359375
9592,9.06640625,351,0,43,799763,781.0185546875,800071,781.3193359375,813383,794.3193359375
9659,9.1318359375,350,0,43,799763,781.0185546875,800071,781.3193359375,813383,794.3193359375
9709,9.1806640625,351,0,43,799763,781.0185546875,800071,781.3193359375,813383,794.3193359375
9897,9.3642578125,350,0,43,799763,781.0185546875,800071,781.3193359375,813383,794.3193359375
9916,9.3828125,351,0,43,799763,781.0185546875,800071,781.3193359375,813383,794.3193359375
9971,9.4365234375,350,0,43,799763,781.0185546875,800071,781.3193359375,813383,794.3193359375
10000,9.46484375,351,0,43,799763,781.0185546875,800071,781.3193359375,813383,794.3193359375
10036,9.5,350,0,43,799763,781.0185546875,800071,781.3193359375,813383,794.3193359375
10081,9.5439453125,351,0,43,799763,781.0185546875,800071,781.3193359375,813383,794.3193359375
10119,9.5810546875,350,0,43,799763,781.0185546875,800071,781.3193359375,813383,794.3193359375
10288,9.74609375,101,-1,43,799763,781.0185546875,800071,781.3193359375,813383,794.3193359375
10327,9.7841796875,351,0,43,799763,781.0185546875,800071,781.3193359375,813383,794.3193359375
308,0.0,16,-1,44,822171,802.9013671875,822479,803.2021484375,835791,816.2021484375
1158,0.830078125,350,1,44,822171,802.9013671875,822479,803.2021484375,835791,816.2021484375
1229,0.8994140625,351,1,44,822171,802.9013671875,822479,803.2021484375,835791,816.2021484375
1333,1.0009765625,1,-1,44,822171,802.9013671875,822479,803.2021484375,835791,816.2021484375
8503,8.0029296875,116,-1,44,822171,802.9013671875,822479,803.2021484375,835791,816.2021484375
8980,8.46875,350,1,44,822171,802.9013671875,822479,803.2021484375,835791,816.2021484375
9189,8.6728515625,103,-1,44,822171,802.9013671875,822479,803.2021484375,835791,816.2021484375
9212,8.6953125,351,1,44,822171,802.9013671875,822479,803.2021484375,835791,816.2021484375
308,0.0,13,-1,45,843508,823.73828125,843816,824.0390625,857128,837.0390625
1330,0.998046875,1,-1,45,843508,823.73828125,843816,824.0390625,857128,837.0390625
1361,1.0283203125,350,0,45,843508,823.73828125,843816,824.0390625,857128,837.0390625
1426,1.091796875,351,0,45,843508,823.73828125,843816,824.0390625,857128,837.0390625
1476,1.140625,350,0,45,843508,823.73828125,843816,824.0390625,857128,837.0390625
1515,1.1787109375,351,0,45,843508,823.73828125,843816,824.0390625,857128,837.0390625
1677,1.3369140625,350,0,45,843508,823.73828125,843816,824.0390625,857128,837.0390625
1715,1.3740234375,351,0,45,843508,823.73828125,843816,824.0390625,857128,837.0390625
1994,1.646484375,350,0,45,843508,823.73828125,843816,824.0390625,857128,837.0390625
2054,1.705078125,351,0,45,843508,823.73828125,843816,824.0390625,857128,837.0390625
2220,1.8671875,350,0,45,843508,823.73828125,843816,824.0390625,857128,837.0390625
2249,1.8955078125,351,0,45,843508,823.73828125,843816,824.0390625,857128,837.0390625
2520,2.16015625,350,0,45,843508,823.73828125,843816,824.0390625,857128,837.0390625
2536,2.17578125,351,0,45,843508,823.73828125,843816,824.0390625,857128,837.0390625
2596,2.234375,350,0,45,843508,823.73828125,843816,824.0390625,857128,837.0390625
2611,2.2490234375,351,0,45,843508,823.73828125,843816,824.0390625,857128,837.0390625
2720,2.35546875,350,0,45,843508,823.73828125,843816,824.0390625,857128,837.0390625
2737,2.3720703125,351,0,45,843508,823.73828125,843816,824.0390625,857128,837.0390625
2912,2.54296875,350,0,45,843508,823.73828125,843816,824.0390625,857128,837.0390625
2928,2.55859375,351,0,45,843508,823.73828125,843816,824.0390625,857128,837.0390625
2976,2.60546875,350,0,45,843508,823.73828125,843816,824.0390625,857128,837.0390625
3033,2.6611328125,351,0,45,843508,823.73828125,843816,824.0390625,857128,837.0390625
3145,2.7705078125,350,0,45,843508,823.73828125,843816,824.0390625,857128,837.0390625
3181,2.8056640625,351,0,45,843508,823.73828125,843816,824.0390625,857128,837.0390625
8499,7.9990234375,113,-1,45,843508,823.73828125,843816,824.0390625,857128,837.0390625
9009,8.4970703125,350,0,45,843508,823.73828125,843816,824.0390625,857128,837.0390625
9069,8.5556640625,351,0,45,843508,823.73828125,843816,824.0390625,857128,837.0390625
9109,8.5947265625,350,0,45,843508,823.73828125,843816,824.0390625,857128,837.0390625
9155,8.6396484375,351,0,45,843508,823.73828125,843816,824.0390625,857128,837.0390625
9176,8.66015625,350,0,45,843508,823.73828125,843816,824.0390625,857128,837.0390625
9204,8.6875,351,0,45,843508,823.73828125,843816,824.0390625,857128,837.0390625
9220,8.703125,350,0,45,843508,823.73828125,843816,824.0390625,857128,837.0390625
9365,8.8447265625,101,-1,45,843508,823.73828125,843816,824.0390625,857128,837.0390625
9373,8.8525390625,351,0,45,843508,823.73828125,843816,824.0390625,857128,837.0390625
308,0.0,13,-1,46,865007,844.7333984375,865315,845.0341796875,878627,858.0341796875
625,0.3095703125,350,0,46,865007,844.7333984375,865315,845.0341796875,878627,858.0341796875
672,0.35546875,351,0,46,865007,844.7333984375,865315,845.0341796875,878627,858.0341796875
726,0.408203125,350,0,46,865007,844.7333984375,865315,845.0341796875,878627,858.0341796875
764,0.4453125,351,0,46,865007,844.7333984375,865315,845.0341796875,878627,858.0341796875
812,0.4921875,350,0,46,865007,844.7333984375,865315,845.0341796875,878627,858.0341796875
873,0.5517578125,351,0,46,865007,844.7333984375,865315,845.0341796875,878627,858.0341796875
939,0.6162109375,350,0,46,865007,844.7333984375,865315,845.0341796875,878627,858.0341796875
995,0.6708984375,351,0,46,865007,844.7333984375,865315,845.0341796875,878627,858.0341796875
1032,0.70703125,350,0,46,865007,844.7333984375,865315,845.0341796875,878627,858.0341796875
1076,0.75,351,0,46,865007,844.7333984375,865315,845.0341796875,878627,858.0341796875
1102,0.775390625,350,0,46,865007,844.7333984375,865315,845.0341796875,878627,858.0341796875
1203,0.8740234375,351,0,46,865007,844.7333984375,865315,845.0341796875,878627,858.0341796875
1226,0.896484375,350,0,46,865007,844.7333984375,865315,845.0341796875,878627,858.0341796875
1298,0.966796875,351,0,46,865007,844.7333984375,865315,845.0341796875,878627,858.0341796875
1331,0.9990234375,1,-1,46,865007,844.7333984375,865315,845.0341796875,878627,858.0341796875
1353,1.0205078125,350,0,46,865007,844.7333984375,865315,845.0341796875,878627,858.0341796875
1389,1.0556640625,351,0,46,865007,844.7333984375,865315,845.0341796875,878627,858.0341796875
1437,1.1025390625,350,0,46,865007,844.7333984375,865315,845.0341796875,878627,858.0341796875
1556,1.21875,351,0,46,865007,844.7333984375,865315,845.0341796875,878627,858.0341796875
1578,1.240234375,350,0,46,865007,844.7333984375,865315,845.0341796875,878627,858.0341796875
1674,1.333984375,351,0,46,865007,844.7333984375,865315,845.0341796875,878627,858.0341796875
1784,1.44140625,350,0,46,865007,844.7333984375,865315,845.0341796875,878627,858.0341796875
1799,1.4560546875,351,0,46,865007,844.7333984375,865315,845.0341796875,878627,858.0341796875
1961,1.6142578125,350,0,46,865007,844.7333984375,865315,845.0341796875,878627,858.0341796875
1978,1.630859375,351,0,46,865007,844.7333984375,865315,845.0341796875,878627,858.0341796875
6219,5.7724609375,350,0,46,865007,844.7333984375,865315,845.0341796875,878627,858.0341796875
6243,5.7958984375,351,0,46,865007,844.7333984375,865315,845.0341796875,878627,858.0341796875
6376,5.92578125,350,0,46,865007,844.7333984375,865315,845.0341796875,878627,858.0341796875
6393,5.9423828125,351,0,46,865007,844.7333984375,865315,845.0341796875,878627,858.0341796875
6516,6.0625,350,0,46,865007,844.7333984375,865315,845.0341796875,878627,858.0341796875
6536,6.08203125,351,0,46,865007,844.7333984375,865315,845.0341796875,878627,858.0341796875
8501,8.0009765625,113,-1,46,865007,844.7333984375,865315,845.0341796875,878627,858.0341796875
9559,9.0341796875,350,0,46,865007,844.7333984375,865315,845.0341796875,878627,858.0341796875
9787,9.2568359375,351,0,46,865007,844.7333984375,865315,845.0341796875,878627,858.0341796875
9882,9.349609375,350,0,46,865007,844.7333984375,865315,845.0341796875,878627,858.0341796875
9992,9.45703125,101,-1,46,865007,844.7333984375,865315,845.0341796875,878627,858.0341796875
10021,9.4853515625,351,0,46,865007,844.7333984375,865315,845.0341796875,878627,858.0341796875
308,0.0,13,-1,47,887138,866.345703125,887446,866.646484375,900758,879.646484375
556,0.2421875,350,0,47,887138,866.345703125,887446,866.646484375,900758,879.646484375
597,0.2822265625,351,0,47,887138,866.345703125,887446,866.646484375,900758,879.646484375
635,0.3193359375,350,0,47,887138,866.345703125,887446,866.646484375,900758,879.646484375
683,0.3662109375,351,0,47,887138,866.345703125,887446,866.646484375,900758,879.646484375
754,0.435546875,350,0,47,887138,866.345703125,887446,866.646484375,900758,879.646484375
813,0.4931640625,351,0,47,887138,866.345703125,887446,866.646484375,900758,879.646484375
965,0.6416015625,350,0,47,887138,866.345703125,887446,866.646484375,900758,879.646484375
1033,0.7080078125,351,0,47,887138,866.345703125,887446,866.646484375,900758,879.646484375
1113,0.7861328125,350,0,47,887138,866.345703125,887446,866.646484375,900758,879.646484375
1214,0.884765625,351,0,47,887138,866.345703125,887446,866.646484375,900758,879.646484375
1234,0.904296875,350,0,47,887138,866.345703125,887446,866.646484375,900758,879.646484375
1277,0.9462890625,351,0,47,887138,866.345703125,887446,866.646484375,900758,879.646484375
1300,0.96875,350,0,47,887138,866.345703125,887446,866.646484375,900758,879.646484375
1330,0.998046875,1,-1,47,887138,866.345703125,887446,866.646484375,900758,879.646484375
1343,1.0107421875,351,0,47,887138,866.345703125,887446,866.646484375,900758,879.646484375
1415,1.0810546875,350,0,47,887138,866.345703125,887446,866.646484375,900758,879.646484375
1490,1.154296875,351,0,47,887138,866.345703125,887446,866.646484375,900758,879.646484375
1550,1.212890625,350,0,47,887138,866.345703125,887446,866.646484375,900758,879.646484375
1623,1.2841796875,351,0,47,887138,866.345703125,887446,866.646484375,900758,879.646484375
1699,1.3583984375,350,0,47,887138,866.345703125,887446,866.646484375,900758,879.646484375
1715,1.3740234375,351,0,47,887138,866.345703125,887446,866.646484375,900758,879.646484375
5523,5.0927734375,350,0,47,887138,866.345703125,887446,866.646484375,900758,879.646484375
5544,5.11328125,351,0,47,887138,866.345703125,887446,866.646484375,900758,879.646484375
5681,5.2470703125,350,0,47,887138,866.345703125,887446,866.646484375,900758,879.646484375
5697,5.2626953125,351,0,47,887138,866.345703125,887446,866.646484375,900758,879.646484375
5770,5.333984375,350,0,47,887138,866.345703125,887446,866.646484375,900758,879.646484375
5823,5.3857421875,351,0,47,887138,866.345703125,887446,866.646484375,900758,879.646484375
5897,5.4580078125,350,0,47,887138,866.345703125,887446,866.646484375,900758,879.646484375
5947,5.5068359375,351,0,47,887138,866.345703125,887446,866.646484375,900758,879.646484375
6045,5.6025390625,350,0,47,887138,866.345703125,887446,866.646484375,900758,879.646484375
6076,5.6328125,351,0,47,887138,866.345703125,887446,866.646484375,900758,879.646484375
6156,5.7109375,350,0,47,887138,866.345703125,887446,866.646484375,900758,879.646484375
6173,5.7275390625,351,0,47,887138,866.345703125,887446,866.646484375,900758,879.646484375
6268,5.8203125,350,0,47,887138,866.345703125,887446,866.646484375,900758,879.646484375
6285,5.8369140625,351,0,47,887138,866.345703125,887446,866.646484375,900758,879.646484375
6350,5.900390625,350,0,47,887138,866.345703125,887446,866.646484375,900758,879.646484375
6366,5.916015625,351,0,47,887138,866.345703125,887446,866.646484375,900758,879.646484375
6414,5.962890625,350,0,47,887138,866.345703125,887446,866.646484375,900758,879.646484375
6462,6.009765625,351,0,47,887138,866.345703125,887446,866.646484375,900758,879.646484375
6537,6.0830078125,350,0,47,887138,866.345703125,887446,866.646484375,900758,879.646484375
6554,6.099609375,351,0,47,887138,866.345703125,887446,866.646484375,900758,879.646484375
6607,6.1513671875,350,0,47,887138,866.345703125,887446,866.646484375,900758,879.646484375
6632,6.17578125,351,0,47,887138,866.345703125,887446,866.646484375,900758,879.646484375
6703,6.2451171875,350,0,47,887138,866.345703125,887446,866.646484375,900758,879.646484375
6729,6.2705078125,351,0,47,887138,866.345703125,887446,866.646484375,900758,879.646484375
6798,6.337890625,350,0,47,887138,866.345703125,887446,866.646484375,900758,879.646484375
6814,6.353515625,351,0,47,887138,866.345703125,887446,866.646484375,900758,879.646484375
6859,6.3974609375,350,0,47,887138,866.345703125,887446,866.646484375,900758,879.646484375
6914,6.451171875,351,0,47,887138,866.345703125,887446,866.646484375,900758,879.646484375
6994,6.529296875,350,0,47,887138,866.345703125,887446,866.646484375,900758,879.646484375
7010,6.544921875,351,0,47,887138,866.345703125,887446,866.646484375,900758,879.646484375
7071,6.6044921875,350,0,47,887138,866.345703125,887446,866.646484375,900758,879.646484375
7106,6.638671875,351,0,47,887138,866.345703125,887446,866.646484375,900758,879.646484375
7162,6.693359375,350,0,47,887138,866.345703125,887446,866.646484375,900758,879.646484375
7217,6.7470703125,351,0,47,887138,866.345703125,887446,866.646484375,900758,879.646484375
7314,6.841796875,350,0,47,887138,866.345703125,887446,866.646484375,900758,879.646484375
7336,6.86328125,351,0,47,887138,866.345703125,887446,866.646484375,900758,879.646484375
7384,6.91015625,350,0,47,887138,866.345703125,887446,866.646484375,900758,879.646484375
7441,6.9658203125,351,0,47,887138,866.345703125,887446,866.646484375,900758,879.646484375
7535,7.0576171875,350,0,47,887138,866.345703125,887446,866.646484375,900758,879.646484375
7551,7.0732421875,351,0,47,887138,866.345703125,887446,866.646484375,900758,879.646484375
7597,7.1181640625,350,0,47,887138,866.345703125,887446,866.646484375,900758,879.646484375
7652,7.171875,351,0,47,887138,866.345703125,887446,866.646484375,900758,879.646484375
7715,7.2333984375,350,0,47,887138,866.345703125,887446,866.646484375,900758,879.646484375
7755,7.2724609375,351,0,47,887138,866.345703125,887446,866.646484375,900758,879.646484375
7815,7.3310546875,350,0,47,887138,866.345703125,887446,866.646484375,900758,879.646484375
7845,7.3603515625,351,0,47,887138,866.345703125,887446,866.646484375,900758,879.646484375
7911,7.4248046875,350,0,47,887138,866.345703125,887446,866.646484375,900758,879.646484375
7927,7.4404296875,351,0,47,887138,866.345703125,887446,866.646484375,900758,879.646484375
7968,7.48046875,350,0,47,887138,866.345703125,887446,866.646484375,900758,879.646484375
8018,7.529296875,351,0,47,887138,866.345703125,887446,866.646484375,900758,879.646484375
8054,7.564453125,350,0,47,887138,866.345703125,887446,866.646484375,900758,879.646484375
8094,7.603515625,351,0,47,887138,866.345703125,887446,866.646484375,900758,879.646484375
8153,7.6611328125,350,0,47,887138,866.345703125,887446,866.646484375,900758,879.646484375
8185,7.6923828125,351,0,47,887138,866.345703125,887446,866.646484375,900758,879.646484375
8254,7.759765625,350,0,47,887138,866.345703125,887446,866.646484375,900758,879.646484375
8285,7.7900390625,351,0,47,887138,866.345703125,887446,866.646484375,900758,879.646484375
8313,7.8173828125,350,0,47,887138,866.345703125,887446,866.646484375,900758,879.646484375
8350,7.853515625,351,0,47,887138,866.345703125,887446,866.646484375,900758,879.646484375
8411,7.9130859375,350,0,47,887138,866.345703125,887446,866.646484375,900758,879.646484375
8443,7.9443359375,351,0,47,887138,866.345703125,887446,866.646484375,900758,879.646484375
8497,7.9970703125,350,0,47,887138,866.345703125,887446,866.646484375,900758,879.646484375
8500,8.0,113,-1,47,887138,866.345703125,887446,866.646484375,900758,879.646484375
8527,8.0263671875,351,0,47,887138,866.345703125,887446,866.646484375,900758,879.646484375
8605,8.1025390625,350,0,47,887138,866.345703125,887446,866.646484375,900758,879.646484375
8621,8.1181640625,351,0,47,887138,866.345703125,887446,866.646484375,900758,879.646484375
8708,8.203125,350,0,47,887138,866.345703125,887446,866.646484375,900758,879.646484375
8724,8.21875,351,0,47,887138,866.345703125,887446,866.646484375,900758,879.646484375
8824,8.31640625,350,0,47,887138,866.345703125,887446,866.646484375,900758,879.646484375
8840,8.33203125,351,0,47,887138,866.345703125,887446,866.646484375,900758,879.646484375
8959,8.4482421875,350,0,47,887138,866.345703125,887446,866.646484375,900758,879.646484375
8996,8.484375,351,0,47,887138,866.345703125,887446,866.646484375,900758,879.646484375
9134,8.619140625,350,0,47,887138,866.345703125,887446,866.646484375,900758,879.646484375
9150,8.634765625,351,0,47,887138,866.345703125,887446,866.646484375,900758,879.646484375
9230,8.712890625,350,0,47,887138,866.345703125,887446,866.646484375,900758,879.646484375
9286,8.767578125,351,0,47,887138,866.345703125,887446,866.646484375,900758,879.646484375
9342,8.822265625,350,0,47,887138,866.345703125,887446,866.646484375,900758,879.646484375
9379,8.8583984375,351,0,47,887138,866.345703125,887446,866.646484375,900758,879.646484375
9419,8.8974609375,350,0,47,887138,866.345703125,887446,866.646484375,900758,879.646484375
9715,9.1865234375,101,-1,47,887138,866.345703125,887446,866.646484375,900758,879.646484375
9748,9.21875,351,0,47,887138,866.345703125,887446,866.646484375,900758,879.646484375
308,0.0,16,-1,48,908982,887.677734375,909290,887.978515625,922602,900.978515625
649,0.3330078125,350,1,48,908982,887.677734375,909290,887.978515625,922602,900.978515625
710,0.392578125,351,1,48,908982,887.677734375,909290,887.978515625,922602,900.978515625
840,0.51953125,350,1,48,908982,887.677734375,909290,887.978515625,922602,900.978515625
914,0.591796875,351,1,48,908982,887.677734375,909290,887.978515625,922602,900.978515625
916,0.59375,350,0,48,908982,887.677734375,909290,887.978515625,922602,900.978515625
935,0.6123046875,351,0,48,908982,887.677734375,909290,887.978515625,922602,900.978515625
936,0.61328125,350,1,48,908982,887.677734375,909290,887.978515625,922602,900.978515625
990,0.666015625,351,1,48,908982,887.677734375,909290,887.978515625,922602,900.978515625
1332,1.0,1,-1,48,908982,887.677734375,909290,887.978515625,922602,900.978515625
2751,2.3857421875,350,1,48,908982,887.677734375,909290,887.978515625,922602,900.978515625
2874,2.505859375,351,1,48,908982,887.677734375,909290,887.978515625,922602,900.978515625
2943,2.5732421875,350,1,48,908982,887.677734375,909290,887.978515625,922602,900.978515625
2981,2.6103515625,351,1,48,908982,887.677734375,909290,887.978515625,922602,900.978515625
3351,2.9716796875,350,1,48,908982,887.677734375,909290,887.978515625,922602,900.978515625
3401,3.0205078125,351,1,48,908982,887.677734375,909290,887.978515625,922602,900.978515625
3719,3.3310546875,350,1,48,908982,887.677734375,909290,887.978515625,922602,900.978515625
3761,3.3720703125,351,1,48,908982,887.677734375,909290,887.978515625,922602,900.978515625
3822,3.431640625,350,1,48,908982,887.677734375,909290,887.978515625,922602,900.978515625
3880,3.48828125,351,1,48,908982,887.677734375,909290,887.978515625,922602,900.978515625
5762,5.326171875,350,0,48,908982,887.677734375,909290,887.978515625,922602,900.978515625
5822,5.384765625,351,0,48,908982,887.677734375,909290,887.978515625,922602,900.978515625
5932,5.4921875,350,0,48,908982,887.677734375,909290,887.978515625,922602,900.978515625
5953,5.5126953125,351,0,48,908982,887.677734375,909290,887.978515625,922602,900.978515625
6049,5.6064453125,350,0,48,908982,887.677734375,909290,887.978515625,922602,900.978515625
6079,5.6357421875,351,0,48,908982,887.677734375,909290,887.978515625,922602,900.978515625
6168,5.72265625,350,0,48,908982,887.677734375,909290,887.978515625,922602,900.978515625
6195,5.7490234375,351,0,48,908982,887.677734375,909290,887.978515625,922602,900.978515625
6237,5.7900390625,350,0,48,908982,887.677734375,909290,887.978515625,922602,900.978515625
6288,5.83984375,351,0,48,908982,887.677734375,909290,887.978515625,922602,900.978515625
6374,5.923828125,350,0,48,908982,887.677734375,909290,887.978515625,922602,900.978515625
6410,5.958984375,351,0,48,908982,887.677734375,909290,887.978515625,922602,900.978515625
6479,6.0263671875,350,0,48,908982,887.677734375,909290,887.978515625,922602,900.978515625
6507,6.0537109375,351,0,48,908982,887.677734375,909290,887.978515625,922602,900.978515625
6609,6.1533203125,350,0,48,908982,887.677734375,909290,887.978515625,922602,900.978515625
6625,6.1689453125,351,0,48,908982,887.677734375,909290,887.978515625,922602,900.978515625
6693,6.2353515625,350,0,48,908982,887.677734375,909290,887.978515625,922602,900.978515625
6714,6.255859375,351,0,48,908982,887.677734375,909290,887.978515625,922602,900.978515625
6797,6.3369140625,350,0,48,908982,887.677734375,909290,887.978515625,922602,900.978515625
6812,6.3515625,351,0,48,908982,887.677734375,909290,887.978515625,922602,900.978515625
6883,6.4208984375,350,0,48,908982,887.677734375,909290,887.978515625,922602,900.978515625
6900,6.4375,351,0,48,908982,887.677734375,909290,887.978515625,922602,900.978515625
6956,6.4921875,350,0,48,908982,887.677734375,909290,887.978515625,922602,900.978515625
6985,6.5205078125,351,0,48,908982,887.677734375,909290,887.978515625,922602,900.978515625
7057,6.5908203125,350,0,48,908982,887.677734375,909290,887.978515625,922602,900.978515625
7073,6.6064453125,351,0,48,908982,887.677734375,909290,887.978515625,922602,900.978515625
7117,6.6494140625,350,0,48,908982,887.677734375,909290,887.978515625,922602,900.978515625
7144,6.67578125,351,0,48,908982,887.677734375,909290,887.978515625,922602,900.978515625
7199,6.7294921875,350,0,48,908982,887.677734375,909290,887.978515625,922602,900.978515625
7228,6.7578125,351,0,48,908982,887.677734375,909290,887.978515625,922602,900.978515625
7288,6.81640625,350,0,48,908982,887.677734375,909290,887.978515625,922602,900.978515625
7310,6.837890625,351,0,48,908982,887.677734375,909290,887.978515625,922602,900.978515625
7345,6.8720703125,350,0,48,908982,887.677734375,909290,887.978515625,922602,900.978515625
7390,6.916015625,351,0,48,908982,887.677734375,909290,887.978515625,922602,900.978515625
7439,6.9638671875,350,0,48,908982,887.677734375,909290,887.978515625,922602,900.978515625
7497,7.0205078125,351,0,48,908982,887.677734375,909290,887.978515625,922602,900.978515625
7581,7.1025390625,350,0,48,908982,887.677734375,909290,887.978515625,922602,900.978515625
7601,7.1220703125,351,0,48,908982,887.677734375,909290,887.978515625,922602,900.978515625
7655,7.1748046875,350,0,48,908982,887.677734375,909290,887.978515625,922602,900.978515625
7695,7.2138671875,351,0,48,908982,887.677734375,909290,887.978515625,922602,900.978515625
7780,7.296875,350,0,48,908982,887.677734375,909290,887.978515625,922602,900.978515625
7796,7.3125,351,0,48,908982,887.677734375,909290,887.978515625,922602,900.978515625
7845,7.3603515625,350,0,48,908982,887.677734375,909290,887.978515625,922602,900.978515625
7903,7.4169921875,351,0,48,908982,887.677734375,909290,887.978515625,922602,900.978515625
7969,7.4814453125,350,0,48,908982,887.677734375,909290,887.978515625,922602,900.978515625
7991,7.5029296875,351,0,48,908982,887.677734375,909290,887.978515625,922602,900.978515625
8082,7.591796875,350,0,48,908982,887.677734375,909290,887.978515625,922602,900.978515625
8099,7.6083984375,351,0,48,908982,887.677734375,909290,887.978515625,922602,900.978515625
8169,7.6767578125,350,0,48,908982,887.677734375,909290,887.978515625,922602,900.978515625
8230,7.736328125,351,0,48,908982,887.677734375,909290,887.978515625,922602,900.978515625
8273,7.7783203125,350,0,48,908982,887.677734375,909290,887.978515625,922602,900.978515625
8325,7.8291015625,351,0,48,908982,887.677734375,909290,887.978515625,922602,900.978515625
8431,7.9326171875,350,0,48,908982,887.677734375,909290,887.978515625,922602,900.978515625
8486,7.986328125,351,0,48,908982,887.677734375,909290,887.978515625,922602,900.978515625
8503,8.0029296875,116,-1,48,908982,887.677734375,909290,887.978515625,922602,900.978515625
8595,8.0927734375,350,0,48,908982,887.677734375,909290,887.978515625,922602,900.978515625
8636,8.1328125,351,0,48,908982,887.677734375,909290,887.978515625,922602,900.978515625
8785,8.2783203125,350,0,48,908982,887.677734375,909290,887.978515625,922602,900.978515625
8803,8.2958984375,351,0,48,908982,887.677734375,909290,887.978515625,922602,900.978515625
8897,8.3876953125,350,1,48,908982,887.677734375,909290,887.978515625,922602,900.978515625
8913,8.4033203125,350,0,48,908982,887.677734375,909290,887.978515625,922602,900.978515625
8930,8.419921875,351,0,48,908982,887.677734375,909290,887.978515625,922602,900.978515625
8969,8.4580078125,351,1,48,908982,887.677734375,909290,887.978515625,922602,900.978515625
8983,8.4716796875,350,0,48,908982,887.677734375,909290,887.978515625,922602,900.978515625
9018,8.505859375,350,1,48,908982,887.677734375,909290,887.978515625,922602,900.978515625
9043,8.5302734375,351,0,48,908982,887.677734375,909290,887.978515625,922602,900.978515625
9119,8.6044921875,350,0,48,908982,887.677734375,909290,887.978515625,922602,900.978515625
9128,8.61328125,351,1,48,908982,887.677734375,909290,887.978515625,922602,900.978515625
9141,8.6259765625,350,1,48,908982,887.677734375,909290,887.978515625,922602,900.978515625
9176,8.66015625,351,0,48,908982,887.677734375,909290,887.978515625,922602,900.978515625
9211,8.6943359375,351,1,48,908982,887.677734375,909290,887.978515625,922602,900.978515625
9247,8.7294921875,350,1,48,908982,887.677734375,909290,887.978515625,922602,900.978515625
9280,8.76171875,351,1,48,908982,887.677734375,909290,887.978515625,922602,900.978515625
9283,8.7646484375,350,0,48,908982,887.677734375,909290,887.978515625,922602,900.978515625
9300,8.78125,351,0,48,908982,887.677734375,909290,887.978515625,922602,900.978515625
9347,8.8271484375,350,0,48,908982,887.677734375,909290,887.978515625,922602,900.978515625
9404,8.8828125,351,0,48,908982,887.677734375,909290,887.978515625,922602,900.978515625
9478,8.955078125,350,0,48,908982,887.677734375,909290,887.978515625,922602,900.978515625
9495,8.9716796875,351,0,48,908982,887.677734375,909290,887.978515625,922602,900.978515625
9608,9.08203125,350,0,48,908982,887.677734375,909290,887.978515625,922602,900.978515625
9624,9.09765625,351,0,48,908982,887.677734375,909290,887.978515625,922602,900.978515625
9693,9.1650390625,350,1,48,908982,887.677734375,909290,887.978515625,922602,900.978515625
9704,9.17578125,350,0,48,908982,887.677734375,909290,887.978515625,922602,900.978515625
9730,9.201171875,351,0,48,908982,887.677734375,909290,887.978515625,922602,900.978515625
9809,9.2783203125,350,0,48,908982,887.677734375,909290,887.978515625,922602,900.978515625
9825,9.2939453125,351,0,48,908982,887.677734375,909290,887.978515625,922602,900.978515625
9831,9.2998046875,103,-1,48,908982,887.677734375,909290,887.978515625,922602,900.978515625
9869,9.3369140625,351,1,48,908982,887.677734375,909290,887.978515625,922602,900.978515625
308,0.0,16,-1,49,930945,909.1259765625,931253,909.4267578125,944565,922.4267578125
1331,0.9990234375,1,-1,49,930945,909.1259765625,931253,909.4267578125,944565,922.4267578125
6881,6.4189453125,350,0,49,930945,909.1259765625,931253,909.4267578125,944565,922.4267578125
6941,6.4775390625,351,0,49,930945,909.1259765625,931253,909.4267578125,944565,922.4267578125
7042,6.576171875,350,0,49,930945,909.1259765625,931253,909.4267578125,944565,922.4267578125
7088,6.62109375,351,0,49,930945,909.1259765625,931253,909.4267578125,944565,922.4267578125
7174,6.705078125,350,0,49,930945,909.1259765625,931253,909.4267578125,944565,922.4267578125
7210,6.740234375,351,0,49,930945,909.1259765625,931253,909.4267578125,944565,922.4267578125
7321,6.8486328125,350,0,49,930945,909.1259765625,931253,909.4267578125,944565,922.4267578125
7379,6.9052734375,351,0,49,930945,909.1259765625,931253,909.4267578125,944565,922.4267578125
7487,7.0107421875,350,0,49,930945,909.1259765625,931253,909.4267578125,944565,922.4267578125
7536,7.05859375,351,0,49,930945,909.1259765625,931253,909.4267578125,944565,922.4267578125
7633,7.1533203125,350,0,49,930945,909.1259765625,931253,909.4267578125,944565,922.4267578125
7672,7.19140625,351,0,49,930945,909.1259765625,931253,909.4267578125,944565,922.4267578125
7856,7.37109375,350,0,49,930945,909.1259765625,931253,909.4267578125,944565,922.4267578125
7873,7.3876953125,351,0,49,930945,909.1259765625,931253,909.4267578125,944565,922.4267578125
8043,7.5537109375,350,0,49,930945,909.1259765625,931253,909.4267578125,944565,922.4267578125
8061,7.5712890625,351,0,49,930945,909.1259765625,931253,909.4267578125,944565,922.4267578125
8173,7.6806640625,350,0,49,930945,909.1259765625,931253,909.4267578125,944565,922.4267578125
8217,7.7236328125,351,0,49,930945,909.1259765625,931253,909.4267578125,944565,922.4267578125
8318,7.822265625,350,0,49,930945,909.1259765625,931253,909.4267578125,944565,922.4267578125
8347,7.8505859375,351,0,49,930945,909.1259765625,931253,909.4267578125,944565,922.4267578125
8477,7.9775390625,350,0,49,930945,909.1259765625,931253,909.4267578125,944565,922.4267578125
8494,7.994140625,351,0,49,930945,909.1259765625,931253,909.4267578125,944565,922.4267578125
8501,8.0009765625,116,-1,49,930945,909.1259765625,931253,909.4267578125,944565,922.4267578125
8603,8.1005859375,350,0,49,930945,909.1259765625,931253,909.4267578125,944565,922.4267578125
8626,8.123046875,351,0,49,930945,909.1259765625,931253,909.4267578125,944565,922.4267578125
8720,8.21484375,350,0,49,930945,909.1259765625,931253,909.4267578125,944565,922.4267578125
8754,8.248046875,351,0,49,930945,909.1259765625,931253,909.4267578125,944565,922.4267578125
8831,8.3232421875,350,0,49,930945,909.1259765625,931253,909.4267578125,944565,922.4267578125
8892,8.3828125,351,0,49,930945,909.1259765625,931253,909.4267578125,944565,922.4267578125
9102,8.587890625,350,0,49,930945,909.1259765625,931253,909.4267578125,944565,922.4267578125
9119,8.6044921875,351,0,49,930945,909.1259765625,931253,909.4267578125,944565,922.4267578125
9292,8.7734375,350,0,49,930945,909.1259765625,931253,909.4267578125,944565,922.4267578125
9340,8.8203125,351,0,49,930945,909.1259765625,931253,909.4267578125,944565,922.4267578125
9402,8.880859375,350,0,49,930945,909.1259765625,931253,909.4267578125,944565,922.4267578125
9430,8.908203125,350,1,49,930945,909.1259765625,931253,909.4267578125,944565,922.4267578125
9463,8.9404296875,351,0,49,930945,909.1259765625,931253,909.4267578125,944565,922.4267578125
9517,8.9931640625,350,0,49,930945,909.1259765625,931253,909.4267578125,944565,922.4267578125
9571,9.0458984375,351,0,49,930945,909.1259765625,931253,909.4267578125,944565,922.4267578125
9608,9.08203125,351,1,49,930945,909.1259765625,931253,909.4267578125,944565,922.4267578125
9621,9.0947265625,350,1,49,930945,909.1259765625,931253,909.4267578125,944565,922.4267578125
9659,9.1318359375,350,0,49,930945,909.1259765625,931253,909.4267578125,944565,922.4267578125
9692,9.1640625,351,0,49,930945,909.1259765625,931253,909.4267578125,944565,922.4267578125
9693,9.1650390625,351,1,49,930945,909.1259765625,931253,909.4267578125,944565,922.4267578125
9711,9.1826171875,350,1,49,930945,909.1259765625,931253,909.4267578125,944565,922.4267578125
9801,9.2705078125,350,0,49,930945,909.1259765625,931253,909.4267578125,944565,922.4267578125
9821,9.2900390625,351,0,49,930945,909.1259765625,931253,909.4267578125,944565,922.4267578125
9905,9.3720703125,350,0,49,930945,909.1259765625,931253,909.4267578125,944565,922.4267578125
9926,9.392578125,351,0,49,930945,909.1259765625,931253,909.4267578125,944565,922.4267578125
9995,9.4599609375,350,0,49,930945,909.1259765625,931253,909.4267578125,944565,922.4267578125
10012,9.4765625,103,-1,49,930945,909.1259765625,931253,909.4267578125,944565,922.4267578125
10026,9.490234375,351,0,49,930945,909.1259765625,931253,909.4267578125,944565,922.4267578125
10046,9.509765625,351,1,49,930945,909.1259765625,931253,909.4267578125,944565,922.4267578125
308,0.0,13,-1,50,953065,930.7275390625,953373,931.0283203125,966685,944.0283203125
1330,0.998046875,1,-1,50,953065,930.7275390625,953373,931.0283203125,966685,944.0283203125
8238,7.744140625,350,0,50,953065,930.7275390625,953373,931.0283203125,966685,944.0283203125
8257,7.7626953125,351,0,50,953065,930.7275390625,953373,931.0283203125,966685,944.0283203125
8501,8.0009765625,113,-1,50,953065,930.7275390625,953373,931.0283203125,966685,944.0283203125
8624,8.12109375,350,0,50,953065,930.7275390625,953373,931.0283203125,966685,944.0283203125
8691,8.1865234375,351,0,50,953065,930.7275390625,953373,931.0283203125,966685,944.0283203125
8772,8.265625,350,0,50,953065,930.7275390625,953373,931.0283203125,966685,944.0283203125
8789,8.2822265625,351,0,50,953065,930.7275390625,953373,931.0283203125,966685,944.0283203125
8887,8.3779296875,350,0,50,953065,930.7275390625,953373,931.0283203125,966685,944.0283203125
8909,8.3994140625,351,0,50,953065,930.7275390625,953373,931.0283203125,966685,944.0283203125
8944,8.43359375,350,0,50,953065,930.7275390625,953373,931.0283203125,966685,944.0283203125
9006,8.494140625,351,0,50,953065,930.7275390625,953373,931.0283203125,966685,944.0283203125
9043,8.5302734375,350,0,50,953065,930.7275390625,953373,931.0283203125,966685,944.0283203125
9090,8.576171875,351,0,50,953065,930.7275390625,953373,931.0283203125,966685,944.0283203125
9125,8.6103515625,350,0,50,953065,930.7275390625,953373,931.0283203125,966685,944.0283203125
9403,8.8818359375,101,-1,50,953065,930.7275390625,953373,931.0283203125,966685,944.0283203125
9456,8.93359375,351,0,50,953065,930.7275390625,953373,931.0283203125,966685,944.0283203125
308,0.0,16,-1,51,974592,951.75,974900,952.05078125,988212,965.05078125
1247,0.9169921875,350,1,51,974592,951.75,974900,952.05078125,988212,965.05078125
1319,0.9873046875,351,1,51,974592,951.75,974900,952.05078125,988212,965.05078125
1332,1.0,1,-1,51,974592,951.75,974900,952.05078125,988212,965.05078125
1338,1.005859375,350,1,51,974592,951.75,974900,952.05078125,988212,965.05078125
1410,1.076171875,351,1,51,974592,951.75,974900,952.05078125,988212,965.05078125
1499,1.1630859375,350,1,51,974592,951.75,974900,952.05078125,988212,965.05078125
1538,1.201171875,351,1,51,974592,951.75,974900,952.05078125,988212,965.05078125
1558,1.220703125,350,1,51,974592,951.75,974900,952.05078125,988212,965.05078125
1834,1.490234375,351,1,51,974592,951.75,974900,952.05078125,988212,965.05078125
1875,1.5302734375,350,1,51,974592,951.75,974900,952.05078125,988212,965.05078125
1955,1.6083984375,351,1,51,974592,951.75,974900,952.05078125,988212,965.05078125
8502,8.001953125,116,-1,51,974592,951.75,974900,952.05078125,988212,965.05078125
8810,8.302734375,350,1,51,974592,951.75,974900,952.05078125,988212,965.05078125
8841,8.3330078125,351,1,51,974592,951.75,974900,952.05078125,988212,965.05078125
8909,8.3994140625,350,1,51,974592,951.75,974900,952.05078125,988212,965.05078125
9302,8.783203125,103,-1,51,974592,951.75,974900,952.05078125,988212,965.05078125
9374,8.853515625,351,1,51,974592,951.75,974900,952.05078125,988212,965.05078125
308,0.0,16,-1,52,996014,972.669921875,996322,972.970703125,1009634,985.970703125
619,0.3037109375,350,1,52,996014,972.669921875,996322,972.970703125,1009634,985.970703125
725,0.4072265625,351,1,52,996014,972.669921875,996322,972.970703125,1009634,985.970703125
1333,1.0009765625,1,-1,52,996014,972.669921875,996322,972.970703125,1009634,985.970703125
1497,1.1611328125,350,1,52,996014,972.669921875,996322,972.970703125,1009634,985.970703125
1556,1.21875,351,1,52,996014,972.669921875,996322,972.970703125,1009634,985.970703125
8503,8.0029296875,116,-1,52,996014,972.669921875,996322,972.970703125,1009634,985.970703125
9138,8.623046875,350,1,52,996014,972.669921875,996322,972.970703125,1009634,985.970703125
9255,8.7373046875,351,1,52,996014,972.669921875,996322,972.970703125,1009634,985.970703125
9281,8.7626953125,350,1,52,996014,972.669921875,996322,972.970703125,1009634,985.970703125
9524,9.0,103,-1,52,996014,972.669921875,996322,972.970703125,1009634,985.970703125
9553,9.0283203125,351,1,52,996014,972.669921875,996322,972.970703125,1009634,985.970703125
308,0.0,16,-1,53,1017661,993.8095703125,1017969,994.1103515625,1031281,1007.1103515625
1332,1.0,1,-1,53,1017661,993.8095703125,1017969,994.1103515625,1031281,1007.1103515625
8503,8.0029296875,116,-1,53,1017661,993.8095703125,1017969,994.1103515625,1031281,1007.1103515625
8986,8.474609375,350,1,53,1017661,993.8095703125,1017969,994.1103515625,1031281,1007.1103515625
9156,8.640625,103,-1,53,1017661,993.8095703125,1017969,994.1103515625,1031281,1007.1103515625
9177,8.6611328125,351,1,53,1017661,993.8095703125,1017969,994.1103515625,1031281,1007.1103515625
308,0.0,16,-1,54,1038953,1014.6025390625,1039261,1014.9033203125,1052573,1027.9033203125
1332,1.0,1,-1,54,1038953,1014.6025390625,1039261,1014.9033203125,1052573,1027.9033203125
1547,1.2099609375,350,0,54,1038953,1014.6025390625,1039261,1014.9033203125,1052573,1027.9033203125
1602,1.263671875,351,0,54,1038953,1014.6025390625,1039261,1014.9033203125,1052573,1027.9033203125
2899,2.5302734375,350,1,54,1038953,1014.6025390625,1039261,1014.9033203125,1052573,1027.9033203125
2965,2.5947265625,351,1,54,1038953,1014.6025390625,1039261,1014.9033203125,1052573,1027.9033203125
3307,2.9287109375,350,1,54,1038953,1014.6025390625,1039261,1014.9033203125,1052573,1027.9033203125
3402,3.021484375,351,1,54,1038953,1014.6025390625,1039261,1014.9033203125,1052573,1027.9033203125
3540,3.15625,350,1,54,1038953,1014.6025390625,1039261,1014.9033203125,1052573,1027.9033203125
3582,3.197265625,351,1,54,1038953,1014.6025390625,1039261,1014.9033203125,1052573,1027.9033203125
8503,8.0029296875,116,-1,54,1038953,1014.6025390625,1039261,1014.9033203125,1052573,1027.9033203125
9034,8.521484375,350,1,54,1038953,1014.6025390625,1039261,1014.9033203125,1052573,1027.9033203125
9134,8.619140625,351,1,54,1038953,1014.6025390625,1039261,1014.9033203125,1052573,1027.9033203125
9157,8.6416015625,350,1,54,1038953,1014.6025390625,1039261,1014.9033203125,1052573,1027.9033203125
9335,8.8154296875,103,-1,54,1038953,1014.6025390625,1039261,1014.9033203125,1052573,1027.9033203125
9393,8.8720703125,351,1,54,1038953,1014.6025390625,1039261,1014.9033203125,1052573,1027.9033203125
308,0.0,16,-1,55,1060407,1035.5537109375,1060715,1035.8544921875,1074027,1048.8544921875
1332,1.0,1,-1,55,1060407,1035.5537109375,1060715,1035.8544921875,1074027,1048.8544921875
8107,7.6162109375,350,1,55,1060407,1035.5537109375,1060715,1035.8544921875,1074027,1048.8544921875
8165,7.6728515625,351,1,55,1060407,1035.5537109375,1060715,1035.8544921875,1074027,1048.8544921875
8405,7.9072265625,350,1,55,1060407,1035.5537109375,1060715,1035.8544921875,1074027,1048.8544921875
8464,7.96484375,351,1,55,1060407,1035.5537109375,1060715,1035.8544921875,1074027,1048.8544921875
8502,8.001953125,116,-1,55,1060407,1035.5537109375,1060715,1035.8544921875,1074027,1048.8544921875
8772,8.265625,350,1,55,1060407,1035.5537109375,1060715,1035.8544921875,1074027,1048.8544921875
8848,8.33984375,351,1,55,1060407,1035.5537109375,1060715,1035.8544921875,1074027,1048.8544921875
8868,8.359375,350,1,55,1060407,1035.5537109375,1060715,1035.8544921875,1074027,1048.8544921875
9044,8.53125,350,0,55,1060407,1035.5537109375,1060715,1035.8544921875,1074027,1048.8544921875
9081,8.5673828125,351,0,55,1060407,1035.5537109375,1060715,1035.8544921875,1074027,1048.8544921875
9118,8.603515625,103,-1,55,1060407,1035.5537109375,1060715,1035.8544921875,1074027,1048.8544921875
9167,8.6513671875,351,1,55,1060407,1035.5537109375,1060715,1035.8544921875,1074027,1048.8544921875
308,0.0,13,-1,56,1081649,1056.2978515625,1081957,1056.5986328125,1095269,1069.5986328125
1330,0.998046875,1,-1,56,1081649,1056.2978515625,1081957,1056.5986328125,1095269,1069.5986328125
1683,1.3427734375,350,1,56,1081649,1056.2978515625,1081957,1056.5986328125,1095269,1069.5986328125
1715,1.3740234375,351,1,56,1081649,1056.2978515625,1081957,1056.5986328125,1095269,1069.5986328125
8242,7.748046875,350,0,56,1081649,1056.2978515625,1081957,1056.5986328125,1095269,1069.5986328125
8347,7.8505859375,351,0,56,1081649,1056.2978515625,1081957,1056.5986328125,1095269,1069.5986328125
8501,8.0009765625,113,-1,56,1081649,1056.2978515625,1081957,1056.5986328125,1095269,1069.5986328125
8628,8.125,350,0,56,1081649,1056.2978515625,1081957,1056.5986328125,1095269,1069.5986328125
8676,8.171875,351,0,56,1081649,1056.2978515625,1081957,1056.5986328125,1095269,1069.5986328125
8719,8.2138671875,350,0,56,1081649,1056.2978515625,1081957,1056.5986328125,1095269,1069.5986328125
8771,8.2646484375,351,0,56,1081649,1056.2978515625,1081957,1056.5986328125,1095269,1069.5986328125
8812,8.3046875,350,0,56,1081649,1056.2978515625,1081957,1056.5986328125,1095269,1069.5986328125
9141,8.6259765625,101,-1,56,1081649,1056.2978515625,1081957,1056.5986328125,1095269,1069.5986328125
9169,8.6533203125,351,0,56,1081649,1056.2978515625,1081957,1056.5986328125,1095269,1069.5986328125
308,0.0,13,-1,57,1102922,1077.072265625,1103230,1077.373046875,1116542,1090.373046875
1329,0.9970703125,1,-1,57,1102922,1077.072265625,1103230,1077.373046875,1116542,1090.373046875
2132,1.78125,350,0,57,1102922,1077.072265625,1103230,1077.373046875,1116542,1090.373046875
2189,1.8369140625,351,0,57,1102922,1077.072265625,1103230,1077.373046875,1116542,1090.373046875
2230,1.876953125,350,0,57,1102922,1077.072265625,1103230,1077.373046875,1116542,1090.373046875
2246,1.892578125,351,0,57,1102922,1077.072265625,1103230,1077.373046875,1116542,1090.373046875
2280,1.92578125,350,0,57,1102922,1077.072265625,1103230,1077.373046875,1116542,1090.373046875
2346,1.990234375,351,0,57,1102922,1077.072265625,1103230,1077.373046875,1116542,1090.373046875
2536,2.17578125,350,0,57,1102922,1077.072265625,1103230,1077.373046875,1116542,1090.373046875
2562,2.201171875,351,0,57,1102922,1077.072265625,1103230,1077.373046875,1116542,1090.373046875
2587,2.2255859375,350,0,57,1102922,1077.072265625,1103230,1077.373046875,1116542,1090.373046875
2604,2.2421875,351,0,57,1102922,1077.072265625,1103230,1077.373046875,1116542,1090.373046875
2710,2.345703125,350,0,57,1102922,1077.072265625,1103230,1077.373046875,1116542,1090.373046875
2732,2.3671875,351,0,57,1102922,1077.072265625,1103230,1077.373046875,1116542,1090.373046875
2777,2.4111328125,350,0,57,1102922,1077.072265625,1103230,1077.373046875,1116542,1090.373046875
2854,2.486328125,351,0,57,1102922,1077.072265625,1103230,1077.373046875,1116542,1090.373046875
2870,2.501953125,350,0,57,1102922,1077.072265625,1103230,1077.373046875,1116542,1090.373046875
2893,2.5244140625,351,0,57,1102922,1077.072265625,1103230,1077.373046875,1116542,1090.373046875
2973,2.6025390625,350,0,57,1102922,1077.072265625,1103230,1077.373046875,1116542,1090.373046875
3006,2.634765625,351,0,57,1102922,1077.072265625,1103230,1077.373046875,1116542,1090.373046875
3059,2.6865234375,350,0,57,1102922,1077.072265625,1103230,1077.373046875,1116542,1090.373046875
3077,2.7041015625,351,0,57,1102922,1077.072265625,1103230,1077.373046875,1116542,1090.373046875
3101,2.7275390625,350,0,57,1102922,1077.072265625,1103230,1077.373046875,1116542,1090.373046875
3124,2.75,351,0,57,1102922,1077.072265625,1103230,1077.373046875,1116542,1090.373046875
3208,2.83203125,350,0,57,1102922,1077.072265625,1103230,1077.373046875,1116542,1090.373046875
3225,2.8486328125,351,0,57,1102922,1077.072265625,1103230,1077.373046875,1116542,1090.373046875
3324,2.9453125,350,0,57,1102922,1077.072265625,1103230,1077.373046875,1116542,1090.373046875
3340,2.9609375,351,0,57,1102922,1077.072265625,1103230,1077.373046875,1116542,1090.373046875
3460,3.078125,350,0,57,1102922,1077.072265625,1103230,1077.373046875,1116542,1090.373046875
3495,3.1123046875,351,0,57,1102922,1077.072265625,1103230,1077.373046875,1116542,1090.373046875
3639,3.2529296875,350,0,57,1102922,1077.072265625,1103230,1077.373046875,1116542,1090.373046875
3659,3.2724609375,351,0,57,1102922,1077.072265625,1103230,1077.373046875,1116542,1090.373046875
3738,3.349609375,350,0,57,1102922,1077.072265625,1103230,1077.373046875,1116542,1090.373046875
3799,3.4091796875,351,0,57,1102922,1077.072265625,1103230,1077.373046875,1116542,1090.373046875
8500,8.0,113,-1,57,1102922,1077.072265625,1103230,1077.373046875,1116542,1090.373046875
9252,8.734375,350,0,57,1102922,1077.072265625,1103230,1077.373046875,1116542,1090.373046875
9448,8.92578125,101,-1,57,1102922,1077.072265625,1103230,1077.373046875,1116542,1090.373046875
9480,8.95703125,351,0,57,1102922,1077.072265625,1103230,1077.373046875,1116542,1090.373046875
308,0.0,16,-1,58,1124497,1098.1416015625,1124805,1098.4423828125,1138117,1111.4423828125
1332,1.0,1,-1,58,1124497,1098.1416015625,1124805,1098.4423828125,1138117,1111.4423828125
8502,8.001953125,116,-1,58,1124497,1098.1416015625,1124805,1098.4423828125,1138117,1111.4423828125
8773,8.2666015625,350,1,58,1124497,1098.1416015625,1124805,1098.4423828125,1138117,1111.4423828125
8826,8.318359375,351,1,58,1124497,1098.1416015625,1124805,1098.4423828125,1138117,1111.4423828125
9026,8.513671875,350,1,58,1124497,1098.1416015625,1124805,1098.4423828125,1138117,1111.4423828125
9090,8.576171875,351,1,58,1124497,1098.1416015625,1124805,1098.4423828125,1138117,1111.4423828125
9134,8.619140625,350,1,58,1124497,1098.1416015625,1124805,1098.4423828125,1138117,1111.4423828125
9212,8.6953125,351,1,58,1124497,1098.1416015625,1124805,1098.4423828125,1138117,1111.4423828125
9231,8.7138671875,350,1,58,1124497,1098.1416015625,1124805,1098.4423828125,1138117,1111.4423828125
9392,8.87109375,351,1,58,1124497,1098.1416015625,1124805,1098.4423828125,1138117,1111.4423828125
9408,8.88671875,350,1,58,1124497,1098.1416015625,1124805,1098.4423828125,1138117,1111.4423828125
9591,9.0654296875,103,-1,58,1124497,1098.1416015625,1124805,1098.4423828125,1138117,1111.4423828125
9658,9.130859375,351,1,58,1124497,1098.1416015625,1124805,1098.4423828125,1138117,1111.4423828125
308,0.0,13,-1,59,1146206,1119.341796875,1146514,1119.642578125,1159826,1132.642578125
741,0.4228515625,350,0,59,1146206,1119.341796875,1146514,1119.642578125,1159826,1132.642578125
758,0.439453125,351,0,59,1146206,1119.341796875,1146514,1119.642578125,1159826,1132.642578125
805,0.4853515625,350,0,59,1146206,1119.341796875,1146514,1119.642578125,1159826,1132.642578125
887,0.5654296875,351,0,59,1146206,1119.341796875,1146514,1119.642578125,1159826,1132.642578125
1331,0.9990234375,1,-1,59,1146206,1119.341796875,1146514,1119.642578125,1159826,1132.642578125
1925,1.5791015625,350,0,59,1146206,1119.341796875,1146514,1119.642578125,1159826,1132.642578125
2000,1.65234375,351,0,59,1146206,1119.341796875,1146514,1119.642578125,1159826,1132.642578125
2341,1.9853515625,350,0,59,1146206,1119.341796875,1146514,1119.642578125,1159826,1132.642578125
2400,2.04296875,351,0,59,1146206,1119.341796875,1146514,1119.642578125,1159826,1132.642578125
8493,7.9931640625,350,0,59,1146206,1119.341796875,1146514,1119.642578125,1159826,1132.642578125
8502,8.001953125,113,-1,59,1146206,1119.341796875,1146514,1119.642578125,1159826,1132.642578125
8589,8.0869140625,351,0,59,1146206,1119.341796875,1146514,1119.642578125,1159826,1132.642578125
8683,8.1787109375,350,0,59,1146206,1119.341796875,1146514,1119.642578125,1159826,1132.642578125
8759,8.2529296875,351,0,59,1146206,1119.341796875,1146514,1119.642578125,1159826,1132.642578125
8782,8.275390625,350,0,59,1146206,1119.341796875,1146514,1119.642578125,1159826,1132.642578125
8989,8.4775390625,101,-1,59,1146206,1119.341796875,1146514,1119.642578125,1159826,1132.642578125
9039,8.5263671875,351,0,59,1146206,1119.341796875,1146514,1119.642578125,1159826,1132.642578125
308,0.0,13,-1,60,1197982,1169.904296875,1198290,1170.205078125,1211602,1183.205078125
1331,0.9990234375,1,-1,60,1197982,1169.904296875,1198290,1170.205078125,1211602,1183.205078125
8502,8.001953125,113,-1,60,1197982,1169.904296875,1198290,1170.205078125,1211602,1183.205078125
8901,8.3916015625,350,0,60,1197982,1169.904296875,1198290,1170.205078125,1211602,1183.205078125
9089,8.5751953125,101,-1,60,1197982,1169.904296875,1198290,1170.205078125,1211602,1183.205078125
9120,8.60546875,351,0,60,1197982,1169.904296875,1198290,1170.205078125,1211602,1183.205078125
308,0.0,13,-1,61,1219200,1190.625,1219508,1190.92578125,1232820,1203.92578125
1332,1.0,1,-1,61,1219200,1190.625,1219508,1190.92578125,1232820,1203.92578125
8503,8.0029296875,113,-1,61,1219200,1190.625,1219508,1190.92578125,1232820,1203.92578125
9328,8.80859375,350,0,61,1219200,1190.625,1219508,1190.92578125,1232820,1203.92578125
9556,9.03125,101,-1,61,1219200,1190.625,1219508,1190.92578125,1232820,1203.92578125
9588,9.0625,351,0,61,1219200,1190.625,1219508,1190.92578125,1232820,1203.92578125
308,0.0,16,-1,62,1240875,1211.7919921875,1241183,1212.0927734375,1254495,1225.0927734375
1331,0.9990234375,1,-1,62,1240875,1211.7919921875,1241183,1212.0927734375,1254495,1225.0927734375
8502,8.001953125,116,-1,62,1240875,1211.7919921875,1241183,1212.0927734375,1254495,1225.0927734375
9717,9.1884765625,350,1,62,1240875,1211.7919921875,1241183,1212.0927734375,1254495,1225.0927734375
9742,9.212890625,351,1,62,1240875,1211.7919921875,1241183,1212.0927734375,1254495,1225.0927734375
9765,9.2353515625,350,1,62,1240875,1211.7919921875,1241183,1212.0927734375,1254495,1225.0927734375
9801,9.2705078125,351,1,62,1240875,1211.7919921875,1241183,1212.0927734375,1254495,1225.0927734375
9864,9.33203125,350,1,62,1240875,1211.7919921875,1241183,1212.0927734375,1254495,1225.0927734375
9942,9.408203125,351,1,62,1240875,1211.7919921875,1241183,1212.0927734375,1254495,1225.0927734375
9979,9.4443359375,350,1,62,1240875,1211.7919921875,1241183,1212.0927734375,1254495,1225.0927734375
10028,9.4921875,351,1,62,1240875,1211.7919921875,1241183,1212.0927734375,1254495,1225.0927734375
10041,9.5048828125,350,1,62,1240875,1211.7919921875,1241183,1212.0927734375,1254495,1225.0927734375
10073,9.5361328125,351,1,62,1240875,1211.7919921875,1241183,1212.0927734375,1254495,1225.0927734375
10105,9.5673828125,350,1,62,1240875,1211.7919921875,1241183,1212.0927734375,1254495,1225.0927734375
10243,9.7021484375,103,-1,62,1240875,1211.7919921875,1241183,1212.0927734375,1254495,1225.0927734375
10275,9.7333984375,351,1,62,1240875,1211.7919921875,1241183,1212.0927734375,1254495,1225.0927734375
308,0.0,13,-1,63,1263241,1233.6337890625,1263549,1233.9345703125,1276861,1246.9345703125
1331,0.9990234375,1,-1,63,1263241,1233.6337890625,1263549,1233.9345703125,1276861,1246.9345703125
3178,2.802734375,350,0,63,1263241,1233.6337890625,1263549,1233.9345703125,1276861,1246.9345703125
3254,2.876953125,351,0,63,1263241,1233.6337890625,1263549,1233.9345703125,1276861,1246.9345703125
8278,7.783203125,350,0,63,1263241,1233.6337890625,1263549,1233.9345703125,1276861,1246.9345703125
8334,7.837890625,351,0,63,1263241,1233.6337890625,1263549,1233.9345703125,1276861,1246.9345703125
8369,7.8720703125,350,0,63,1263241,1233.6337890625,1263549,1233.9345703125,1276861,1246.9345703125
8421,7.9228515625,351,0,63,1263241,1233.6337890625,1263549,1233.9345703125,1276861,1246.9345703125
8500,8.0,113,-1,63,1263241,1233.6337890625,1263549,1233.9345703125,1276861,1246.9345703125
8642,8.138671875,350,0,63,1263241,1233.6337890625,1263549,1233.9345703125,1276861,1246.9345703125
8692,8.1875,351,0,63,1263241,1233.6337890625,1263549,1233.9345703125,1276861,1246.9345703125
8733,8.2275390625,350,0,63,1263241,1233.6337890625,1263549,1233.9345703125,1276861,1246.9345703125
8834,8.326171875,351,0,63,1263241,1233.6337890625,1263549,1233.9345703125,1276861,1246.9345703125
8860,8.3515625,350,0,63,1263241,1233.6337890625,1263549,1233.9345703125,1276861,1246.9345703125
9234,8.716796875,101,-1,63,1263241,1233.6337890625,1263549,1233.9345703125,1276861,1246.9345703125
9251,8.7333984375,351,0,63,1263241,1233.6337890625,1263549,1233.9345703125,1276861,1246.9345703125
308,0.0,16,-1,64,1284596,1254.48828125,1284904,1254.7890625,1298216,1267.7890625
1332,1.0,1,-1,64,1284596,1254.48828125,1284904,1254.7890625,1298216,1267.7890625
8503,8.0029296875,116,-1,64,1284596,1254.48828125,1284904,1254.7890625,1298216,1267.7890625
8805,8.2978515625,350,1,64,1284596,1254.48828125,1284904,1254.7890625,1298216,1267.7890625
8977,8.4658203125,103,-1,64,1284596,1254.48828125,1284904,1254.7890625,1298216,1267.7890625
8996,8.484375,351,1,64,1284596,1254.48828125,1284904,1254.7890625,1298216,1267.7890625
308,0.0,13,-1,65,1305685,1275.0830078125,1305993,1275.3837890625,1319305,1288.3837890625
1331,0.9990234375,1,-1,65,1305685,1275.0830078125,1305993,1275.3837890625,1319305,1288.3837890625
2147,1.7958984375,350,1,65,1305685,1275.0830078125,1305993,1275.3837890625,1319305,1288.3837890625
2172,1.8203125,351,1,65,1305685,1275.0830078125,1305993,1275.3837890625,1319305,1288.3837890625
8502,8.001953125,113,-1,65,1305685,1275.0830078125,1305993,1275.3837890625,1319305,1288.3837890625
8954,8.443359375,350,0,65,1305685,1275.0830078125,1305993,1275.3837890625,1319305,1288.3837890625
8995,8.4833984375,351,0,65,1305685,1275.0830078125,1305993,1275.3837890625,1319305,1288.3837890625
9069,8.5556640625,350,0,65,1305685,1275.0830078125,1305993,1275.3837890625,1319305,1288.3837890625
9125,8.6103515625,351,0,65,1305685,1275.0830078125,1305993,1275.3837890625,1319305,1288.3837890625
9155,8.6396484375,350,0,65,1305685,1275.0830078125,1305993,1275.3837890625,1319305,1288.3837890625
9356,8.8359375,101,-1,65,1305685,1275.0830078125,1305993,1275.3837890625,1319305,1288.3837890625
9358,8.837890625,351,0,65,1305685,1275.0830078125,1305993,1275.3837890625,1319305,1288.3837890625
308,0.0,16,-1,66,1327167,1296.0615234375,1327475,1296.3623046875,1340787,1309.3623046875
1332,1.0,1,-1,66,1327167,1296.0615234375,1327475,1296.3623046875,1340787,1309.3623046875
8503,8.0029296875,116,-1,66,1327167,1296.0615234375,1327475,1296.3623046875,1340787,1309.3623046875
8866,8.357421875,350,1,66,1327167,1296.0615234375,1327475,1296.3623046875,1340787,1309.3623046875
9065,8.5517578125,103,-1,66,1327167,1296.0615234375,1327475,1296.3623046875,1340787,1309.3623046875
9124,8.609375,351,1,66,1327167,1296.0615234375,1327475,1296.3623046875,1340787,1309.3623046875
308,0.0,16,-1,67,1348342,1316.740234375,1348650,1317.041015625,1361962,1330.041015625
1332,1.0,1,-1,67,1348342,1316.740234375,1348650,1317.041015625,1361962,1330.041015625
3448,3.06640625,350,0,67,1348342,1316.740234375,1348650,1317.041015625,1361962,1330.041015625
3505,3.1220703125,351,0,67,1348342,1316.740234375,1348650,1317.041015625,1361962,1330.041015625
4059,3.6630859375,350,0,67,1348342,1316.740234375,1348650,1317.041015625,1361962,1330.041015625
4076,3.6796875,351,0,67,1348342,1316.740234375,1348650,1317.041015625,1361962,1330.041015625
4201,3.8017578125,350,1,67,1348342,1316.740234375,1348650,1317.041015625,1361962,1330.041015625
4281,3.8798828125,351,1,67,1348342,1316.740234375,1348650,1317.041015625,1361962,1330.041015625
8503,8.0029296875,116,-1,67,1348342,1316.740234375,1348650,1317.041015625,1361962,1330.041015625
8798,8.291015625,350,0,67,1348342,1316.740234375,1348650,1317.041015625,1361962,1330.041015625
8855,8.3466796875,351,0,67,1348342,1316.740234375,1348650,1317.041015625,1361962,1330.041015625
9486,8.962890625,350,1,67,1348342,1316.740234375,1348650,1317.041015625,1361962,1330.041015625
9664,9.13671875,103,-1,67,1348342,1316.740234375,1348650,1317.041015625,1361962,1330.041015625
9688,9.16015625,351,1,67,1348342,1316.740234375,1348650,1317.041015625,1361962,1330.041015625
308,0.0,13,-1,68,1370132,1338.01953125,1370440,1338.3203125,1383752,1351.3203125
1332,1.0,1,-1,68,1370132,1338.01953125,1370440,1338.3203125,1383752,1351.3203125
8503,8.0029296875,113,-1,68,1370132,1338.01953125,1370440,1338.3203125,1383752,1351.3203125
9647,9.1201171875,350,0,68,1370132,1338.01953125,1370440,1338.3203125,1383752,1351.3203125
9700,9.171875,351,0,68,1370132,1338.01953125,1370440,1338.3203125,1383752,1351.3203125
9760,9.23046875,350,0,68,1370132,1338.01953125,1370440,1338.3203125,1383752,1351.3203125
9964,9.4296875,101,-1,68,1370132,1338.01953125,1370440,1338.3203125,1383752,1351.3203125
9985,9.4501953125,351,0,68,1370132,1338.01953125,1370440,1338.3203125,1383752,1351.3203125
308,0.0,16,-1,69,1392242,1359.611328125,1392550,1359.912109375,1405862,1372.912109375
482,0.169921875,350,1,69,1392242,1359.611328125,1392550,1359.912109375,1405862,1372.912109375
515,0.2021484375,351,1,69,1392242,1359.611328125,1392550,1359.912109375,1405862,1372.912109375
1332,1.0,1,-1,69,1392242,1359.611328125,1392550,1359.912109375,1405862,1372.912109375
1685,1.3447265625,350,1,69,1392242,1359.611328125,1392550,1359.912109375,1405862,1372.912109375
1743,1.4013671875,351,1,69,1392242,1359.611328125,1392550,1359.912109375,1405862,1372.912109375
1848,1.50390625,350,1,69,1392242,1359.611328125,1392550,1359.912109375,1405862,1372.912109375
1861,1.5166015625,351,1,69,1392242,1359.611328125,1392550,1359.912109375,1405862,1372.912109375
1936,1.58984375,350,1,69,1392242,1359.611328125,1392550,1359.912109375,1405862,1372.912109375
1957,1.6103515625,351,1,69,1392242,1359.611328125,1392550,1359.912109375,1405862,1372.912109375
8502,8.001953125,116,-1,69,1392242,1359.611328125,1392550,1359.912109375,1405862,1372.912109375
8720,8.21484375,350,1,69,1392242,1359.611328125,1392550,1359.912109375,1405862,1372.912109375
8750,8.244140625,351,1,69,1392242,1359.611328125,1392550,1359.912109375,1405862,1372.912109375
8765,8.2587890625,350,1,69,1392242,1359.611328125,1392550,1359.912109375,1405862,1372.912109375
8795,8.2880859375,351,1,69,1392242,1359.611328125,1392550,1359.912109375,1405862,1372.912109375
8825,8.3173828125,350,1,69,1392242,1359.611328125,1392550,1359.912109375,1405862,1372.912109375
9042,8.529296875,103,-1,69,1392242,1359.611328125,1392550,1359.912109375,1405862,1372.912109375
9088,8.57421875,351,1,69,1392242,1359.611328125,1392550,1359.912109375,1405862,1372.912109375
308,0.0,13,-1,70,1413403,1380.2763671875,1413711,1380.5771484375,1427023,1393.5771484375
1332,1.0,1,-1,70,1413403,1380.2763671875,1413711,1380.5771484375,1427023,1393.5771484375
8502,8.001953125,113,-1,70,1413403,1380.2763671875,1413711,1380.5771484375,1427023,1393.5771484375
9281,8.7626953125,350,0,70,1413403,1380.2763671875,1413711,1380.5771484375,1427023,1393.5771484375
9340,8.8203125,351,0,70,1413403,1380.2763671875,1413711,1380.5771484375,1427023,1393.5771484375
9384,8.86328125,350,0,70,1413403,1380.2763671875,1413711,1380.5771484375,1427023,1393.5771484375
9422,8.900390625,351,0,70,1413403,1380.2763671875,1413711,1380.5771484375,1427023,1393.5771484375
9437,8.9150390625,350,0,70,1413403,1380.2763671875,1413711,1380.5771484375,1427023,1393.5771484375
9488,8.96484375,351,0,70,1413403,1380.2763671875,1413711,1380.5771484375,1427023,1393.5771484375
9582,9.056640625,350,0,70,1413403,1380.2763671875,1413711,1380.5771484375,1427023,1393.5771484375
9650,9.123046875,351,0,70,1413403,1380.2763671875,1413711,1380.5771484375,1427023,1393.5771484375
9682,9.154296875,350,0,70,1413403,1380.2763671875,1413711,1380.5771484375,1427023,1393.5771484375
9889,9.3564453125,351,0,70,1413403,1380.2763671875,1413711,1380.5771484375,1427023,1393.5771484375
9905,9.3720703125,350,0,70,1413403,1380.2763671875,1413711,1380.5771484375,1427023,1393.5771484375
10098,9.560546875,101,-1,70,1413403,1380.2763671875,1413711,1380.5771484375,1427023,1393.5771484375
10122,9.583984375,351,0,70,1413403,1380.2763671875,1413711,1380.5771484375,1427023,1393.5771484375
308,0.0,16,-1,71,1435642,1401.994140625,1435950,1402.294921875,1449262,1415.294921875
1332,1.0,1,-1,71,1435642,1401.994140625,1435950,1402.294921875,1449262,1415.294921875
8453,7.9541015625,350,1,71,1435642,1401.994140625,1435950,1402.294921875,1449262,1415.294921875
8494,7.994140625,351,1,71,1435642,1401.994140625,1435950,1402.294921875,1449262,1415.294921875
8502,8.001953125,116,-1,71,1435642,1401.994140625,1435950,1402.294921875,1449262,1415.294921875
8919,8.4091796875,350,1,71,1435642,1401.994140625,1435950,1402.294921875,1449262,1415.294921875
9194,8.677734375,103,-1,71,1435642,1401.994140625,1435950,1402.294921875,1449262,1415.294921875
9239,8.7216796875,351,1,71,1435642,1401.994140625,1435950,1402.294921875,1449262,1415.294921875
308,0.0,16,-1,72,1456956,1422.80859375,1457264,1423.109375,1470576,1436.109375
1279,0.9482421875,350,0,72,1456956,1422.80859375,1457264,1423.109375,1470576,1436.109375
1332,1.0,1,-1,72,1456956,1422.80859375,1457264,1423.109375,1470576,1436.109375
1354,1.021484375,351,0,72,1456956,1422.80859375,1457264,1423.109375,1470576,1436.109375
1656,1.31640625,350,0,72,1456956,1422.80859375,1457264,1423.109375,1470576,1436.109375
1702,1.361328125,351,0,72,1456956,1422.80859375,1457264,1423.109375,1470576,1436.109375
8502,8.001953125,116,-1,72,1456956,1422.80859375,1457264,1423.109375,1470576,1436.109375
9021,8.5087890625,350,1,72,1456956,1422.80859375,1457264,1423.109375,1470576,1436.109375
9258,8.740234375,103,-1,72,1456956,1422.80859375,1457264,1423.109375,1470576,1436.109375
9278,8.759765625,351,1,72,1456956,1422.80859375,1457264,1423.109375,1470576,1436.109375
308,0.0,13,-1,73,1478344,1443.6953125,1478652,1443.99609375,1491964,1456.99609375
1332,1.0,1,-1,73,1478344,1443.6953125,1478652,1443.99609375,1491964,1456.99609375
8501,8.0009765625,113,-1,73,1478344,1443.6953125,1478652,1443.99609375,1491964,1456.99609375
8653,8.1494140625,350,0,73,1478344,1443.6953125,1478652,1443.99609375,1491964,1456.99609375
8741,8.2353515625,351,0,73,1478344,1443.6953125,1478652,1443.99609375,1491964,1456.99609375
8763,8.2568359375,350,0,73,1478344,1443.6953125,1478652,1443.99609375,1491964,1456.99609375
9026,8.513671875,101,-1,73,1478344,1443.6953125,1478652,1443.99609375,1491964,1456.99609375
9046,8.533203125,351,0,73,1478344,1443.6953125,1478652,1443.99609375,1491964,1456.99609375
308,0.0,16,-1,74,1499504,1464.359375,1499812,1464.66015625,1513124,1477.66015625
1331,0.9990234375,1,-1,74,1499504,1464.359375,1499812,1464.66015625,1513124,1477.66015625
8491,7.9912109375,350,1,74,1499504,1464.359375,1499812,1464.66015625,1513124,1477.66015625
8502,8.001953125,116,-1,74,1499504,1464.359375,1499812,1464.66015625,1513124,1477.66015625
8578,8.076171875,351,1,74,1499504,1464.359375,1499812,1464.66015625,1513124,1477.66015625
8615,8.1123046875,350,1,74,1499504,1464.359375,1499812,1464.66015625,1513124,1477.66015625
8664,8.16015625,351,1,74,1499504,1464.359375,1499812,1464.66015625,1513124,1477.66015625
8765,8.2587890625,350,1,74,1499504,1464.359375,1499812,1464.66015625,1513124,1477.66015625
8845,8.3369140625,351,1,74,1499504,1464.359375,1499812,1464.66015625,1513124,1477.66015625
8875,8.3662109375,350,1,74,1499504,1464.359375,1499812,1464.66015625,1513124,1477.66015625
8911,8.4013671875,351,1,74,1499504,1464.359375,1499812,1464.66015625,1513124,1477.66015625
8935,8.4248046875,350,1,74,1499504,1464.359375,1499812,1464.66015625,1513124,1477.66015625
9117,8.6025390625,103,-1,74,1499504,1464.359375,1499812,1464.66015625,1513124,1477.66015625
9146,8.630859375,351,1,74,1499504,1464.359375,1499812,1464.66015625,1513124,1477.66015625
308,0.0,13,-1,75,1520760,1485.1171875,1521068,1485.41796875,1534380,1498.41796875
1333,1.0009765625,1,-1,75,1520760,1485.1171875,1521068,1485.41796875,1534380,1498.41796875
2346,1.990234375,350,1,75,1520760,1485.1171875,1521068,1485.41796875,1534380,1498.41796875
2405,2.0478515625,351,1,75,1520760,1485.1171875,1521068,1485.41796875,1534380,1498.41796875
2433,2.0751953125,350,1,75,1520760,1485.1171875,1521068,1485.41796875,1534380,1498.41796875
2469,2.1103515625,351,1,75,1520760,1485.1171875,1521068,1485.41796875,1534380,1498.41796875
5653,5.2197265625,350,1,75,1520760,1485.1171875,1521068,1485.41796875,1534380,1498.41796875
5731,5.2958984375,351,1,75,1520760,1485.1171875,1521068,1485.41796875,1534380,1498.41796875
8503,8.0029296875,113,-1,75,1520760,1485.1171875,1521068,1485.41796875,1534380,1498.41796875
9038,8.525390625,350,0,75,1520760,1485.1171875,1521068,1485.41796875,1534380,1498.41796875
9097,8.5830078125,351,0,75,1520760,1485.1171875,1521068,1485.41796875,1534380,1498.41796875
9141,8.6259765625,350,0,75,1520760,1485.1171875,1521068,1485.41796875,1534380,1498.41796875
9155,8.6396484375,351,0,75,1520760,1485.1171875,1521068,1485.41796875,1534380,1498.41796875
9178,8.662109375,350,0,75,1520760,1485.1171875,1521068,1485.41796875,1534380,1498.41796875
9407,8.8857421875,101,-1,75,1520760,1485.1171875,1521068,1485.41796875,1534380,1498.41796875
9443,8.9208984375,351,0,75,1520760,1485.1171875,1521068,1485.41796875,1534380,1498.41796875
308,0.0,16,-1,76,1542290,1506.142578125,1542598,1506.443359375,1555910,1519.443359375
1332,1.0,1,-1,76,1542290,1506.142578125,1542598,1506.443359375,1555910,1519.443359375
2286,1.931640625,350,1,76,1542290,1506.142578125,1542598,1506.443359375,1555910,1519.443359375
2339,1.9833984375,351,1,76,1542290,1506.142578125,1542598,1506.443359375,1555910,1519.443359375
2434,2.076171875,350,1,76,1542290,1506.142578125,1542598,1506.443359375,1555910,1519.443359375
2532,2.171875,351,1,76,1542290,1506.142578125,1542598,1506.443359375,1555910,1519.443359375
2648,2.28515625,350,1,76,1542290,1506.142578125,1542598,1506.443359375,1555910,1519.443359375
2736,2.37109375,351,1,76,1542290,1506.142578125,1542598,1506.443359375,1555910,1519.443359375
8503,8.0029296875,116,-1,76,1542290,1506.142578125,1542598,1506.443359375,1555910,1519.443359375
8741,8.2353515625,350,1,76,1542290,1506.142578125,1542598,1506.443359375,1555910,1519.443359375
8838,8.330078125,351,1,76,1542290,1506.142578125,1542598,1506.443359375,1555910,1519.443359375
8902,8.392578125,350,1,76,1542290,1506.142578125,1542598,1506.443359375,1555910,1519.443359375
8970,8.458984375,351,1,76,1542290,1506.142578125,1542598,1506.443359375,1555910,1519.443359375
9044,8.53125,350,1,76,1542290,1506.142578125,1542598,1506.443359375,1555910,1519.443359375
9213,8.6962890625,103,-1,76,1542290,1506.142578125,1542598,1506.443359375,1555910,1519.443359375
9262,8.744140625,351,1,76,1542290,1506.142578125,1542598,1506.443359375,1555910,1519.443359375
308,0.0,13,-1,77,1563636,1526.98828125,1563944,1527.2890625,1577256,1540.2890625
1330,0.998046875,1,-1,77,1563636,1526.98828125,1563944,1527.2890625,1577256,1540.2890625
1741,1.3994140625,350,1,77,1563636,1526.98828125,1563944,1527.2890625,1577256,1540.2890625
1824,1.48046875,351,1,77,1563636,1526.98828125,1563944,1527.2890625,1577256,1540.2890625
2780,2.4140625,350,1,77,1563636,1526.98828125,1563944,1527.2890625,1577256,1540.2890625
2838,2.470703125,351,1,77,1563636,1526.98828125,1563944,1527.2890625,1577256,1540.2890625
3974,3.580078125,350,0,77,1563636,1526.98828125,1563944,1527.2890625,1577256,1540.2890625
4046,3.650390625,351,0,77,1563636,1526.98828125,1563944,1527.2890625,1577256,1540.2890625
5088,4.66796875,350,1,77,1563636,1526.98828125,1563944,1527.2890625,1577256,1540.2890625
5137,4.7158203125,351,1,77,1563636,1526.98828125,1563944,1527.2890625,1577256,1540.2890625
8056,7.56640625,350,0,77,1563636,1526.98828125,1563944,1527.2890625,1577256,1540.2890625
8101,7.6103515625,351,0,77,1563636,1526.98828125,1563944,1527.2890625,1577256,1540.2890625
8501,8.0009765625,113,-1,77,1563636,1526.98828125,1563944,1527.2890625,1577256,1540.2890625
8689,8.1845703125,350,0,77,1563636,1526.98828125,1563944,1527.2890625,1577256,1540.2890625
8720,8.21484375,351,0,77,1563636,1526.98828125,1563944,1527.2890625,1577256,1540.2890625
8740,8.234375,350,0,77,1563636,1526.98828125,1563944,1527.2890625,1577256,1540.2890625
8915,8.4052734375,101,-1,77,1563636,1526.98828125,1563944,1527.2890625,1577256,1540.2890625
8956,8.4453125,351,0,77,1563636,1526.98828125,1563944,1527.2890625,1577256,1540.2890625
308,0.0,13,-1,78,1584691,1547.5498046875,1584999,1547.8505859375,1598311,1560.8505859375
1331,0.9990234375,1,-1,78,1584691,1547.5498046875,1584999,1547.8505859375,1598311,1560.8505859375
1381,1.0478515625,350,1,78,1584691,1547.5498046875,1584999,1547.8505859375,1598311,1560.8505859375
1431,1.0966796875,351,1,78,1584691,1547.5498046875,1584999,1547.8505859375,1598311,1560.8505859375
8503,8.0029296875,113,-1,78,1584691,1547.5498046875,1584999,1547.8505859375,1598311,1560.8505859375
9264,8.74609375,350,0,78,1584691,1547.5498046875,1584999,1547.8505859375,1598311,1560.8505859375
9472,8.94921875,101,-1,78,1584691,1547.5498046875,1584999,1547.8505859375,1598311,1560.8505859375
9476,8.953125,351,0,78,1584691,1547.5498046875,1584999,1547.8505859375,1598311,1560.8505859375
308,0.0,13,-1,79,1606280,1568.6328125,1606588,1568.93359375,1619900,1581.93359375
1332,1.0,1,-1,79,1606280,1568.6328125,1606588,1568.93359375,1619900,1581.93359375
1335,1.0029296875,350,1,79,1606280,1568.6328125,1606588,1568.93359375,1619900,1581.93359375
1402,1.068359375,351,1,79,1606280,1568.6328125,1606588,1568.93359375,1619900,1581.93359375
1635,1.2958984375,350,1,79,1606280,1568.6328125,1606588,1568.93359375,1619900,1581.93359375
1692,1.3515625,351,1,79,1606280,1568.6328125,1606588,1568.93359375,1619900,1581.93359375
2138,1.787109375,350,0,79,1606280,1568.6328125,1606588,1568.93359375,1619900,1581.93359375
2216,1.86328125,351,0,79,1606280,1568.6328125,1606588,1568.93359375,1619900,1581.93359375
2282,1.927734375,350,0,79,1606280,1568.6328125,1606588,1568.93359375,1619900,1581.93359375
2351,1.9951171875,351,0,79,1606280,1568.6328125,1606588,1568.93359375,1619900,1581.93359375
6682,6.224609375,350,0,79,1606280,1568.6328125,1606588,1568.93359375,1619900,1581.93359375
6700,6.2421875,351,0,79,1606280,1568.6328125,1606588,1568.93359375,1619900,1581.93359375
6800,6.33984375,350,0,79,1606280,1568.6328125,1606588,1568.93359375,1619900,1581.93359375
6829,6.3681640625,351,0,79,1606280,1568.6328125,1606588,1568.93359375,1619900,1581.93359375
6927,6.4638671875,350,0,79,1606280,1568.6328125,1606588,1568.93359375,1619900,1581.93359375
6944,6.48046875,351,0,79,1606280,1568.6328125,1606588,1568.93359375,1619900,1581.93359375
7048,6.58203125,350,0,79,1606280,1568.6328125,1606588,1568.93359375,1619900,1581.93359375
7088,6.62109375,351,0,79,1606280,1568.6328125,1606588,1568.93359375,1619900,1581.93359375
7194,6.724609375,350,0,79,1606280,1568.6328125,1606588,1568.93359375,1619900,1581.93359375
7210,6.740234375,351,0,79,1606280,1568.6328125,1606588,1568.93359375,1619900,1581.93359375
7292,6.8203125,350,0,79,1606280,1568.6328125,1606588,1568.93359375,1619900,1581.93359375
7330,6.857421875,351,0,79,1606280,1568.6328125,1606588,1568.93359375,1619900,1581.93359375
7399,6.9248046875,350,0,79,1606280,1568.6328125,1606588,1568.93359375,1619900,1581.93359375
7420,6.9453125,351,0,79,1606280,1568.6328125,1606588,1568.93359375,1619900,1581.93359375
7495,7.0185546875,350,0,79,1606280,1568.6328125,1606588,1568.93359375,1619900,1581.93359375
7512,7.03515625,351,0,79,1606280,1568.6328125,1606588,1568.93359375,1619900,1581.93359375
7595,7.1162109375,350,0,79,1606280,1568.6328125,1606588,1568.93359375,1619900,1581.93359375
7612,7.1328125,351,0,79,1606280,1568.6328125,1606588,1568.93359375,1619900,1581.93359375
7660,7.1796875,350,0,79,1606280,1568.6328125,1606588,1568.93359375,1619900,1581.93359375
7703,7.2216796875,351,0,79,1606280,1568.6328125,1606588,1568.93359375,1619900,1581.93359375
7763,7.2802734375,350,0,79,1606280,1568.6328125,1606588,1568.93359375,1619900,1581.93359375
7792,7.30859375,351,0,79,1606280,1568.6328125,1606588,1568.93359375,1619900,1581.93359375
7857,7.3720703125,350,0,79,1606280,1568.6328125,1606588,1568.93359375,1619900,1581.93359375
7887,7.4013671875,351,0,79,1606280,1568.6328125,1606588,1568.93359375,1619900,1581.93359375
7946,7.458984375,350,0,79,1606280,1568.6328125,1606588,1568.93359375,1619900,1581.93359375
7963,7.4755859375,351,0,79,1606280,1568.6328125,1606588,1568.93359375,1619900,1581.93359375
8018,7.529296875,350,0,79,1606280,1568.6328125,1606588,1568.93359375,1619900,1581.93359375
8051,7.5615234375,351,0,79,1606280,1568.6328125,1606588,1568.93359375,1619900,1581.93359375
8090,7.599609375,350,0,79,1606280,1568.6328125,1606588,1568.93359375,1619900,1581.93359375
8139,7.6474609375,351,0,79,1606280,1568.6328125,1606588,1568.93359375,1619900,1581.93359375
8198,7.705078125,350,0,79,1606280,1568.6328125,1606588,1568.93359375,1619900,1581.93359375
8230,7.736328125,351,0,79,1606280,1568.6328125,1606588,1568.93359375,1619900,1581.93359375
8323,7.8271484375,350,0,79,1606280,1568.6328125,1606588,1568.93359375,1619900,1581.93359375
8352,7.85546875,351,0,79,1606280,1568.6328125,1606588,1568.93359375,1619900,1581.93359375
8443,7.9443359375,350,0,79,1606280,1568.6328125,1606588,1568.93359375,1619900,1581.93359375
8467,7.9677734375,351,0,79,1606280,1568.6328125,1606588,1568.93359375,1619900,1581.93359375
8503,8.0029296875,113,-1,79,1606280,1568.6328125,1606588,1568.93359375,1619900,1581.93359375
8541,8.0400390625,350,0,79,1606280,1568.6328125,1606588,1568.93359375,1619900,1581.93359375
8558,8.056640625,351,0,79,1606280,1568.6328125,1606588,1568.93359375,1619900,1581.93359375
8629,8.1259765625,350,0,79,1606280,1568.6328125,1606588,1568.93359375,1619900,1581.93359375
8650,8.146484375,351,0,79,1606280,1568.6328125,1606588,1568.93359375,1619900,1581.93359375
8695,8.1904296875,350,0,79,1606280,1568.6328125,1606588,1568.93359375,1619900,1581.93359375
8724,8.21875,351,0,79,1606280,1568.6328125,1606588,1568.93359375,1619900,1581.93359375
8809,8.3017578125,350,0,79,1606280,1568.6328125,1606588,1568.93359375,1619900,1581.93359375
8840,8.33203125,351,0,79,1606280,1568.6328125,1606588,1568.93359375,1619900,1581.93359375
8885,8.3759765625,350,0,79,1606280,1568.6328125,1606588,1568.93359375,1619900,1581.93359375
8938,8.427734375,351,0,79,1606280,1568.6328125,1606588,1568.93359375,1619900,1581.93359375
9037,8.5244140625,350,0,79,1606280,1568.6328125,1606588,1568.93359375,1619900,1581.93359375
9063,8.5498046875,351,0,79,1606280,1568.6328125,1606588,1568.93359375,1619900,1581.93359375
9156,8.640625,350,0,79,1606280,1568.6328125,1606588,1568.93359375,1619900,1581.93359375
9173,8.6572265625,351,0,79,1606280,1568.6328125,1606588,1568.93359375,1619900,1581.93359375
9230,8.712890625,350,0,79,1606280,1568.6328125,1606588,1568.93359375,1619900,1581.93359375
9251,8.7333984375,351,0,79,1606280,1568.6328125,1606588,1568.93359375,1619900,1581.93359375
9312,8.79296875,350,0,79,1606280,1568.6328125,1606588,1568.93359375,1619900,1581.93359375
9329,8.8095703125,351,0,79,1606280,1568.6328125,1606588,1568.93359375,1619900,1581.93359375
9379,8.8583984375,350,0,79,1606280,1568.6328125,1606588,1568.93359375,1619900,1581.93359375
9722,9.193359375,101,-1,79,1606280,1568.6328125,1606588,1568.93359375,1619900,1581.93359375
9775,9.2451171875,351,0,79,1606280,1568.6328125,1606588,1568.93359375,1619900,1581.93359375
308,0.0,14,-1,80,1637362,1598.986328125,1637670,1599.287109375,1650982,1612.287109375
1330,0.998046875,1,-1,80,1637362,1598.986328125,1637670,1599.287109375,1650982,1612.287109375
8501,8.0009765625,114,-1,80,1637362,1598.986328125,1637670,1599.287109375,1650982,1612.287109375
9072,8.55859375,350,1,80,1637362,1598.986328125,1637670,1599.287109375,1650982,1612.287109375
9266,8.748046875,351,1,80,1637362,1598.986328125,1637670,1599.287109375,1650982,1612.287109375
9272,8.75390625,103,-1,80,1637362,1598.986328125,1637670,1599.287109375,1650982,1612.287109375
308,0.0,14,-1,81,1647946,1609.322265625,1648254,1609.623046875,1661566,1622.623046875
563,0.2490234375,350,1,81,1647946,1609.322265625,1648254,1609.623046875,1661566,1622.623046875
577,0.2626953125,351,1,81,1647946,1609.322265625,1648254,1609.623046875,1661566,1622.623046875
981,0.6572265625,350,1,81,1647946,1609.322265625,1648254,1609.623046875,1661566,1622.623046875
1038,0.712890625,351,1,81,1647946,1609.322265625,1648254,1609.623046875,1661566,1622.623046875
1186,0.857421875,350,1,81,1647946,1609.322265625,1648254,1609.623046875,1661566,1622.623046875
1250,0.919921875,351,1,81,1647946,1609.322265625,1648254,1609.623046875,1661566,1622.623046875
1277,0.9462890625,350,1,81,1647946,1609.322265625,1648254,1609.623046875,1661566,1622.623046875
1298,0.966796875,351,1,81,1647946,1609.322265625,1648254,1609.623046875,1661566,1622.623046875
1332,1.0,1,-1,81,1647946,1609.322265625,1648254,1609.623046875,1661566,1622.623046875
1344,1.01171875,350,1,81,1647946,1609.322265625,1648254,1609.623046875,1661566,1622.623046875
1465,1.1298828125,350,0,81,1647946,1609.322265625,1648254,1609.623046875,1661566,1622.623046875
1466,1.130859375,351,1,81,1647946,1609.322265625,1648254,1609.623046875,1661566,1622.623046875
1523,1.1865234375,351,0,81,1647946,1609.322265625,1648254,1609.623046875,1661566,1622.623046875
1541,1.2041015625,350,0,81,1647946,1609.322265625,1648254,1609.623046875,1661566,1622.623046875
1657,1.3173828125,351,0,81,1647946,1609.322265625,1648254,1609.623046875,1661566,1622.623046875
1683,1.3427734375,350,0,81,1647946,1609.322265625,1648254,1609.623046875,1661566,1622.623046875
1772,1.4296875,351,0,81,1647946,1609.322265625,1648254,1609.623046875,1661566,1622.623046875
1801,1.4580078125,350,0,81,1647946,1609.322265625,1648254,1609.623046875,1661566,1622.623046875
1839,1.4951171875,351,0,81,1647946,1609.322265625,1648254,1609.623046875,1661566,1622.623046875
1869,1.5244140625,350,0,81,1647946,1609.322265625,1648254,1609.623046875,1661566,1622.623046875
1926,1.580078125,351,0,81,1647946,1609.322265625,1648254,1609.623046875,1661566,1622.623046875
1990,1.642578125,350,0,81,1647946,1609.322265625,1648254,1609.623046875,1661566,1622.623046875
2059,1.7099609375,351,0,81,1647946,1609.322265625,1648254,1609.623046875,1661566,1622.623046875
2087,1.7373046875,350,0,81,1647946,1609.322265625,1648254,1609.623046875,1661566,1622.623046875
2128,1.77734375,351,0,81,1647946,1609.322265625,1648254,1609.623046875,1661566,1622.623046875
2439,2.0810546875,350,1,81,1647946,1609.322265625,1648254,1609.623046875,1661566,1622.623046875
2505,2.1455078125,351,1,81,1647946,1609.322265625,1648254,1609.623046875,1661566,1622.623046875
4946,4.529296875,350,1,81,1647946,1609.322265625,1648254,1609.623046875,1661566,1622.623046875
4961,4.5439453125,351,1,81,1647946,1609.322265625,1648254,1609.623046875,1661566,1622.623046875
7068,6.6015625,350,1,81,1647946,1609.322265625,1648254,1609.623046875,1661566,1622.623046875
7115,6.6474609375,351,1,81,1647946,1609.322265625,1648254,1609.623046875,1661566,1622.623046875
7245,6.7744140625,350,1,81,1647946,1609.322265625,1648254,1609.623046875,1661566,1622.623046875
7325,6.8525390625,351,1,81,1647946,1609.322265625,1648254,1609.623046875,1661566,1622.623046875
7343,6.8701171875,350,1,81,1647946,1609.322265625,1648254,1609.623046875,1661566,1622.623046875
7361,6.8876953125,351,1,81,1647946,1609.322265625,1648254,1609.623046875,1661566,1622.623046875
7645,7.1650390625,350,1,81,1647946,1609.322265625,1648254,1609.623046875,1661566,1622.623046875
7733,7.2509765625,351,1,81,1647946,1609.322265625,1648254,1609.623046875,1661566,1622.623046875
8502,8.001953125,114,-1,81,1647946,1609.322265625,1648254,1609.623046875,1661566,1622.623046875
8873,8.3642578125,350,0,81,1647946,1609.322265625,1648254,1609.623046875,1661566,1622.623046875
8939,8.4287109375,351,0,81,1647946,1609.322265625,1648254,1609.623046875,1661566,1622.623046875
9071,8.5576171875,350,0,81,1647946,1609.322265625,1648254,1609.623046875,1661566,1622.623046875
9102,8.587890625,351,0,81,1647946,1609.322265625,1648254,1609.623046875,1661566,1622.623046875
9126,8.611328125,350,1,81,1647946,1609.322265625,1648254,1609.623046875,1661566,1622.623046875
9346,8.826171875,351,1,81,1647946,1609.322265625,1648254,1609.623046875,1661566,1622.623046875
9358,8.837890625,103,-1,81,1647946,1609.322265625,1648254,1609.623046875,1661566,1622.623046875
308,0.0,11,-1,82,1658609,1619.7353515625,1658917,1620.0361328125,1672229,1633.0361328125
1331,0.9990234375,1,-1,82,1658609,1619.7353515625,1658917,1620.0361328125,1672229,1633.0361328125
2096,1.74609375,350,1,82,1658609,1619.7353515625,1658917,1620.0361328125,1672229,1633.0361328125
2154,1.802734375,351,1,82,1658609,1619.7353515625,1658917,1620.0361328125,1672229,1633.0361328125
4657,4.2470703125,350,1,82,1658609,1619.7353515625,1658917,1620.0361328125,1672229,1633.0361328125
4683,4.2724609375,351,1,82,1658609,1619.7353515625,1658917,1620.0361328125,1672229,1633.0361328125
8503,8.0029296875,111,-1,82,1658609,1619.7353515625,1658917,1620.0361328125,1672229,1633.0361328125
8985,8.4736328125,350,0,82,1658609,1619.7353515625,1658917,1620.0361328125,1672229,1633.0361328125
9054,8.541015625,351,0,82,1658609,1619.7353515625,1658917,1620.0361328125,1672229,1633.0361328125
9068,8.5546875,350,0,82,1658609,1619.7353515625,1658917,1620.0361328125,1672229,1633.0361328125
9350,8.830078125,351,0,82,1658609,1619.7353515625,1658917,1620.0361328125,1672229,1633.0361328125
9385,8.8642578125,350,0,82,1658609,1619.7353515625,1658917,1620.0361328125,1672229,1633.0361328125
9429,8.9072265625,351,0,82,1658609,1619.7353515625,1658917,1620.0361328125,1672229,1633.0361328125
10235,9.6943359375,350,0,82,1658609,1619.7353515625,1658917,1620.0361328125,1672229,1633.0361328125
10432,9.88671875,101,-1,82,1658609,1619.7353515625,1658917,1620.0361328125,1672229,1633.0361328125
10434,9.888671875,351,0,82,1658609,1619.7353515625,1658917,1620.0361328125,1672229,1633.0361328125
308,0.0,14,-1,83,1670345,1631.1962890625,1670653,1631.4970703125,1683965,1644.4970703125
1333,1.0009765625,1,-1,83,1670345,1631.1962890625,1670653,1631.4970703125,1683965,1644.4970703125
8502,8.001953125,114,-1,83,1670345,1631.1962890625,1670653,1631.4970703125,1683965,1644.4970703125
9101,8.5869140625,350,1,83,1670345,1631.1962890625,1670653,1631.4970703125,1683965,1644.4970703125
9370,8.849609375,103,-1,83,1670345,1631.1962890625,1670653,1631.4970703125,1683965,1644.4970703125
9456,8.93359375,351,1,83,1670345,1631.1962890625,1670653,1631.4970703125,1683965,1644.4970703125
308,0.0,11,-1,84,1681009,1641.6103515625,1681317,1641.9111328125,1694629,1654.9111328125
1331,0.9990234375,1,-1,84,1681009,1641.6103515625,1681317,1641.9111328125,1694629,1654.9111328125
5732,5.296875,350,1,84,1681009,1641.6103515625,1681317,1641.9111328125,1694629,1654.9111328125
5766,5.330078125,351,1,84,1681009,1641.6103515625,1681317,1641.9111328125,1694629,1654.9111328125
6689,6.2314453125,350,0,84,1681009,1641.6103515625,1681317,1641.9111328125,1694629,1654.9111328125
6750,6.291015625,351,0,84,1681009,1641.6103515625,1681317,1641.9111328125,1694629,1654.9111328125
7127,6.6591796875,350,0,84,1681009,1641.6103515625,1681317,1641.9111328125,1694629,1654.9111328125
7210,6.740234375,351,0,84,1681009,1641.6103515625,1681317,1641.9111328125,1694629,1654.9111328125
8249,7.7548828125,350,0,84,1681009,1641.6103515625,1681317,1641.9111328125,1694629,1654.9111328125
8322,7.826171875,351,0,84,1681009,1641.6103515625,1681317,1641.9111328125,1694629,1654.9111328125
8502,8.001953125,111,-1,84,1681009,1641.6103515625,1681317,1641.9111328125,1694629,1654.9111328125
9028,8.515625,350,0,84,1681009,1641.6103515625,1681317,1641.9111328125,1694629,1654.9111328125
9103,8.5888671875,351,0,84,1681009,1641.6103515625,1681317,1641.9111328125,1694629,1654.9111328125
9149,8.6337890625,350,0,84,1681009,1641.6103515625,1681317,1641.9111328125,1694629,1654.9111328125
9367,8.8466796875,101,-1,84,1681009,1641.6103515625,1681317,1641.9111328125,1694629,1654.9111328125
9410,8.888671875,351,0,84,1681009,1641.6103515625,1681317,1641.9111328125,1694629,1654.9111328125
308,0.0,14,-1,85,1691671,1652.0224609375,1691979,1652.3232421875,1705291,1665.3232421875
1330,0.998046875,1,-1,85,1691671,1652.0224609375,1691979,1652.3232421875,1705291,1665.3232421875
5352,4.92578125,350,1,85,1691671,1652.0224609375,1691979,1652.3232421875,1705291,1665.3232421875
5432,5.00390625,351,1,85,1691671,1652.0224609375,1691979,1652.3232421875,1705291,1665.3232421875
5467,5.0380859375,350,1,85,1691671,1652.0224609375,1691979,1652.3232421875,1705291,1665.3232421875
5522,5.091796875,351,1,85,1691671,1652.0224609375,1691979,1652.3232421875,1705291,1665.3232421875
5591,5.1591796875,350,1,85,1691671,1652.0224609375,1691979,1652.3232421875,1705291,1665.3232421875
5665,5.2314453125,351,1,85,1691671,1652.0224609375,1691979,1652.3232421875,1705291,1665.3232421875
5692,5.2578125,350,1,85,1691671,1652.0224609375,1691979,1652.3232421875,1705291,1665.3232421875
5705,5.2705078125,351,1,85,1691671,1652.0224609375,1691979,1652.3232421875,1705291,1665.3232421875
5755,5.3193359375,350,1,85,1691671,1652.0224609375,1691979,1652.3232421875,1705291,1665.3232421875
5836,5.3984375,351,1,85,1691671,1652.0224609375,1691979,1652.3232421875,1705291,1665.3232421875
5886,5.447265625,350,1,85,1691671,1652.0224609375,1691979,1652.3232421875,1705291,1665.3232421875
5928,5.48828125,351,1,85,1691671,1652.0224609375,1691979,1652.3232421875,1705291,1665.3232421875
5975,5.5341796875,350,1,85,1691671,1652.0224609375,1691979,1652.3232421875,1705291,1665.3232421875
6031,5.5888671875,351,1,85,1691671,1652.0224609375,1691979,1652.3232421875,1705291,1665.3232421875
8501,8.0009765625,114,-1,85,1691671,1652.0224609375,1691979,1652.3232421875,1705291,1665.3232421875
8832,8.32421875,350,1,85,1691671,1652.0224609375,1691979,1652.3232421875,1705291,1665.3232421875
9000,8.48828125,103,-1,85,1691671,1652.0224609375,1691979,1652.3232421875,1705291,1665.3232421875
9082,8.568359375,351,1,85,1691671,1652.0224609375,1691979,1652.3232421875,1705291,1665.3232421875
308,0.0,11,-1,86,1701972,1662.08203125,1702280,1662.3828125,1715592,1675.3828125
812,0.4921875,350,0,86,1701972,1662.08203125,1702280,1662.3828125,1715592,1675.3828125
868,0.546875,351,0,86,1701972,1662.08203125,1702280,1662.3828125,1715592,1675.3828125
1332,1.0,1,-1,86,1701972,1662.08203125,1702280,1662.3828125,1715592,1675.3828125
2500,2.140625,350,0,86,1701972,1662.08203125,1702280,1662.3828125,1715592,1675.3828125
2543,2.1826171875,351,0,86,1701972,1662.08203125,1702280,1662.3828125,1715592,1675.3828125
3053,2.6806640625,350,0,86,1701972,1662.08203125,1702280,1662.3828125,1715592,1675.3828125
3077,2.7041015625,351,0,86,1701972,1662.08203125,1702280,1662.3828125,1715592,1675.3828125
3252,2.875,350,0,86,1701972,1662.08203125,1702280,1662.3828125,1715592,1675.3828125
3269,2.8916015625,351,0,86,1701972,1662.08203125,1702280,1662.3828125,1715592,1675.3828125
3394,3.013671875,350,0,86,1701972,1662.08203125,1702280,1662.3828125,1715592,1675.3828125
3427,3.0458984375,351,0,86,1701972,1662.08203125,1702280,1662.3828125,1715592,1675.3828125
3449,3.0673828125,350,0,86,1701972,1662.08203125,1702280,1662.3828125,1715592,1675.3828125
3495,3.1123046875,351,0,86,1701972,1662.08203125,1702280,1662.3828125,1715592,1675.3828125
3512,3.12890625,350,0,86,1701972,1662.08203125,1702280,1662.3828125,1715592,1675.3828125
3539,3.1552734375,351,0,86,1701972,1662.08203125,1702280,1662.3828125,1715592,1675.3828125
3572,3.1875,350,0,86,1701972,1662.08203125,1702280,1662.3828125,1715592,1675.3828125
3665,3.2783203125,351,0,86,1701972,1662.08203125,1702280,1662.3828125,1715592,1675.3828125
3753,3.3642578125,350,0,86,1701972,1662.08203125,1702280,1662.3828125,1715592,1675.3828125
3815,3.4248046875,351,0,86,1701972,1662.08203125,1702280,1662.3828125,1715592,1675.3828125
3926,3.533203125,350,0,86,1701972,1662.08203125,1702280,1662.3828125,1715592,1675.3828125
3943,3.5498046875,351,0,86,1701972,1662.08203125,1702280,1662.3828125,1715592,1675.3828125
5282,4.857421875,350,0,86,1701972,1662.08203125,1702280,1662.3828125,1715592,1675.3828125
5354,4.927734375,351,0,86,1701972,1662.08203125,1702280,1662.3828125,1715592,1675.3828125
5580,5.1484375,350,1,86,1701972,1662.08203125,1702280,1662.3828125,1715592,1675.3828125
5596,5.1640625,351,1,86,1701972,1662.08203125,1702280,1662.3828125,1715592,1675.3828125
8503,8.0029296875,111,-1,86,1701972,1662.08203125,1702280,1662.3828125,1715592,1675.3828125
8741,8.2353515625,350,0,86,1701972,1662.08203125,1702280,1662.3828125,1715592,1675.3828125
9024,8.51171875,101,-1,86,1701972,1662.08203125,1702280,1662.3828125,1715592,1675.3828125
9036,8.5234375,351,0,86,1701972,1662.08203125,1702280,1662.3828125,1715592,1675.3828125
308,0.0,11,-1,87,1712293,1672.1611328125,1712601,1672.4619140625,1725913,1685.4619140625
1332,1.0,1,-1,87,1712293,1672.1611328125,1712601,1672.4619140625,1725913,1685.4619140625
8502,8.001953125,111,-1,87,1712293,1672.1611328125,1712601,1672.4619140625,1725913,1685.4619140625
8529,8.0283203125,350,0,87,1712293,1672.1611328125,1712601,1672.4619140625,1725913,1685.4619140625
8584,8.08203125,351,0,87,1712293,1672.1611328125,1712601,1672.4619140625,1725913,1685.4619140625
8781,8.2744140625,350,0,87,1712293,1672.1611328125,1712601,1672.4619140625,1725913,1685.4619140625
9009,8.4970703125,351,0,87,1712293,1672.1611328125,1712601,1672.4619140625,1725913,1685.4619140625
9023,8.5107421875,101,-1,87,1712293,1672.1611328125,1712601,1672.4619140625,1725913,1685.4619140625
308,0.0,11,-1,88,1722613,1682.2392578125,1722921,1682.5400390625,1736233,1695.5400390625
1332,1.0,1,-1,88,1722613,1682.2392578125,1722921,1682.5400390625,1736233,1695.5400390625
3042,2.669921875,350,0,88,1722613,1682.2392578125,1722921,1682.5400390625,1736233,1695.5400390625
3072,2.69921875,351,0,88,1722613,1682.2392578125,1722921,1682.5400390625,1736233,1695.5400390625
7423,6.9482421875,350,1,88,1722613,1682.2392578125,1722921,1682.5400390625,1736233,1695.5400390625
7472,6.99609375,351,1,88,1722613,1682.2392578125,1722921,1682.5400390625,1736233,1695.5400390625
7910,7.423828125,350,1,88,1722613,1682.2392578125,1722921,1682.5400390625,1736233,1695.5400390625
7989,7.5009765625,351,1,88,1722613,1682.2392578125,1722921,1682.5400390625,1736233,1695.5400390625
8501,8.0009765625,111,-1,88,1722613,1682.2392578125,1722921,1682.5400390625,1736233,1695.5400390625
8820,8.3125,350,0,88,1722613,1682.2392578125,1722921,1682.5400390625,1736233,1695.5400390625
8987,8.4755859375,351,0,88,1722613,1682.2392578125,1722921,1682.5400390625,1736233,1695.5400390625
9000,8.48828125,350,0,88,1722613,1682.2392578125,1722921,1682.5400390625,1736233,1695.5400390625
9020,8.5078125,101,-1,88,1722613,1682.2392578125,1722921,1682.5400390625,1736233,1695.5400390625
9027,8.5146484375,351,0,88,1722613,1682.2392578125,1722921,1682.5400390625,1736233,1695.5400390625
308,0.0,14,-1,89,1732934,1692.318359375,1733242,1692.619140625,1746554,1705.619140625
1331,0.9990234375,1,-1,89,1732934,1692.318359375,1733242,1692.619140625,1746554,1705.619140625
8503,8.0029296875,114,-1,89,1732934,1692.318359375,1733242,1692.619140625,1746554,1705.619140625
8741,8.2353515625,350,1,89,1732934,1692.318359375,1733242,1692.619140625,1746554,1705.619140625
8827,8.3193359375,351,1,89,1732934,1692.318359375,1733242,1692.619140625,1746554,1705.619140625
8859,8.3505859375,350,1,89,1732934,1692.318359375,1733242,1692.619140625,1746554,1705.619140625
9048,8.53515625,103,-1,89,1732934,1692.318359375,1733242,1692.619140625,1746554,1705.619140625
9068,8.5546875,351,1,89,1732934,1692.318359375,1733242,1692.619140625,1746554,1705.619140625
308,0.0,14,-1,90,1743288,1702.4296875,1743596,1702.73046875,1756908,1715.73046875
1332,1.0,1,-1,90,1743288,1702.4296875,1743596,1702.73046875,1756908,1715.73046875
2188,1.8359375,350,1,90,1743288,1702.4296875,1743596,1702.73046875,1756908,1715.73046875
2284,1.9296875,351,1,90,1743288,1702.4296875,1743596,1702.73046875,1756908,1715.73046875
5444,5.015625,350,0,90,1743288,1702.4296875,1743596,1702.73046875,1756908,1715.73046875
5481,5.0517578125,351,0,90,1743288,1702.4296875,1743596,1702.73046875,1756908,1715.73046875
8501,8.0009765625,114,-1,90,1743288,1702.4296875,1743596,1702.73046875,1756908,1715.73046875
8780,8.2734375,350,1,90,1743288,1702.4296875,1743596,1702.73046875,1756908,1715.73046875
8861,8.3525390625,350,0,90,1743288,1702.4296875,1743596,1702.73046875,1756908,1715.73046875
8922,8.412109375,351,0,90,1743288,1702.4296875,1743596,1702.73046875,1756908,1715.73046875
8946,8.435546875,351,1,90,1743288,1702.4296875,1743596,1702.73046875,1756908,1715.73046875
8950,8.439453125,103,-1,90,1743288,1702.4296875,1743596,1702.73046875,1756908,1715.73046875
308,0.0,11,-1,91,1753542,1712.443359375,1753850,1712.744140625,1767162,1725.744140625
1331,0.9990234375,1,-1,91,1753542,1712.443359375,1753850,1712.744140625,1767162,1725.744140625
8281,7.7861328125,350,0,91,1753542,1712.443359375,1753850,1712.744140625,1767162,1725.744140625
8325,7.8291015625,351,0,91,1753542,1712.443359375,1753850,1712.744140625,1767162,1725.744140625
8503,8.0029296875,111,-1,91,1753542,1712.443359375,1753850,1712.744140625,1767162,1725.744140625
8880,8.37109375,350,0,91,1753542,1712.443359375,1753850,1712.744140625,1767162,1725.744140625
9115,8.6005859375,101,-1,91,1753542,1712.443359375,1753850,1712.744140625,1767162,1725.744140625
9129,8.6142578125,351,0,91,1753542,1712.443359375,1753850,1712.744140625,1767162,1725.744140625
308,0.0,14,-1,92,1763952,1722.609375,1764260,1722.91015625,1777572,1735.91015625
1330,0.998046875,1,-1,92,1763952,1722.609375,1764260,1722.91015625,1777572,1735.91015625
8500,8.0,114,-1,92,1763952,1722.609375,1764260,1722.91015625,1777572,1735.91015625
8800,8.29296875,350,1,92,1763952,1722.609375,1764260,1722.91015625,1777572,1735.91015625
8857,8.3486328125,351,1,92,1763952,1722.609375,1764260,1722.91015625,1777572,1735.91015625
8935,8.4248046875,350,1,92,1763952,1722.609375,1764260,1722.91015625,1777572,1735.91015625
9133,8.6181640625,351,1,92,1763952,1722.609375,1764260,1722.91015625,1777572,1735.91015625
9724,9.1953125,350,1,92,1763952,1722.609375,1764260,1722.91015625,1777572,1735.91015625
9909,9.3759765625,103,-1,92,1763952,1722.609375,1764260,1722.91015625,1777572,1735.91015625
9935,9.4013671875,351,1,92,1763952,1722.609375,1764260,1722.91015625,1777572,1735.91015625
308,0.0,14,-1,93,1775157,1733.5517578125,1775465,1733.8525390625,1788777,1746.8525390625
1332,1.0,1,-1,93,1775157,1733.5517578125,1775465,1733.8525390625,1788777,1746.8525390625
8503,8.0029296875,114,-1,93,1775157,1733.5517578125,1775465,1733.8525390625,1788777,1746.8525390625
8728,8.22265625,350,1,93,1775157,1733.5517578125,1775465,1733.8525390625,1788777,1746.8525390625
8920,8.41015625,103,-1,93,1775157,1733.5517578125,1775465,1733.8525390625,1788777,1746.8525390625
8940,8.4296875,351,1,93,1775157,1733.5517578125,1775465,1733.8525390625,1788777,1746.8525390625
308,0.0,14,-1,94,1785377,1743.5322265625,1785685,1743.8330078125,1798997,1756.8330078125
1330,0.998046875,1,-1,94,1785377,1743.5322265625,1785685,1743.8330078125,1798997,1756.8330078125
8500,8.0,114,-1,94,1785377,1743.5322265625,1785685,1743.8330078125,1798997,1756.8330078125
8953,8.4423828125,350,1,94,1785377,1743.5322265625,1785685,1743.8330078125,1798997,1756.8330078125
9224,8.70703125,103,-1,94,1785377,1743.5322265625,1785685,1743.8330078125,1798997,1756.8330078125
9234,8.716796875,351,1,94,1785377,1743.5322265625,1785685,1743.8330078125,1798997,1756.8330078125
308,0.0,11,-1,95,1795901,1753.8095703125,1796209,1754.1103515625,1809521,1767.1103515625
1331,0.9990234375,1,-1,95,1795901,1753.8095703125,1796209,1754.1103515625,1809521,1767.1103515625
7990,7.501953125,350,0,95,1795901,1753.8095703125,1796209,1754.1103515625,1809521,1767.1103515625
8077,7.5869140625,351,0,95,1795901,1753.8095703125,1796209,1754.1103515625,1809521,1767.1103515625
8502,8.001953125,111,-1,95,1795901,1753.8095703125,1796209,1754.1103515625,1809521,1767.1103515625
8761,8.2548828125,350,0,95,1795901,1753.8095703125,1796209,1754.1103515625,1809521,1767.1103515625
9024,8.51171875,351,0,95,1795901,1753.8095703125,1796209,1754.1103515625,1809521,1767.1103515625
9025,8.5126953125,101,-1,95,1795901,1753.8095703125,1796209,1754.1103515625,1809521,1767.1103515625
308,0.0,11,-1,96,1806221,1763.8876953125,1806529,1764.1884765625,1819841,1777.1884765625
1332,1.0,1,-1,96,1806221,1763.8876953125,1806529,1764.1884765625,1819841,1777.1884765625
8397,7.8994140625,350,1,96,1806221,1763.8876953125,1806529,1764.1884765625,1819841,1777.1884765625
8463,7.9638671875,350,0,96,1806221,1763.8876953125,1806529,1764.1884765625,1819841,1777.1884765625
8503,8.0029296875,111,-1,96,1806221,1763.8876953125,1806529,1764.1884765625,1819841,1777.1884765625
8544,8.04296875,351,0,96,1806221,1763.8876953125,1806529,1764.1884765625,1819841,1777.1884765625
8557,8.0556640625,350,0,96,1806221,1763.8876953125,1806529,1764.1884765625,1819841,1777.1884765625
8861,8.3525390625,351,0,96,1806221,1763.8876953125,1806529,1764.1884765625,1819841,1777.1884765625
8881,8.3720703125,351,1,96,1806221,1763.8876953125,1806529,1764.1884765625,1819841,1777.1884765625
8892,8.3828125,350,0,96,1806221,1763.8876953125,1806529,1764.1884765625,1819841,1777.1884765625
8956,8.4453125,351,0,96,1806221,1763.8876953125,1806529,1764.1884765625,1819841,1777.1884765625
9030,8.517578125,350,1,96,1806221,1763.8876953125,1806529,1764.1884765625,1819841,1777.1884765625
9068,8.5546875,351,1,96,1806221,1763.8876953125,1806529,1764.1884765625,1819841,1777.1884765625
9078,8.564453125,350,0,96,1806221,1763.8876953125,1806529,1764.1884765625,1819841,1777.1884765625
9194,8.677734375,351,0,96,1806221,1763.8876953125,1806529,1764.1884765625,1819841,1777.1884765625
9212,8.6953125,350,0,96,1806221,1763.8876953125,1806529,1764.1884765625,1819841,1777.1884765625
9399,8.8779296875,101,-1,96,1806221,1763.8876953125,1806529,1764.1884765625,1819841,1777.1884765625
9430,8.908203125,351,0,96,1806221,1763.8876953125,1806529,1764.1884765625,1819841,1777.1884765625
308,0.0,14,-1,97,1816926,1774.341796875,1817234,1774.642578125,1830546,1787.642578125
1013,0.6884765625,350,1,97,1816926,1774.341796875,1817234,1774.642578125,1830546,1787.642578125
1070,0.744140625,351,1,97,1816926,1774.341796875,1817234,1774.642578125,1830546,1787.642578125
1331,0.9990234375,1,-1,97,1816926,1774.341796875,1817234,1774.642578125,1830546,1787.642578125
2790,2.423828125,350,1,97,1816926,1774.341796875,1817234,1774.642578125,1830546,1787.642578125
2881,2.5126953125,351,1,97,1816926,1774.341796875,1817234,1774.642578125,1830546,1787.642578125
3057,2.6845703125,350,1,97,1816926,1774.341796875,1817234,1774.642578125,1830546,1787.642578125
3115,2.7412109375,351,1,97,1816926,1774.341796875,1817234,1774.642578125,1830546,1787.642578125
3128,2.75390625,350,1,97,1816926,1774.341796875,1817234,1774.642578125,1830546,1787.642578125
3148,2.7734375,351,1,97,1816926,1774.341796875,1817234,1774.642578125,1830546,1787.642578125
3166,2.791015625,350,1,97,1816926,1774.341796875,1817234,1774.642578125,1830546,1787.642578125
3191,2.8154296875,351,1,97,1816926,1774.341796875,1817234,1774.642578125,1830546,1787.642578125
3735,3.3466796875,350,1,97,1816926,1774.341796875,1817234,1774.642578125,1830546,1787.642578125
3778,3.388671875,351,1,97,1816926,1774.341796875,1817234,1774.642578125,1830546,1787.642578125
8502,8.001953125,114,-1,97,1816926,1774.341796875,1817234,1774.642578125,1830546,1787.642578125
9166,8.650390625,350,1,97,1816926,1774.341796875,1817234,1774.642578125,1830546,1787.642578125
9423,8.9013671875,103,-1,97,1816926,1774.341796875,1817234,1774.642578125,1830546,1787.642578125
9445,8.9228515625,351,1,97,1816926,1774.341796875,1817234,1774.642578125,1830546,1787.642578125
308,0.0,14,-1,98,1827639,1784.8037109375,1827947,1785.1044921875,1841259,1798.1044921875
1332,1.0,1,-1,98,1827639,1784.8037109375,1827947,1785.1044921875,1841259,1798.1044921875
6014,5.572265625,350,1,98,1827639,1784.8037109375,1827947,1785.1044921875,1841259,1798.1044921875
6094,5.650390625,351,1,98,1827639,1784.8037109375,1827947,1785.1044921875,1841259,1798.1044921875
7599,7.1201171875,350,1,98,1827639,1784.8037109375,1827947,1785.1044921875,1841259,1798.1044921875
7668,7.1875,351,1,98,1827639,1784.8037109375,1827947,1785.1044921875,1841259,1798.1044921875
8079,7.5888671875,350,1,98,1827639,1784.8037109375,1827947,1785.1044921875,1841259,1798.1044921875
8167,7.6748046875,351,1,98,1827639,1784.8037109375,1827947,1785.1044921875,1841259,1798.1044921875
8197,7.7041015625,350,1,98,1827639,1784.8037109375,1827947,1785.1044921875,1841259,1798.1044921875
8240,7.74609375,351,1,98,1827639,1784.8037109375,1827947,1785.1044921875,1841259,1798.1044921875
8465,7.9658203125,350,1,98,1827639,1784.8037109375,1827947,1785.1044921875,1841259,1798.1044921875
8503,8.0029296875,114,-1,98,1827639,1784.8037109375,1827947,1785.1044921875,1841259,1798.1044921875
8554,8.052734375,351,1,98,1827639,1784.8037109375,1827947,1785.1044921875,1841259,1798.1044921875
8793,8.2861328125,350,1,98,1827639,1784.8037109375,1827947,1785.1044921875,1841259,1798.1044921875
8963,8.4521484375,103,-1,98,1827639,1784.8037109375,1827947,1785.1044921875,1841259,1798.1044921875
9001,8.4892578125,351,1,98,1827639,1784.8037109375,1827947,1785.1044921875,1841259,1798.1044921875
308,0.0,11,-1,99,1837917,1794.8408203125,1838225,1795.1416015625,1851537,1808.1416015625
1332,1.0,1,-1,99,1837917,1794.8408203125,1838225,1795.1416015625,1851537,1808.1416015625
5191,4.7685546875,350,0,99,1837917,1794.8408203125,1838225,1795.1416015625,1851537,1808.1416015625
5260,4.8359375,351,0,99,1837917,1794.8408203125,1838225,1795.1416015625,1851537,1808.1416015625
8503,8.0029296875,111,-1,99,1837917,1794.8408203125,1838225,1795.1416015625,1851537,1808.1416015625
8803,8.2958984375,350,0,99,1837917,1794.8408203125,1838225,1795.1416015625,1851537,1808.1416015625
9031,8.5185546875,351,0,99,1837917,1794.8408203125,1838225,1795.1416015625,1851537,1808.1416015625
9053,8.5400390625,350,0,99,1837917,1794.8408203125,1838225,1795.1416015625,1851537,1808.1416015625
9109,8.5947265625,101,-1,99,1837917,1794.8408203125,1838225,1795.1416015625,1851537,1808.1416015625
9172,8.65625,351,0,99,1837917,1794.8408203125,1838225,1795.1416015625,1851537,1808.1416015625
308,0.0,11,-1,100,1848323,1805.0029296875,1848631,1805.3037109375,1861943,1818.3037109375
1331,0.9990234375,1,-1,100,1848323,1805.0029296875,1848631,1805.3037109375,1861943,1818.3037109375
4960,4.54296875,350,1,100,1848323,1805.0029296875,1848631,1805.3037109375,1861943,1818.3037109375
4992,4.57421875,351,1,100,1848323,1805.0029296875,1848631,1805.3037109375,1861943,1818.3037109375
6962,6.498046875,350,0,100,1848323,1805.0029296875,1848631,1805.3037109375,1861943,1818.3037109375
7039,6.5732421875,351,0,100,1848323,1805.0029296875,1848631,1805.3037109375,1861943,1818.3037109375
8500,8.0,111,-1,100,1848323,1805.0029296875,1848631,1805.3037109375,1861943,1818.3037109375
8814,8.306640625,350,0,100,1848323,1805.0029296875,1848631,1805.3037109375,1861943,1818.3037109375
9020,8.5078125,101,-1,100,1848323,1805.0029296875,1848631,1805.3037109375,1861943,1818.3037109375
9033,8.5205078125,351,0,100,1848323,1805.0029296875,1848631,1805.3037109375,1861943,1818.3037109375
308,0.0,11,-1,101,1858644,1815.08203125,1858952,1815.3828125,1872264,1828.3828125
1331,0.9990234375,1,-1,101,1858644,1815.08203125,1858952,1815.3828125,1872264,1828.3828125
8133,7.6416015625,350,0,101,1858644,1815.08203125,1858952,1815.3828125,1872264,1828.3828125
8156,7.6640625,351,0,101,1858644,1815.08203125,1858952,1815.3828125,1872264,1828.3828125
8503,8.0029296875,111,-1,101,1858644,1815.08203125,1858952,1815.3828125,1872264,1828.3828125
8781,8.2744140625,350,0,101,1858644,1815.08203125,1858952,1815.3828125,1872264,1828.3828125
8828,8.3203125,351,0,101,1858644,1815.08203125,1858952,1815.3828125,1872264,1828.3828125
8923,8.4130859375,350,0,101,1858644,1815.08203125,1858952,1815.3828125,1872264,1828.3828125
8995,8.4833984375,351,0,101,1858644,1815.08203125,1858952,1815.3828125,1872264,1828.3828125
9013,8.5009765625,350,0,101,1858644,1815.08203125,1858952,1815.3828125,1872264,1828.3828125
9177,8.6611328125,101,-1,101,1858644,1815.08203125,1858952,1815.3828125,1872264,1828.3828125
9190,8.673828125,351,0,101,1858644,1815.08203125,1858952,1815.3828125,1872264,1828.3828125
308,0.0,14,-1,102,1869118,1825.310546875,1869426,1825.611328125,1882738,1838.611328125
1332,1.0,1,-1,102,1869118,1825.310546875,1869426,1825.611328125,1882738,1838.611328125
8503,8.0029296875,114,-1,102,1869118,1825.310546875,1869426,1825.611328125,1882738,1838.611328125
8815,8.3076171875,350,1,102,1869118,1825.310546875,1869426,1825.611328125,1882738,1838.611328125
8978,8.466796875,103,-1,102,1869118,1825.310546875,1869426,1825.611328125,1882738,1838.611328125
8998,8.486328125,351,1,102,1869118,1825.310546875,1869426,1825.611328125,1882738,1838.611328125
308,0.0,11,-1,103,1879387,1835.3388671875,1879695,1835.6396484375,1893007,1848.6396484375
1332,1.0,1,-1,103,1879387,1835.3388671875,1879695,1835.6396484375,1893007,1848.6396484375
6918,6.455078125,350,0,103,1879387,1835.3388671875,1879695,1835.6396484375,1893007,1848.6396484375
6975,6.5107421875,351,0,103,1879387,1835.3388671875,1879695,1835.6396484375,1893007,1848.6396484375
7748,7.265625,350,0,103,1879387,1835.3388671875,1879695,1835.6396484375,1893007,1848.6396484375
7833,7.3486328125,351,0,103,1879387,1835.3388671875,1879695,1835.6396484375,1893007,1848.6396484375
7849,7.3642578125,350,0,103,1879387,1835.3388671875,1879695,1835.6396484375,1893007,1848.6396484375
7969,7.4814453125,351,0,103,1879387,1835.3388671875,1879695,1835.6396484375,1893007,1848.6396484375
8003,7.5146484375,350,0,103,1879387,1835.3388671875,1879695,1835.6396484375,1893007,1848.6396484375
8101,7.6103515625,351,0,103,1879387,1835.3388671875,1879695,1835.6396484375,1893007,1848.6396484375
8114,7.623046875,350,0,103,1879387,1835.3388671875,1879695,1835.6396484375,1893007,1848.6396484375
8167,7.6748046875,351,0,103,1879387,1835.3388671875,1879695,1835.6396484375,1893007,1848.6396484375
8187,7.6943359375,350,0,103,1879387,1835.3388671875,1879695,1835.6396484375,1893007,1848.6396484375
8426,7.927734375,351,0,103,1879387,1835.3388671875,1879695,1835.6396484375,1893007,1848.6396484375
8465,7.9658203125,350,0,103,1879387,1835.3388671875,1879695,1835.6396484375,1893007,1848.6396484375
8502,8.001953125,111,-1,103,1879387,1835.3388671875,1879695,1835.6396484375,1893007,1848.6396484375
8566,8.064453125,351,0,103,1879387,1835.3388671875,1879695,1835.6396484375,1893007,1848.6396484375
8586,8.083984375,350,0,103,1879387,1835.3388671875,1879695,1835.6396484375,1893007,1848.6396484375
8746,8.240234375,351,0,103,1879387,1835.3388671875,1879695,1835.6396484375,1893007,1848.6396484375
8764,8.2578125,350,0,103,1879387,1835.3388671875,1879695,1835.6396484375,1893007,1848.6396484375
8964,8.453125,101,-1,103,1879387,1835.3388671875,1879695,1835.6396484375,1893007,1848.6396484375
8978,8.466796875,351,0,103,1879387,1835.3388671875,1879695,1835.6396484375,1893007,1848.6396484375
308,0.0,14,-1,104,1889657,1845.3681640625,1889965,1845.6689453125,1903277,1858.6689453125
1331,0.9990234375,1,-1,104,1889657,1845.3681640625,1889965,1845.6689453125,1903277,1858.6689453125
8503,8.0029296875,114,-1,104,1889657,1845.3681640625,1889965,1845.6689453125,1903277,1858.6689453125
8779,8.2724609375,350,1,104,1889657,1845.3681640625,1889965,1845.6689453125,1903277,1858.6689453125
8946,8.435546875,103,-1,104,1889657,1845.3681640625,1889965,1845.6689453125,1903277,1858.6689453125
8964,8.453125,351,1,104,1889657,1845.3681640625,1889965,1845.6689453125,1903277,1858.6689453125
308,0.0,14,-1,105,1899909,1855.3798828125,1900217,1855.6806640625,1913529,1868.6806640625
1331,0.9990234375,1,-1,105,1899909,1855.3798828125,1900217,1855.6806640625,1913529,1868.6806640625
3365,2.9853515625,350,1,105,1899909,1855.3798828125,1900217,1855.6806640625,1913529,1868.6806640625
3425,3.0439453125,351,1,105,1899909,1855.3798828125,1900217,1855.6806640625,1913529,1868.6806640625
7628,7.1484375,350,1,105,1899909,1855.3798828125,1900217,1855.6806640625,1913529,1868.6806640625
7720,7.23828125,351,1,105,1899909,1855.3798828125,1900217,1855.6806640625,1913529,1868.6806640625
7787,7.3037109375,350,1,105,1899909,1855.3798828125,1900217,1855.6806640625,1913529,1868.6806640625
7843,7.3583984375,351,1,105,1899909,1855.3798828125,1900217,1855.6806640625,1913529,1868.6806640625
7870,7.384765625,350,1,105,1899909,1855.3798828125,1900217,1855.6806640625,1913529,1868.6806640625
8033,7.5439453125,351,1,105,1899909,1855.3798828125,1900217,1855.6806640625,1913529,1868.6806640625
8156,7.6640625,350,1,105,1899909,1855.3798828125,1900217,1855.6806640625,1913529,1868.6806640625
8207,7.7138671875,351,1,105,1899909,1855.3798828125,1900217,1855.6806640625,1913529,1868.6806640625
8316,7.8203125,350,1,105,1899909,1855.3798828125,1900217,1855.6806640625,1913529,1868.6806640625
8387,7.8896484375,351,1,105,1899909,1855.3798828125,1900217,1855.6806640625,1913529,1868.6806640625
8503,8.0029296875,114,-1,105,1899909,1855.3798828125,1900217,1855.6806640625,1913529,1868.6806640625
8785,8.2783203125,350,1,105,1899909,1855.3798828125,1900217,1855.6806640625,1913529,1868.6806640625
9024,8.51171875,351,1,105,1899909,1855.3798828125,1900217,1855.6806640625,1913529,1868.6806640625
9114,8.599609375,350,1,105,1899909,1855.3798828125,1900217,1855.6806640625,1913529,1868.6806640625
9178,8.662109375,351,1,105,1899909,1855.3798828125,1900217,1855.6806640625,1913529,1868.6806640625
9228,8.7109375,350,1,105,1899909,1855.3798828125,1900217,1855.6806640625,1913529,1868.6806640625
9243,8.7255859375,351,1,105,1899909,1855.3798828125,1900217,1855.6806640625,1913529,1868.6806640625
9266,8.748046875,350,1,105,1899909,1855.3798828125,1900217,1855.6806640625,1913529,1868.6806640625
9332,8.8125,351,1,105,1899909,1855.3798828125,1900217,1855.6806640625,1913529,1868.6806640625
9531,9.0068359375,350,1,105,1899909,1855.3798828125,1900217,1855.6806640625,1913529,1868.6806640625
9685,9.1572265625,103,-1,105,1899909,1855.3798828125,1900217,1855.6806640625,1913529,1868.6806640625
9723,9.1943359375,351,1,105,1899909,1855.3798828125,1900217,1855.6806640625,1913529,1868.6806640625
308,0.0,11,-1,106,1910896,1866.109375,1911204,1866.41015625,1924516,1879.41015625
1332,1.0,1,-1,106,1910896,1866.109375,1911204,1866.41015625,1924516,1879.41015625
7240,6.76953125,350,0,106,1910896,1866.109375,1911204,1866.41015625,1924516,1879.41015625
7296,6.82421875,351,0,106,1910896,1866.109375,1911204,1866.41015625,1924516,1879.41015625
8502,8.001953125,111,-1,106,1910896,1866.109375,1911204,1866.41015625,1924516,1879.41015625
8695,8.1904296875,350,0,106,1910896,1866.109375,1911204,1866.41015625,1924516,1879.41015625
8900,8.390625,101,-1,106,1910896,1866.109375,1911204,1866.41015625,1924516,1879.41015625
8917,8.4072265625,351,0,106,1910896,1866.109375,1911204,1866.41015625,1924516,1879.41015625
308,0.0,14,-1,107,1921098,1876.072265625,1921406,1876.373046875,1934718,1889.373046875
1331,0.9990234375,1,-1,107,1921098,1876.072265625,1921406,1876.373046875,1934718,1889.373046875
2147,1.7958984375,350,1,107,1921098,1876.072265625,1921406,1876.373046875,1934718,1889.373046875
2191,1.8388671875,351,1,107,1921098,1876.072265625,1921406,1876.373046875,1934718,1889.373046875
2388,2.03125,350,1,107,1921098,1876.072265625,1921406,1876.373046875,1934718,1889.373046875
2489,2.1298828125,351,1,107,1921098,1876.072265625,1921406,1876.373046875,1934718,1889.373046875
8502,8.001953125,114,-1,107,1921098,1876.072265625,1921406,1876.373046875,1934718,1889.373046875
8769,8.2626953125,350,1,107,1921098,1876.072265625,1921406,1876.373046875,1934718,1889.373046875
8936,8.42578125,351,1,107,1921098,1876.072265625,1921406,1876.373046875,1934718,1889.373046875
8950,8.439453125,103,-1,107,1921098,1876.072265625,1921406,1876.373046875,1934718,1889.373046875
308,0.0,11,-1,108,1931350,1886.083984375,1931658,1886.384765625,1944970,1899.384765625
1333,1.0009765625,1,-1,108,1931350,1886.083984375,1931658,1886.384765625,1944970,1899.384765625
4448,4.04296875,350,0,108,1931350,1886.083984375,1931658,1886.384765625,1944970,1899.384765625
4507,4.1005859375,351,0,108,1931350,1886.083984375,1931658,1886.384765625,1944970,1899.384765625
5657,5.2236328125,350,0,108,1931350,1886.083984375,1931658,1886.384765625,1944970,1899.384765625
5767,5.3310546875,351,0,108,1931350,1886.083984375,1931658,1886.384765625,1944970,1899.384765625
5786,5.349609375,350,0,108,1931350,1886.083984375,1931658,1886.384765625,1944970,1899.384765625
5815,5.3779296875,351,0,108,1931350,1886.083984375,1931658,1886.384765625,1944970,1899.384765625
8503,8.0029296875,111,-1,108,1931350,1886.083984375,1931658,1886.384765625,1944970,1899.384765625
8908,8.3984375,350,0,108,1931350,1886.083984375,1931658,1886.384765625,1944970,1899.384765625
9140,8.625,101,-1,108,1931350,1886.083984375,1931658,1886.384765625,1944970,1899.384765625
9149,8.6337890625,351,0,108,1931350,1886.083984375,1931658,1886.384765625,1944970,1899.384765625
308,0.0,11,-1,109,1941790,1896.279296875,1942098,1896.580078125,1955410,1909.580078125
1331,0.9990234375,1,-1,109,1941790,1896.279296875,1942098,1896.580078125,1955410,1909.580078125
8501,8.0009765625,111,-1,109,1941790,1896.279296875,1942098,1896.580078125,1955410,1909.580078125
8889,8.3798828125,350,0,109,1941790,1896.279296875,1942098,1896.580078125,1955410,1909.580078125
9084,8.5703125,101,-1,109,1941790,1896.279296875,1942098,1896.580078125,1955410,1909.580078125
9103,8.5888671875,351,0,109,1941790,1896.279296875,1942098,1896.580078125,1955410,1909.580078125
308,0.0,11,-1,110,1952178,1906.423828125,1952486,1906.724609375,1965798,1919.724609375
1332,1.0,1,-1,110,1952178,1906.423828125,1952486,1906.724609375,1965798,1919.724609375
8502,8.001953125,111,-1,110,1952178,1906.423828125,1952486,1906.724609375,1965798,1919.724609375
8906,8.396484375,350,0,110,1952178,1906.423828125,1952486,1906.724609375,1965798,1919.724609375
9038,8.525390625,101,-1,110,1952178,1906.423828125,1952486,1906.724609375,1965798,1919.724609375
9072,8.55859375,351,0,110,1952178,1906.423828125,1952486,1906.724609375,1965798,1919.724609375
308,0.0,11,-1,111,1962517,1916.5205078125,1962825,1916.8212890625,1976137,1929.8212890625
1330,0.998046875,1,-1,111,1962517,1916.5205078125,1962825,1916.8212890625,1976137,1929.8212890625
2776,2.41015625,350,1,111,1962517,1916.5205078125,1962825,1916.8212890625,1976137,1929.8212890625
2840,2.47265625,351,1,111,1962517,1916.5205078125,1962825,1916.8212890625,1976137,1929.8212890625
6257,5.8095703125,350,0,111,1962517,1916.5205078125,1962825,1916.8212890625,1976137,1929.8212890625
6352,5.90234375,351,0,111,1962517,1916.5205078125,1962825,1916.8212890625,1976137,1929.8212890625
6379,5.9287109375,350,0,111,1962517,1916.5205078125,1962825,1916.8212890625,1976137,1929.8212890625
6399,5.9482421875,351,0,111,1962517,1916.5205078125,1962825,1916.8212890625,1976137,1929.8212890625
6510,6.056640625,350,0,111,1962517,1916.5205078125,1962825,1916.8212890625,1976137,1929.8212890625
6571,6.1162109375,351,0,111,1962517,1916.5205078125,1962825,1916.8212890625,1976137,1929.8212890625
6655,6.1982421875,350,0,111,1962517,1916.5205078125,1962825,1916.8212890625,1976137,1929.8212890625
6703,6.2451171875,351,0,111,1962517,1916.5205078125,1962825,1916.8212890625,1976137,1929.8212890625
6866,6.404296875,350,0,111,1962517,1916.5205078125,1962825,1916.8212890625,1976137,1929.8212890625
6891,6.4287109375,351,0,111,1962517,1916.5205078125,1962825,1916.8212890625,1976137,1929.8212890625
7019,6.5537109375,350,0,111,1962517,1916.5205078125,1962825,1916.8212890625,1976137,1929.8212890625
7081,6.6142578125,351,0,111,1962517,1916.5205078125,1962825,1916.8212890625,1976137,1929.8212890625
7122,6.654296875,350,0,111,1962517,1916.5205078125,1962825,1916.8212890625,1976137,1929.8212890625
7172,6.703125,351,0,111,1962517,1916.5205078125,1962825,1916.8212890625,1976137,1929.8212890625
7469,6.9931640625,350,0,111,1962517,1916.5205078125,1962825,1916.8212890625,1976137,1929.8212890625
7562,7.083984375,351,0,111,1962517,1916.5205078125,1962825,1916.8212890625,1976137,1929.8212890625
7585,7.1064453125,350,0,111,1962517,1916.5205078125,1962825,1916.8212890625,1976137,1929.8212890625
7629,7.1494140625,351,0,111,1962517,1916.5205078125,1962825,1916.8212890625,1976137,1929.8212890625
7876,7.390625,350,1,111,1962517,1916.5205078125,1962825,1916.8212890625,1976137,1929.8212890625
7891,7.4052734375,350,0,111,1962517,1916.5205078125,1962825,1916.8212890625,1976137,1929.8212890625
7913,7.4267578125,351,1,111,1962517,1916.5205078125,1962825,1916.8212890625,1976137,1929.8212890625
8026,7.537109375,351,0,111,1962517,1916.5205078125,1962825,1916.8212890625,1976137,1929.8212890625
8287,7.7919921875,350,0,111,1962517,1916.5205078125,1962825,1916.8212890625,1976137,1929.8212890625
8474,7.974609375,351,0,111,1962517,1916.5205078125,1962825,1916.8212890625,1976137,1929.8212890625
8490,7.990234375,350,0,111,1962517,1916.5205078125,1962825,1916.8212890625,1976137,1929.8212890625
8501,8.0009765625,111,-1,111,1962517,1916.5205078125,1962825,1916.8212890625,1976137,1929.8212890625
8821,8.3134765625,351,0,111,1962517,1916.5205078125,1962825,1916.8212890625,1976137,1929.8212890625
8838,8.330078125,350,0,111,1962517,1916.5205078125,1962825,1916.8212890625,1976137,1929.8212890625
8909,8.3994140625,351,0,111,1962517,1916.5205078125,1962825,1916.8212890625,1976137,1929.8212890625
8938,8.427734375,350,0,111,1962517,1916.5205078125,1962825,1916.8212890625,1976137,1929.8212890625
9171,8.6552734375,101,-1,111,1962517,1916.5205078125,1962825,1916.8212890625,1976137,1929.8212890625
9189,8.6728515625,351,0,111,1962517,1916.5205078125,1962825,1916.8212890625,1976137,1929.8212890625
308,0.0,14,-1,112,1972991,1926.7490234375,1973299,1927.0498046875,1986611,1940.0498046875
1331,0.9990234375,1,-1,112,1972991,1926.7490234375,1973299,1927.0498046875,1986611,1940.0498046875
6828,6.3671875,350,1,112,1972991,1926.7490234375,1973299,1927.0498046875,1986611,1940.0498046875
6891,6.4287109375,351,1,112,1972991,1926.7490234375,1973299,1927.0498046875,1986611,1940.0498046875
7567,7.0888671875,350,1,112,1972991,1926.7490234375,1973299,1927.0498046875,1986611,1940.0498046875
7629,7.1494140625,351,1,112,1972991,1926.7490234375,1973299,1927.0498046875,1986611,1940.0498046875
8501,8.0009765625,114,-1,112,1972991,1926.7490234375,1973299,1927.0498046875,1986611,1940.0498046875
8762,8.255859375,350,1,112,1972991,1926.7490234375,1973299,1927.0498046875,1986611,1940.0498046875
8921,8.4111328125,350,0,112,1972991,1926.7490234375,1973299,1927.0498046875,1986611,1940.0498046875
8942,8.431640625,351,0,112,1972991,1926.7490234375,1973299,1927.0498046875,1986611,1940.0498046875
8970,8.458984375,351,1,112,1972991,1926.7490234375,1973299,1927.0498046875,1986611,1940.0498046875
9599,9.0732421875,350,1,112,1972991,1926.7490234375,1973299,1927.0498046875,1986611,1940.0498046875
9686,9.158203125,351,1,112,1972991,1926.7490234375,1973299,1927.0498046875,1986611,1940.0498046875
9709,9.1806640625,350,1,112,1972991,1926.7490234375,1973299,1927.0498046875,1986611,1940.0498046875
9759,9.2294921875,351,1,112,1972991,1926.7490234375,1973299,1927.0498046875,1986611,1940.0498046875
9833,9.3017578125,350,1,112,1972991,1926.7490234375,1973299,1927.0498046875,1986611,1940.0498046875
9961,9.4267578125,103,-1,112,1972991,1926.7490234375,1973299,1927.0498046875,1986611,1940.0498046875
9993,9.4580078125,351,1,112,1972991,1926.7490234375,1973299,1927.0498046875,1986611,1940.0498046875
308,0.0,14,-1,113,1984249,1937.7431640625,1984557,1938.0439453125,1997869,1951.0439453125
1333,1.0009765625,1,-1,113,1984249,1937.7431640625,1984557,1938.0439453125,1997869,1951.0439453125
8503,8.0029296875,114,-1,113,1984249,1937.7431640625,1984557,1938.0439453125,1997869,1951.0439453125
8772,8.265625,350,1,113,1984249,1937.7431640625,1984557,1938.0439453125,1997869,1951.0439453125
8917,8.4072265625,103,-1,113,1984249,1937.7431640625,1984557,1938.0439453125,1997869,1951.0439453125
8972,8.4609375,351,1,113,1984249,1937.7431640625,1984557,1938.0439453125,1997869,1951.0439453125
308,0.0,14,-1,114,1994468,1947.72265625,1994776,1948.0234375,2008088,1961.0234375
1330,0.998046875,1,-1,114,1994468,1947.72265625,1994776,1948.0234375,2008088,1961.0234375
5969,5.5283203125,350,1,114,1994468,1947.72265625,1994776,1948.0234375,2008088,1961.0234375
6034,5.591796875,351,1,114,1994468,1947.72265625,1994776,1948.0234375,2008088,1961.0234375
6294,5.845703125,350,1,114,1994468,1947.72265625,1994776,1948.0234375,2008088,1961.0234375
6350,5.900390625,351,1,114,1994468,1947.72265625,1994776,1948.0234375,2008088,1961.0234375
8502,8.001953125,114,-1,114,1994468,1947.72265625,1994776,1948.0234375,2008088,1961.0234375
8769,8.2626953125,350,1,114,1994468,1947.72265625,1994776,1948.0234375,2008088,1961.0234375
9115,8.6005859375,351,1,114,1994468,1947.72265625,1994776,1948.0234375,2008088,1961.0234375
9676,9.1484375,350,1,114,1994468,1947.72265625,1994776,1948.0234375,2008088,1961.0234375
9897,9.3642578125,351,1,114,1994468,1947.72265625,1994776,1948.0234375,2008088,1961.0234375
10261,9.7197265625,350,1,114,1994468,1947.72265625,1994776,1948.0234375,2008088,1961.0234375
10449,9.9033203125,103,-1,114,1994468,1947.72265625,1994776,1948.0234375,2008088,1961.0234375
10451,9.9052734375,351,1,114,1994468,1947.72265625,1994776,1948.0234375,2008088,1961.0234375
308,0.0,11,-1,115,2006220,1959.19921875,2006528,1959.5,2019840,1972.5
1333,1.0009765625,1,-1,115,2006220,1959.19921875,2006528,1959.5,2019840,1972.5
4942,4.525390625,350,0,115,2006220,1959.19921875,2006528,1959.5,2019840,1972.5
4973,4.5556640625,351,0,115,2006220,1959.19921875,2006528,1959.5,2019840,1972.5
5295,4.8701171875,350,0,115,2006220,1959.19921875,2006528,1959.5,2019840,1972.5
5345,4.9189453125,351,0,115,2006220,1959.19921875,2006528,1959.5,2019840,1972.5
5595,5.1630859375,350,0,115,2006220,1959.19921875,2006528,1959.5,2019840,1972.5
5693,5.2587890625,351,0,115,2006220,1959.19921875,2006528,1959.5,2019840,1972.5
5707,5.2724609375,350,0,115,2006220,1959.19921875,2006528,1959.5,2019840,1972.5
5759,5.3232421875,351,0,115,2006220,1959.19921875,2006528,1959.5,2019840,1972.5
5962,5.521484375,350,0,115,2006220,1959.19921875,2006528,1959.5,2019840,1972.5
6056,5.61328125,351,0,115,2006220,1959.19921875,2006528,1959.5,2019840,1972.5
6165,5.7197265625,350,0,115,2006220,1959.19921875,2006528,1959.5,2019840,1972.5
6181,5.7353515625,351,0,115,2006220,1959.19921875,2006528,1959.5,2019840,1972.5
6341,5.8916015625,350,0,115,2006220,1959.19921875,2006528,1959.5,2019840,1972.5
6373,5.9228515625,351,0,115,2006220,1959.19921875,2006528,1959.5,2019840,1972.5
6462,6.009765625,350,0,115,2006220,1959.19921875,2006528,1959.5,2019840,1972.5
6548,6.09375,351,0,115,2006220,1959.19921875,2006528,1959.5,2019840,1972.5
6623,6.1669921875,350,0,115,2006220,1959.19921875,2006528,1959.5,2019840,1972.5
6679,6.2216796875,351,0,115,2006220,1959.19921875,2006528,1959.5,2019840,1972.5
6722,6.263671875,350,0,115,2006220,1959.19921875,2006528,1959.5,2019840,1972.5
6773,6.3134765625,351,0,115,2006220,1959.19921875,2006528,1959.5,2019840,1972.5
6834,6.373046875,350,0,115,2006220,1959.19921875,2006528,1959.5,2019840,1972.5
6884,6.421875,351,0,115,2006220,1959.19921875,2006528,1959.5,2019840,1972.5
6964,6.5,350,0,115,2006220,1959.19921875,2006528,1959.5,2019840,1972.5
6980,6.515625,351,0,115,2006220,1959.19921875,2006528,1959.5,2019840,1972.5
7037,6.5712890625,350,0,115,2006220,1959.19921875,2006528,1959.5,2019840,1972.5
7067,6.6005859375,351,0,115,2006220,1959.19921875,2006528,1959.5,2019840,1972.5
7118,6.650390625,350,0,115,2006220,1959.19921875,2006528,1959.5,2019840,1972.5
7178,6.708984375,351,0,115,2006220,1959.19921875,2006528,1959.5,2019840,1972.5
7199,6.7294921875,350,0,115,2006220,1959.19921875,2006528,1959.5,2019840,1972.5
7225,6.7548828125,351,0,115,2006220,1959.19921875,2006528,1959.5,2019840,1972.5
7251,6.7802734375,350,0,115,2006220,1959.19921875,2006528,1959.5,2019840,1972.5
7268,6.796875,351,0,115,2006220,1959.19921875,2006528,1959.5,2019840,1972.5
7326,6.853515625,350,0,115,2006220,1959.19921875,2006528,1959.5,2019840,1972.5
7364,6.890625,351,0,115,2006220,1959.19921875,2006528,1959.5,2019840,1972.5
7479,7.0029296875,350,0,115,2006220,1959.19921875,2006528,1959.5,2019840,1972.5
7513,7.0361328125,351,0,115,2006220,1959.19921875,2006528,1959.5,2019840,1972.5
7574,7.095703125,350,0,115,2006220,1959.19921875,2006528,1959.5,2019840,1972.5
7604,7.125,351,0,115,2006220,1959.19921875,2006528,1959.5,2019840,1972.5
7679,7.1982421875,350,0,115,2006220,1959.19921875,2006528,1959.5,2019840,1972.5
7734,7.251953125,351,0,115,2006220,1959.19921875,2006528,1959.5,2019840,1972.5
7821,7.3369140625,350,0,115,2006220,1959.19921875,2006528,1959.5,2019840,1972.5
7873,7.3876953125,351,0,115,2006220,1959.19921875,2006528,1959.5,2019840,1972.5
7966,7.478515625,350,0,115,2006220,1959.19921875,2006528,1959.5,2019840,1972.5
7995,7.5068359375,351,0,115,2006220,1959.19921875,2006528,1959.5,2019840,1972.5
8045,7.5556640625,350,0,115,2006220,1959.19921875,2006528,1959.5,2019840,1972.5
8103,7.6123046875,351,0,115,2006220,1959.19921875,2006528,1959.5,2019840,1972.5
8180,7.6875,350,0,115,2006220,1959.19921875,2006528,1959.5,2019840,1972.5
8215,7.7216796875,351,0,115,2006220,1959.19921875,2006528,1959.5,2019840,1972.5
8407,7.9091796875,350,0,115,2006220,1959.19921875,2006528,1959.5,2019840,1972.5
8461,7.9619140625,351,0,115,2006220,1959.19921875,2006528,1959.5,2019840,1972.5
8502,8.001953125,111,-1,115,2006220,1959.19921875,2006528,1959.5,2019840,1972.5
8512,8.01171875,350,0,115,2006220,1959.19921875,2006528,1959.5,2019840,1972.5
8573,8.0712890625,351,0,115,2006220,1959.19921875,2006528,1959.5,2019840,1972.5
8642,8.138671875,350,0,115,2006220,1959.19921875,2006528,1959.5,2019840,1972.5
8733,8.2275390625,351,0,115,2006220,1959.19921875,2006528,1959.5,2019840,1972.5
8770,8.263671875,350,0,115,2006220,1959.19921875,2006528,1959.5,2019840,1972.5
8968,8.45703125,351,0,115,2006220,1959.19921875,2006528,1959.5,2019840,1972.5
8993,8.4814453125,350,0,115,2006220,1959.19921875,2006528,1959.5,2019840,1972.5
9052,8.5390625,351,0,115,2006220,1959.19921875,2006528,1959.5,2019840,1972.5
9080,8.56640625,350,0,115,2006220,1959.19921875,2006528,1959.5,2019840,1972.5
9098,8.583984375,351,0,115,2006220,1959.19921875,2006528,1959.5,2019840,1972.5
9176,8.66015625,350,0,115,2006220,1959.19921875,2006528,1959.5,2019840,1972.5
9264,8.74609375,351,0,115,2006220,1959.19921875,2006528,1959.5,2019840,1972.5
9298,8.779296875,350,0,115,2006220,1959.19921875,2006528,1959.5,2019840,1972.5
9341,8.8212890625,351,0,115,2006220,1959.19921875,2006528,1959.5,2019840,1972.5
9508,8.984375,350,0,115,2006220,1959.19921875,2006528,1959.5,2019840,1972.5
9718,9.189453125,101,-1,115,2006220,1959.19921875,2006528,1959.5,2019840,1972.5
9721,9.1923828125,351,0,115,2006220,1959.19921875,2006528,1959.5,2019840,1972.5
308,0.0,14,-1,116,2017242,1969.962890625,2017550,1970.263671875,2030862,1983.263671875
1331,0.9990234375,1,-1,116,2017242,1969.962890625,2017550,1970.263671875,2030862,1983.263671875
1370,1.037109375,350,0,116,2017242,1969.962890625,2017550,1970.263671875,2030862,1983.263671875
1411,1.0771484375,351,0,116,2017242,1969.962890625,2017550,1970.263671875,2030862,1983.263671875
2310,1.955078125,350,0,116,2017242,1969.962890625,2017550,1970.263671875,2030862,1983.263671875
2376,2.01953125,351,0,116,2017242,1969.962890625,2017550,1970.263671875,2030862,1983.263671875
3531,3.1474609375,350,1,116,2017242,1969.962890625,2017550,1970.263671875,2030862,1983.263671875
3587,3.2021484375,351,1,116,2017242,1969.962890625,2017550,1970.263671875,2030862,1983.263671875
8502,8.001953125,114,-1,116,2017242,1969.962890625,2017550,1970.263671875,2030862,1983.263671875
9026,8.513671875,350,1,116,2017242,1969.962890625,2017550,1970.263671875,2030862,1983.263671875
9191,8.6748046875,103,-1,116,2017242,1969.962890625,2017550,1970.263671875,2030862,1983.263671875
9261,8.7431640625,351,1,116,2017242,1969.962890625,2017550,1970.263671875,2030862,1983.263671875
308,0.0,11,-1,117,2027736,1980.2109375,2028044,1980.51171875,2041356,1993.51171875
1334,1.001953125,1,-1,117,2027736,1980.2109375,2028044,1980.51171875,2041356,1993.51171875
3649,3.2626953125,350,0,117,2027736,1980.2109375,2028044,1980.51171875,2041356,1993.51171875
3707,3.3193359375,351,0,117,2027736,1980.2109375,2028044,1980.51171875,2041356,1993.51171875
8504,8.00390625,111,-1,117,2027736,1980.2109375,2028044,1980.51171875,2041356,1993.51171875
8770,8.263671875,350,0,117,2027736,1980.2109375,2028044,1980.51171875,2041356,1993.51171875
8945,8.4345703125,101,-1,117,2027736,1980.2109375,2028044,1980.51171875,2041356,1993.51171875
8960,8.44921875,351,0,117,2027736,1980.2109375,2028044,1980.51171875,2041356,1993.51171875
308,0.0,11,-1,118,2037972,1990.20703125,2038280,1990.5078125,2051592,2003.5078125
1332,1.0,1,-1,118,2037972,1990.20703125,2038280,1990.5078125,2051592,2003.5078125
7408,6.93359375,350,0,118,2037972,1990.20703125,2038280,1990.5078125,2051592,2003.5078125
7469,6.9931640625,351,0,118,2037972,1990.20703125,2038280,1990.5078125,2051592,2003.5078125
7507,7.0302734375,350,0,118,2037972,1990.20703125,2038280,1990.5078125,2051592,2003.5078125
7522,7.044921875,351,0,118,2037972,1990.20703125,2038280,1990.5078125,2051592,2003.5078125
7559,7.0810546875,350,0,118,2037972,1990.20703125,2038280,1990.5078125,2051592,2003.5078125
7606,7.126953125,351,0,118,2037972,1990.20703125,2038280,1990.5078125,2051592,2003.5078125
7673,7.1923828125,350,0,118,2037972,1990.20703125,2038280,1990.5078125,2051592,2003.5078125
7731,7.2490234375,351,0,118,2037972,1990.20703125,2038280,1990.5078125,2051592,2003.5078125
7775,7.2919921875,350,0,118,2037972,1990.20703125,2038280,1990.5078125,2051592,2003.5078125
7826,7.341796875,351,0,118,2037972,1990.20703125,2038280,1990.5078125,2051592,2003.5078125
7863,7.3779296875,350,0,118,2037972,1990.20703125,2038280,1990.5078125,2051592,2003.5078125
7922,7.435546875,351,0,118,2037972,1990.20703125,2038280,1990.5078125,2051592,2003.5078125
7959,7.4716796875,350,0,118,2037972,1990.20703125,2038280,1990.5078125,2051592,2003.5078125
8005,7.5166015625,351,0,118,2037972,1990.20703125,2038280,1990.5078125,2051592,2003.5078125
8053,7.5634765625,350,0,118,2037972,1990.20703125,2038280,1990.5078125,2051592,2003.5078125
8108,7.6171875,351,0,118,2037972,1990.20703125,2038280,1990.5078125,2051592,2003.5078125
8239,7.7451171875,350,0,118,2037972,1990.20703125,2038280,1990.5078125,2051592,2003.5078125
8399,7.9013671875,351,0,118,2037972,1990.20703125,2038280,1990.5078125,2051592,2003.5078125
8496,7.99609375,350,0,118,2037972,1990.20703125,2038280,1990.5078125,2051592,2003.5078125
8501,8.0009765625,111,-1,118,2037972,1990.20703125,2038280,1990.5078125,2051592,2003.5078125
8530,8.029296875,351,0,118,2037972,1990.20703125,2038280,1990.5078125,2051592,2003.5078125
8579,8.0771484375,350,0,118,2037972,1990.20703125,2038280,1990.5078125,2051592,2003.5078125
8636,8.1328125,351,0,118,2037972,1990.20703125,2038280,1990.5078125,2051592,2003.5078125
8710,8.205078125,350,0,118,2037972,1990.20703125,2038280,1990.5078125,2051592,2003.5078125
8934,8.423828125,101,-1,118,2037972,1990.20703125,2038280,1990.5078125,2051592,2003.5078125
8982,8.470703125,351,0,118,2037972,1990.20703125,2038280,1990.5078125,2051592,2003.5078125
308,0.0,14,-1,119,2048208,2000.203125,2048516,2000.50390625,2061828,2013.50390625
1330,0.998046875,1,-1,119,2048208,2000.203125,2048516,2000.50390625,2061828,2013.50390625
5866,5.427734375,350,1,119,2048208,2000.203125,2048516,2000.50390625,2061828,2013.50390625
5902,5.462890625,351,1,119,2048208,2000.203125,2048516,2000.50390625,2061828,2013.50390625
6520,6.06640625,350,1,119,2048208,2000.203125,2048516,2000.50390625,2061828,2013.50390625
6554,6.099609375,351,1,119,2048208,2000.203125,2048516,2000.50390625,2061828,2013.50390625
6752,6.29296875,350,1,119,2048208,2000.203125,2048516,2000.50390625,2061828,2013.50390625
6833,6.3720703125,351,1,119,2048208,2000.203125,2048516,2000.50390625,2061828,2013.50390625
8500,8.0,114,-1,119,2048208,2000.203125,2048516,2000.50390625,2061828,2013.50390625
8801,8.2939453125,350,1,119,2048208,2000.203125,2048516,2000.50390625,2061828,2013.50390625
8951,8.4404296875,103,-1,119,2048208,2000.203125,2048516,2000.50390625,2061828,2013.50390625
8961,8.4501953125,351,1,119,2048208,2000.203125,2048516,2000.50390625,2061828,2013.50390625
308,0.0,15,-1,120,2064446,2016.060546875,2064754,2016.361328125,2078066,2029.361328125
1329,0.9970703125,1,-1,120,2064446,2016.060546875,2064754,2016.361328125,2078066,2029.361328125
6879,6.4169921875,350,1,120,2064446,2016.060546875,2064754,2016.361328125,2078066,2029.361328125
6941,6.4775390625,351,1,120,2064446,2016.060546875,2064754,2016.361328125,2078066,2029.361328125
8499,7.9990234375,115,-1,120,2064446,2016.060546875,2064754,2016.361328125,2078066,2029.361328125
9112,8.59765625,350,1,120,2064446,2016.060546875,2064754,2016.361328125,2078066,2029.361328125
9356,8.8359375,103,-1,120,2064446,2016.060546875,2064754,2016.361328125,2078066,2029.361328125
9388,8.8671875,351,1,120,2064446,2016.060546875,2064754,2016.361328125,2078066,2029.361328125
308,0.0,12,-1,121,2081862,2033.068359375,2082170,2033.369140625,2095482,2046.369140625
835,0.5146484375,350,0,121,2081862,2033.068359375,2082170,2033.369140625,2095482,2046.369140625
899,0.5771484375,351,0,121,2081862,2033.068359375,2082170,2033.369140625,2095482,2046.369140625
1331,0.9990234375,1,-1,121,2081862,2033.068359375,2082170,2033.369140625,2095482,2046.369140625
5394,4.966796875,350,1,121,2081862,2033.068359375,2082170,2033.369140625,2095482,2046.369140625
5413,4.9853515625,351,1,121,2081862,2033.068359375,2082170,2033.369140625,2095482,2046.369140625
6632,6.17578125,350,1,121,2081862,2033.068359375,2082170,2033.369140625,2095482,2046.369140625
6652,6.1953125,351,1,121,2081862,2033.068359375,2082170,2033.369140625,2095482,2046.369140625
8501,8.0009765625,112,-1,121,2081862,2033.068359375,2082170,2033.369140625,2095482,2046.369140625
9751,9.2216796875,350,0,121,2081862,2033.068359375,2082170,2033.369140625,2095482,2046.369140625
9802,9.271484375,351,0,121,2081862,2033.068359375,2082170,2033.369140625,2095482,2046.369140625
9829,9.2978515625,350,0,121,2081862,2033.068359375,2082170,2033.369140625,2095482,2046.369140625
9993,9.4580078125,101,-1,121,2081862,2033.068359375,2082170,2033.369140625,2095482,2046.369140625
10035,9.4990234375,351,0,121,2081862,2033.068359375,2082170,2033.369140625,2095482,2046.369140625
308,0.0,15,-1,122,2099889,2050.6728515625,2100197,2050.9736328125,2113509,2063.9736328125
1162,0.833984375,350,0,122,2099889,2050.6728515625,2100197,2050.9736328125,2113509,2063.9736328125
1232,0.90234375,351,0,122,2099889,2050.6728515625,2100197,2050.9736328125,2113509,2063.9736328125
1277,0.9462890625,350,0,122,2099889,2050.6728515625,2100197,2050.9736328125,2113509,2063.9736328125
1331,0.9990234375,1,-1,122,2099889,2050.6728515625,2100197,2050.9736328125,2113509,2063.9736328125
1379,1.0458984375,351,0,122,2099889,2050.6728515625,2100197,2050.9736328125,2113509,2063.9736328125
1421,1.0869140625,350,0,122,2099889,2050.6728515625,2100197,2050.9736328125,2113509,2063.9736328125
1515,1.1787109375,351,0,122,2099889,2050.6728515625,2100197,2050.9736328125,2113509,2063.9736328125
1610,1.271484375,350,0,122,2099889,2050.6728515625,2100197,2050.9736328125,2113509,2063.9736328125
1697,1.3564453125,351,0,122,2099889,2050.6728515625,2100197,2050.9736328125,2113509,2063.9736328125
8502,8.001953125,115,-1,122,2099889,2050.6728515625,2100197,2050.9736328125,2113509,2063.9736328125
9075,8.5615234375,350,1,122,2099889,2050.6728515625,2100197,2050.9736328125,2113509,2063.9736328125
9142,8.626953125,351,1,122,2099889,2050.6728515625,2100197,2050.9736328125,2113509,2063.9736328125
9170,8.654296875,103,-1,122,2099889,2050.6728515625,2100197,2050.9736328125,2113509,2063.9736328125
308,0.0,12,-1,123,2117098,2067.478515625,2117406,2067.779296875,2130718,2080.779296875
1332,1.0,1,-1,123,2117098,2067.478515625,2117406,2067.779296875,2130718,2080.779296875
5504,5.07421875,350,1,123,2117098,2067.478515625,2117406,2067.779296875,2130718,2080.779296875
5581,5.1494140625,351,1,123,2117098,2067.478515625,2117406,2067.779296875,2130718,2080.779296875
8501,8.0009765625,112,-1,123,2117098,2067.478515625,2117406,2067.779296875,2130718,2080.779296875
8730,8.224609375,350,0,123,2117098,2067.478515625,2117406,2067.779296875,2130718,2080.779296875
8995,8.4833984375,101,-1,123,2117098,2067.478515625,2117406,2067.779296875,2130718,2080.779296875
9047,8.5341796875,351,0,123,2117098,2067.478515625,2117406,2067.779296875,2130718,2080.779296875
308,0.0,12,-1,124,2134121,2084.1025390625,2134429,2084.4033203125,2147741,2097.4033203125
1332,1.0,1,-1,124,2134121,2084.1025390625,2134429,2084.4033203125,2147741,2097.4033203125
8501,8.0009765625,112,-1,124,2134121,2084.1025390625,2134429,2084.4033203125,2147741,2097.4033203125
8749,8.2431640625,350,0,124,2134121,2084.1025390625,2134429,2084.4033203125,2147741,2097.4033203125
8828,8.3203125,351,0,124,2134121,2084.1025390625,2134429,2084.4033203125,2147741,2097.4033203125
8865,8.3564453125,350,0,124,2134121,2084.1025390625,2134429,2084.4033203125,2147741,2097.4033203125
9142,8.626953125,101,-1,124,2134121,2084.1025390625,2134429,2084.4033203125,2147741,2097.4033203125
9185,8.6689453125,351,0,124,2134121,2084.1025390625,2134429,2084.4033203125,2147741,2097.4033203125
308,0.0,15,-1,125,2151306,2100.884765625,2151614,2101.185546875,2164926,2114.185546875
1333,1.0009765625,1,-1,125,2151306,2100.884765625,2151614,2101.185546875,2164926,2114.185546875
8502,8.001953125,115,-1,125,2151306,2100.884765625,2151614,2101.185546875,2164926,2114.185546875
8967,8.4560546875,350,1,125,2151306,2100.884765625,2151614,2101.185546875,2164926,2114.185546875
8984,8.47265625,351,1,125,2151306,2100.884765625,2151614,2101.185546875,2164926,2114.185546875
9173,8.6572265625,350,1,125,2151306,2100.884765625,2151614,2101.185546875,2164926,2114.185546875
9346,8.826171875,103,-1,125,2151306,2100.884765625,2151614,2101.185546875,2164926,2114.185546875
9357,8.8369140625,351,1,125,2151306,2100.884765625,2151614,2101.185546875,2164926,2114.185546875
308,0.0,15,-1,126,2168687,2117.8583984375,2168995,2118.1591796875,2182307,2131.1591796875
1183,0.8544921875,350,1,126,2168687,2117.8583984375,2168995,2118.1591796875,2182307,2131.1591796875
1205,0.8759765625,351,1,126,2168687,2117.8583984375,2168995,2118.1591796875,2182307,2131.1591796875
1332,1.0,1,-1,126,2168687,2117.8583984375,2168995,2118.1591796875,2182307,2131.1591796875
1366,1.033203125,350,1,126,2168687,2117.8583984375,2168995,2118.1591796875,2182307,2131.1591796875
1423,1.0888671875,351,1,126,2168687,2117.8583984375,2168995,2118.1591796875,2182307,2131.1591796875
1630,1.291015625,350,1,126,2168687,2117.8583984375,2168995,2118.1591796875,2182307,2131.1591796875
1687,1.3466796875,351,1,126,2168687,2117.8583984375,2168995,2118.1591796875,2182307,2131.1591796875
8472,7.97265625,350,1,126,2168687,2117.8583984375,2168995,2118.1591796875,2182307,2131.1591796875
8504,8.00390625,115,-1,126,2168687,2117.8583984375,2168995,2118.1591796875,2182307,2131.1591796875
8548,8.046875,351,1,126,2168687,2117.8583984375,2168995,2118.1591796875,2182307,2131.1591796875
8764,8.2578125,350,1,126,2168687,2117.8583984375,2168995,2118.1591796875,2182307,2131.1591796875
8814,8.306640625,351,1,126,2168687,2117.8583984375,2168995,2118.1591796875,2182307,2131.1591796875
8841,8.3330078125,350,1,126,2168687,2117.8583984375,2168995,2118.1591796875,2182307,2131.1591796875
8909,8.3994140625,351,1,126,2168687,2117.8583984375,2168995,2118.1591796875,2182307,2131.1591796875
8935,8.4248046875,350,1,126,2168687,2117.8583984375,2168995,2118.1591796875,2182307,2131.1591796875
9142,8.626953125,103,-1,126,2168687,2117.8583984375,2168995,2118.1591796875,2182307,2131.1591796875
9173,8.6572265625,351,1,126,2168687,2117.8583984375,2168995,2118.1591796875,2182307,2131.1591796875
308,0.0,12,-1,127,2185865,2134.6337890625,2186173,2134.9345703125,2199485,2147.9345703125
1332,1.0,1,-1,127,2185865,2134.6337890625,2186173,2134.9345703125,2199485,2147.9345703125
8503,8.0029296875,112,-1,127,2185865,2134.6337890625,2186173,2134.9345703125,2199485,2147.9345703125
8789,8.2822265625,350,0,127,2185865,2134.6337890625,2186173,2134.9345703125,2199485,2147.9345703125
9064,8.55078125,351,0,127,2185865,2134.6337890625,2186173,2134.9345703125,2199485,2147.9345703125
9070,8.556640625,101,-1,127,2185865,2134.6337890625,2186173,2134.9345703125,2199485,2147.9345703125
308,0.0,12,-1,128,2202976,2151.34375,2203284,2151.64453125,2216596,2164.64453125
1330,0.998046875,1,-1,128,2202976,2151.34375,2203284,2151.64453125,2216596,2164.64453125
8501,8.0009765625,112,-1,128,2202976,2151.34375,2203284,2151.64453125,2216596,2164.64453125
8851,8.3427734375,350,0,128,2202976,2151.34375,2203284,2151.64453125,2216596,2164.64453125
8909,8.3994140625,351,0,128,2202976,2151.34375,2203284,2151.64453125,2216596,2164.64453125
8960,8.44921875,350,0,128,2202976,2151.34375,2203284,2151.64453125,2216596,2164.64453125
9044,8.53125,351,0,128,2202976,2151.34375,2203284,2151.64453125,2216596,2164.64453125
9062,8.548828125,350,0,128,2202976,2151.34375,2203284,2151.64453125,2216596,2164.64453125
9245,8.7275390625,351,0,128,2202976,2151.34375,2203284,2151.64453125,2216596,2164.64453125
9252,8.734375,101,-1,128,2202976,2151.34375,2203284,2151.64453125,2216596,2164.64453125
308,0.0,12,-1,129,2220281,2168.2431640625,2220589,2168.5439453125,2233901,2181.5439453125
1331,0.9990234375,1,-1,129,2220281,2168.2431640625,2220589,2168.5439453125,2233901,2181.5439453125
6710,6.251953125,350,0,129,2220281,2168.2431640625,2220589,2168.5439453125,2233901,2181.5439453125
6789,6.3291015625,351,0,129,2220281,2168.2431640625,2220589,2168.5439453125,2233901,2181.5439453125
8502,8.001953125,112,-1,129,2220281,2168.2431640625,2220589,2168.5439453125,2233901,2181.5439453125
8581,8.0791015625,350,0,129,2220281,2168.2431640625,2220589,2168.5439453125,2233901,2181.5439453125
8689,8.1845703125,351,0,129,2220281,2168.2431640625,2220589,2168.5439453125,2233901,2181.5439453125
8820,8.3125,350,0,129,2220281,2168.2431640625,2220589,2168.5439453125,2233901,2181.5439453125
8913,8.4033203125,351,0,129,2220281,2168.2431640625,2220589,2168.5439453125,2233901,2181.5439453125
9023,8.5107421875,350,0,129,2220281,2168.2431640625,2220589,2168.5439453125,2233901,2181.5439453125
9233,8.7158203125,101,-1,129,2220281,2168.2431640625,2220589,2168.5439453125,2233901,2181.5439453125
9284,8.765625,351,0,129,2220281,2168.2431640625,2220589,2168.5439453125,2233901,2181.5439453125
308,0.0,15,-1,130,2237544,2185.1015625,2237852,2185.40234375,2251164,2198.40234375
921,0.5986328125,350,1,130,2237544,2185.1015625,2237852,2185.40234375,2251164,2198.40234375
994,0.669921875,351,1,130,2237544,2185.1015625,2237852,2185.40234375,2251164,2198.40234375
1331,0.9990234375,1,-1,130,2237544,2185.1015625,2237852,2185.40234375,2251164,2198.40234375
8502,8.001953125,115,-1,130,2237544,2185.1015625,2237852,2185.40234375,2251164,2198.40234375
8981,8.4697265625,350,1,130,2237544,2185.1015625,2237852,2185.40234375,2251164,2198.40234375
9165,8.6494140625,103,-1,130,2237544,2185.1015625,2237852,2185.40234375,2251164,2198.40234375
9202,8.685546875,351,1,130,2237544,2185.1015625,2237852,2185.40234375,2251164,2198.40234375
308,0.0,12,-1,131,2254731,2201.8857421875,2255039,2202.1865234375,2268351,2215.1865234375
1333,1.0009765625,1,-1,131,2254731,2201.8857421875,2255039,2202.1865234375,2268351,2215.1865234375
8501,8.0009765625,112,-1,131,2254731,2201.8857421875,2255039,2202.1865234375,2268351,2215.1865234375
9063,8.5498046875,350,0,131,2254731,2201.8857421875,2255039,2202.1865234375,2268351,2215.1865234375
9366,8.845703125,101,-1,131,2254731,2201.8857421875,2255039,2202.1865234375,2268351,2215.1865234375
9383,8.8623046875,351,0,131,2254731,2201.8857421875,2255039,2202.1865234375,2268351,2215.1865234375
308,0.0,15,-1,132,2272141,2218.8876953125,2272449,2219.1884765625,2285761,2232.1884765625
1192,0.86328125,350,1,132,2272141,2218.8876953125,2272449,2219.1884765625,2285761,2232.1884765625
1234,0.904296875,351,1,132,2272141,2218.8876953125,2272449,2219.1884765625,2285761,2232.1884765625
1332,1.0,1,-1,132,2272141,2218.8876953125,2272449,2219.1884765625,2285761,2232.1884765625
7198,6.728515625,350,0,132,2272141,2218.8876953125,2272449,2219.1884765625,2285761,2232.1884765625
7260,6.7890625,351,0,132,2272141,2218.8876953125,2272449,2219.1884765625,2285761,2232.1884765625
7525,7.0478515625,350,0,132,2272141,2218.8876953125,2272449,2219.1884765625,2285761,2232.1884765625
7605,7.1259765625,351,0,132,2272141,2218.8876953125,2272449,2219.1884765625,2285761,2232.1884765625
8502,8.001953125,115,-1,132,2272141,2218.8876953125,2272449,2219.1884765625,2285761,2232.1884765625
9450,8.927734375,350,1,132,2272141,2218.8876953125,2272449,2219.1884765625,2285761,2232.1884765625
9555,9.0302734375,351,1,132,2272141,2218.8876953125,2272449,2219.1884765625,2285761,2232.1884765625
9574,9.048828125,350,1,132,2272141,2218.8876953125,2272449,2219.1884765625,2285761,2232.1884765625
9749,9.2197265625,103,-1,132,2272141,2218.8876953125,2272449,2219.1884765625,2285761,2232.1884765625
9773,9.2431640625,351,1,132,2272141,2218.8876953125,2272449,2219.1884765625,2285761,2232.1884765625
308,0.0,12,-1,133,2289919,2236.2490234375,2290227,2236.5498046875,2303539,2249.5498046875
1332,1.0,1,-1,133,2289919,2236.2490234375,2290227,2236.5498046875,2303539,2249.5498046875
8503,8.0029296875,112,-1,133,2289919,2236.2490234375,2290227,2236.5498046875,2303539,2249.5498046875
8872,8.36328125,350,0,133,2289919,2236.2490234375,2290227,2236.5498046875,2303539,2249.5498046875
9167,8.6513671875,351,0,133,2289919,2236.2490234375,2290227,2236.5498046875,2303539,2249.5498046875
9536,9.01171875,350,0,133,2289919,2236.2490234375,2290227,2236.5498046875,2303539,2249.5498046875
9575,9.0498046875,351,0,133,2289919,2236.2490234375,2290227,2236.5498046875,2303539,2249.5498046875
9625,9.0986328125,350,0,133,2289919,2236.2490234375,2290227,2236.5498046875,2303539,2249.5498046875
9684,9.15625,351,0,133,2289919,2236.2490234375,2290227,2236.5498046875,2303539,2249.5498046875
9783,9.2529296875,350,0,133,2289919,2236.2490234375,2290227,2236.5498046875,2303539,2249.5498046875
9983,9.4482421875,101,-1,133,2289919,2236.2490234375,2290227,2236.5498046875,2303539,2249.5498046875
9992,9.45703125,351,0,133,2289919,2236.2490234375,2290227,2236.5498046875,2303539,2249.5498046875
308,0.0,12,-1,134,2307924,2253.83203125,2308232,2254.1328125,2321544,2267.1328125
1329,0.9970703125,1,-1,134,2307924,2253.83203125,2308232,2254.1328125,2321544,2267.1328125
8499,7.9990234375,112,-1,134,2307924,2253.83203125,2308232,2254.1328125,2321544,2267.1328125
8791,8.2841796875,350,0,134,2307924,2253.83203125,2308232,2254.1328125,2321544,2267.1328125
8854,8.345703125,351,0,134,2307924,2253.83203125,2308232,2254.1328125,2321544,2267.1328125
8880,8.37109375,350,0,134,2307924,2253.83203125,2308232,2254.1328125,2321544,2267.1328125
8926,8.416015625,351,0,134,2307924,2253.83203125,2308232,2254.1328125,2321544,2267.1328125
8951,8.4404296875,350,0,134,2307924,2253.83203125,2308232,2254.1328125,2321544,2267.1328125
9233,8.7158203125,101,-1,134,2307924,2253.83203125,2308232,2254.1328125,2321544,2267.1328125
9238,8.720703125,351,0,134,2307924,2253.83203125,2308232,2254.1328125,2321544,2267.1328125
308,0.0,15,-1,135,2325181,2270.6845703125,2325489,2270.9853515625,2338801,2283.9853515625
1331,0.9990234375,1,-1,135,2325181,2270.6845703125,2325489,2270.9853515625,2338801,2283.9853515625
7970,7.482421875,350,1,135,2325181,2270.6845703125,2325489,2270.9853515625,2338801,2283.9853515625
8034,7.544921875,351,1,135,2325181,2270.6845703125,2325489,2270.9853515625,2338801,2283.9853515625
8153,7.6611328125,350,1,135,2325181,2270.6845703125,2325489,2270.9853515625,2338801,2283.9853515625
8243,7.7490234375,351,1,135,2325181,2270.6845703125,2325489,2270.9853515625,2338801,2283.9853515625
8278,7.783203125,350,1,135,2325181,2270.6845703125,2325489,2270.9853515625,2338801,2283.9853515625
8339,7.8427734375,351,1,135,2325181,2270.6845703125,2325489,2270.9853515625,2338801,2283.9853515625
8380,7.8828125,350,1,135,2325181,2270.6845703125,2325489,2270.9853515625,2338801,2283.9853515625
8410,7.912109375,351,1,135,2325181,2270.6845703125,2325489,2270.9853515625,2338801,2283.9853515625
8431,7.9326171875,350,1,135,2325181,2270.6845703125,2325489,2270.9853515625,2338801,2283.9853515625
8465,7.9658203125,351,1,135,2325181,2270.6845703125,2325489,2270.9853515625,2338801,2283.9853515625
8503,8.0029296875,115,-1,135,2325181,2270.6845703125,2325489,2270.9853515625,2338801,2283.9853515625
9043,8.5302734375,350,1,135,2325181,2270.6845703125,2325489,2270.9853515625,2338801,2283.9853515625
9280,8.76171875,103,-1,135,2325181,2270.6845703125,2325489,2270.9853515625,2338801,2283.9853515625
9286,8.767578125,351,1,135,2325181,2270.6845703125,2325489,2270.9853515625,2338801,2283.9853515625
308,0.0,12,-1,136,2342496,2287.59375,2342804,2287.89453125,2356116,2300.89453125
1334,1.001953125,1,-1,136,2342496,2287.59375,2342804,2287.89453125,2356116,2300.89453125
8502,8.001953125,112,-1,136,2342496,2287.59375,2342804,2287.89453125,2356116,2300.89453125
9009,8.4970703125,350,0,136,2342496,2287.59375,2342804,2287.89453125,2356116,2300.89453125
9321,8.8017578125,351,0,136,2342496,2287.59375,2342804,2287.89453125,2356116,2300.89453125
9328,8.80859375,101,-1,136,2342496,2287.59375,2342804,2287.89453125,2356116,2300.89453125
308,0.0,15,-1,137,2359876,2304.56640625,2360184,2304.8671875,2373496,2317.8671875
1332,1.0,1,-1,137,2359876,2304.56640625,2360184,2304.8671875,2373496,2317.8671875
8503,8.0029296875,115,-1,137,2359876,2304.56640625,2360184,2304.8671875,2373496,2317.8671875
8702,8.197265625,350,1,137,2359876,2304.56640625,2360184,2304.8671875,2373496,2317.8671875
8756,8.25,351,1,137,2359876,2304.56640625,2360184,2304.8671875,2373496,2317.8671875
8890,8.380859375,350,1,137,2359876,2304.56640625,2360184,2304.8671875,2373496,2317.8671875
8941,8.4306640625,351,1,137,2359876,2304.56640625,2360184,2304.8671875,2373496,2317.8671875
8959,8.4482421875,350,1,137,2359876,2304.56640625,2360184,2304.8671875,2373496,2317.8671875
9202,8.685546875,103,-1,137,2359876,2304.56640625,2360184,2304.8671875,2373496,2317.8671875
9217,8.7001953125,351,1,137,2359876,2304.56640625,2360184,2304.8671875,2373496,2317.8671875
308,0.0,15,-1,138,2377108,2321.39453125,2377416,2321.6953125,2390728,2334.6953125
1330,0.998046875,1,-1,138,2377108,2321.39453125,2377416,2321.6953125,2390728,2334.6953125
8104,7.61328125,350,1,138,2377108,2321.39453125,2377416,2321.6953125,2390728,2334.6953125
8167,7.6748046875,351,1,138,2377108,2321.39453125,2377416,2321.6953125,2390728,2334.6953125
8356,7.859375,350,1,138,2377108,2321.39453125,2377416,2321.6953125,2390728,2334.6953125
8423,7.9248046875,351,1,138,2377108,2321.39453125,2377416,2321.6953125,2390728,2334.6953125
8499,7.9990234375,115,-1,138,2377108,2321.39453125,2377416,2321.6953125,2390728,2334.6953125
8520,8.01953125,350,1,138,2377108,2321.39453125,2377416,2321.6953125,2390728,2334.6953125
8578,8.076171875,351,1,138,2377108,2321.39453125,2377416,2321.6953125,2390728,2334.6953125
8675,8.1708984375,350,1,138,2377108,2321.39453125,2377416,2321.6953125,2390728,2334.6953125
8715,8.2099609375,351,1,138,2377108,2321.39453125,2377416,2321.6953125,2390728,2334.6953125
8729,8.2236328125,350,1,138,2377108,2321.39453125,2377416,2321.6953125,2390728,2334.6953125
8761,8.2548828125,351,1,138,2377108,2321.39453125,2377416,2321.6953125,2390728,2334.6953125
8896,8.38671875,350,1,138,2377108,2321.39453125,2377416,2321.6953125,2390728,2334.6953125
8960,8.44921875,351,1,138,2377108,2321.39453125,2377416,2321.6953125,2390728,2334.6953125
8975,8.4638671875,350,1,138,2377108,2321.39453125,2377416,2321.6953125,2390728,2334.6953125
9185,8.6689453125,103,-1,138,2377108,2321.39453125,2377416,2321.6953125,2390728,2334.6953125
9231,8.7138671875,351,1,138,2377108,2321.39453125,2377416,2321.6953125,2390728,2334.6953125
308,0.0,15,-1,139,2394347,2338.2294921875,2394655,2338.5302734375,2407967,2351.5302734375
1332,1.0,1,-1,139,2394347,2338.2294921875,2394655,2338.5302734375,2407967,2351.5302734375
8003,7.5146484375,350,1,139,2394347,2338.2294921875,2394655,2338.5302734375,2407967,2351.5302734375
8032,7.54296875,351,1,139,2394347,2338.2294921875,2394655,2338.5302734375,2407967,2351.5302734375
8503,8.0029296875,115,-1,139,2394347,2338.2294921875,2394655,2338.5302734375,2407967,2351.5302734375
8965,8.4541015625,350,1,139,2394347,2338.2294921875,2394655,2338.5302734375,2407967,2351.5302734375
9172,8.65625,351,1,139,2394347,2338.2294921875,2394655,2338.5302734375,2407967,2351.5302734375
9873,9.3408203125,350,1,139,2394347,2338.2294921875,2394655,2338.5302734375,2407967,2351.5302734375
10034,9.498046875,103,-1,139,2394347,2338.2294921875,2394655,2338.5302734375,2407967,2351.5302734375
10076,9.5390625,351,1,139,2394347,2338.2294921875,2394655,2338.5302734375,2407967,2351.5302734375
308,0.0,12,-1,140,2412434,2355.892578125,2412742,2356.193359375,2426054,2369.193359375
1333,1.0009765625,1,-1,140,2412434,2355.892578125,2412742,2356.193359375,2426054,2369.193359375
8502,8.001953125,112,-1,140,2412434,2355.892578125,2412742,2356.193359375,2426054,2369.193359375
9186,8.669921875,350,0,140,2412434,2355.892578125,2412742,2356.193359375,2426054,2369.193359375
9415,8.8935546875,101,-1,140,2412434,2355.892578125,2412742,2356.193359375,2426054,2369.193359375
9434,8.912109375,351,0,140,2412434,2355.892578125,2412742,2356.193359375,2426054,2369.193359375
308,0.0,15,-1,141,2429876,2372.92578125,2430184,2373.2265625,2443496,2386.2265625
1332,1.0,1,-1,141,2429876,2372.92578125,2430184,2373.2265625,2443496,2386.2265625
3819,3.4287109375,350,0,141,2429876,2372.92578125,2430184,2373.2265625,2443496,2386.2265625
3889,3.4970703125,351,0,141,2429876,2372.92578125,2430184,2373.2265625,2443496,2386.2265625
6080,5.63671875,350,0,141,2429876,2372.92578125,2430184,2373.2265625,2443496,2386.2265625
6130,5.685546875,351,0,141,2429876,2372.92578125,2430184,2373.2265625,2443496,2386.2265625
8162,7.669921875,350,0,141,2429876,2372.92578125,2430184,2373.2265625,2443496,2386.2265625
8217,7.7236328125,351,0,141,2429876,2372.92578125,2430184,2373.2265625,2443496,2386.2265625
8503,8.0029296875,115,-1,141,2429876,2372.92578125,2430184,2373.2265625,2443496,2386.2265625
9079,8.5654296875,350,1,141,2429876,2372.92578125,2430184,2373.2265625,2443496,2386.2265625
9166,8.650390625,351,1,141,2429876,2372.92578125,2430184,2373.2265625,2443496,2386.2265625
9203,8.6865234375,350,1,141,2429876,2372.92578125,2430184,2373.2265625,2443496,2386.2265625
9368,8.84765625,103,-1,141,2429876,2372.92578125,2430184,2373.2265625,2443496,2386.2265625
9393,8.8720703125,351,1,141,2429876,2372.92578125,2430184,2373.2265625,2443496,2386.2265625
308,0.0,15,-1,142,2447281,2389.9228515625,2447589,2390.2236328125,2460901,2403.2236328125
1333,1.0009765625,1,-1,142,2447281,2389.9228515625,2447589,2390.2236328125,2460901,2403.2236328125
8502,8.001953125,115,-1,142,2447281,2389.9228515625,2447589,2390.2236328125,2460901,2403.2236328125
9485,8.9619140625,350,1,142,2447281,2389.9228515625,2447589,2390.2236328125,2460901,2403.2236328125
9548,9.0234375,351,1,142,2447281,2389.9228515625,2447589,2390.2236328125,2460901,2403.2236328125
9575,9.0498046875,350,1,142,2447281,2389.9228515625,2447589,2390.2236328125,2460901,2403.2236328125
9732,9.203125,103,-1,142,2447281,2389.9228515625,2447589,2390.2236328125,2460901,2403.2236328125
9751,9.2216796875,351,1,142,2447281,2389.9228515625,2447589,2390.2236328125,2460901,2403.2236328125
308,0.0,12,-1,143,2465041,2407.2666015625,2465349,2407.5673828125,2478661,2420.5673828125
1332,1.0,1,-1,143,2465041,2407.2666015625,2465349,2407.5673828125,2478661,2420.5673828125
3579,3.1943359375,350,0,143,2465041,2407.2666015625,2465349,2407.5673828125,2478661,2420.5673828125
3647,3.2607421875,351,0,143,2465041,2407.2666015625,2465349,2407.5673828125,2478661,2420.5673828125
8503,8.0029296875,112,-1,143,2465041,2407.2666015625,2465349,2407.5673828125,2478661,2420.5673828125
8666,8.162109375,350,0,143,2465041,2407.2666015625,2465349,2407.5673828125,2478661,2420.5673828125
8731,8.2255859375,351,0,143,2465041,2407.2666015625,2465349,2407.5673828125,2478661,2420.5673828125
8901,8.3916015625,350,0,143,2465041,2407.2666015625,2465349,2407.5673828125,2478661,2420.5673828125
9112,8.59765625,101,-1,143,2465041,2407.2666015625,2465349,2407.5673828125,2478661,2420.5673828125
9127,8.6123046875,351,0,143,2465041,2407.2666015625,2465349,2407.5673828125,2478661,2420.5673828125
308,0.0,12,-1,144,2482190,2424.013671875,2482498,2424.314453125,2495810,2437.314453125
1332,1.0,1,-1,144,2482190,2424.013671875,2482498,2424.314453125,2495810,2437.314453125
8503,8.0029296875,112,-1,144,2482190,2424.013671875,2482498,2424.314453125,2495810,2437.314453125
8574,8.072265625,350,0,144,2482190,2424.013671875,2482498,2424.314453125,2495810,2437.314453125
8727,8.2216796875,351,0,144,2482190,2424.013671875,2482498,2424.314453125,2495810,2437.314453125
8901,8.3916015625,350,0,144,2482190,2424.013671875,2482498,2424.314453125,2495810,2437.314453125
8916,8.40625,351,0,144,2482190,2424.013671875,2482498,2424.314453125,2495810,2437.314453125
9005,8.4931640625,350,0,144,2482190,2424.013671875,2482498,2424.314453125,2495810,2437.314453125
9212,8.6953125,101,-1,144,2482190,2424.013671875,2482498,2424.314453125,2495810,2437.314453125
9217,8.7001953125,351,0,144,2482190,2424.013671875,2482498,2424.314453125,2495810,2437.314453125
308,0.0,15,-1,145,2499435,2440.8544921875,2499743,2441.1552734375,2513055,2454.1552734375
1332,1.0,1,-1,145,2499435,2440.8544921875,2499743,2441.1552734375,2513055,2454.1552734375
1446,1.111328125,350,1,145,2499435,2440.8544921875,2499743,2441.1552734375,2513055,2454.1552734375
1510,1.173828125,351,1,145,2499435,2440.8544921875,2499743,2441.1552734375,2513055,2454.1552734375
8501,8.0009765625,115,-1,145,2499435,2440.8544921875,2499743,2441.1552734375,2513055,2454.1552734375
8828,8.3203125,350,1,145,2499435,2440.8544921875,2499743,2441.1552734375,2513055,2454.1552734375
8917,8.4072265625,350,0,145,2499435,2440.8544921875,2499743,2441.1552734375,2513055,2454.1552734375
8939,8.4287109375,351,0,145,2499435,2440.8544921875,2499743,2441.1552734375,2513055,2454.1552734375
9071,8.5576171875,103,-1,145,2499435,2440.8544921875,2499743,2441.1552734375,2513055,2454.1552734375
9092,8.578125,351,1,145,2499435,2440.8544921875,2499743,2441.1552734375,2513055,2454.1552734375
308,0.0,15,-1,146,2516549,2457.5673828125,2516857,2457.8681640625,2530169,2470.8681640625
1332,1.0,1,-1,146,2516549,2457.5673828125,2516857,2457.8681640625,2530169,2470.8681640625
2067,1.7177734375,350,0,146,2516549,2457.5673828125,2516857,2457.8681640625,2530169,2470.8681640625
2114,1.763671875,351,0,146,2516549,2457.5673828125,2516857,2457.8681640625,2530169,2470.8681640625
6023,5.5810546875,350,1,146,2516549,2457.5673828125,2516857,2457.8681640625,2530169,2470.8681640625
6099,5.6552734375,351,1,146,2516549,2457.5673828125,2516857,2457.8681640625,2530169,2470.8681640625
6112,5.66796875,350,1,146,2516549,2457.5673828125,2516857,2457.8681640625,2530169,2470.8681640625
6133,5.6884765625,351,1,146,2516549,2457.5673828125,2516857,2457.8681640625,2530169,2470.8681640625
6229,5.7822265625,350,1,146,2516549,2457.5673828125,2516857,2457.8681640625,2530169,2470.8681640625
6291,5.8427734375,351,1,146,2516549,2457.5673828125,2516857,2457.8681640625,2530169,2470.8681640625
6339,5.8896484375,350,1,146,2516549,2457.5673828125,2516857,2457.8681640625,2530169,2470.8681640625
6406,5.955078125,351,1,146,2516549,2457.5673828125,2516857,2457.8681640625,2530169,2470.8681640625
8504,8.00390625,115,-1,146,2516549,2457.5673828125,2516857,2457.8681640625,2530169,2470.8681640625
8697,8.1923828125,350,1,146,2516549,2457.5673828125,2516857,2457.8681640625,2530169,2470.8681640625
8761,8.2548828125,351,1,146,2516549,2457.5673828125,2516857,2457.8681640625,2530169,2470.8681640625
8815,8.3076171875,350,1,146,2516549,2457.5673828125,2516857,2457.8681640625,2530169,2470.8681640625
8990,8.478515625,103,-1,146,2516549,2457.5673828125,2516857,2457.8681640625,2530169,2470.8681640625
9021,8.5087890625,351,1,146,2516549,2457.5673828125,2516857,2457.8681640625,2530169,2470.8681640625
308,0.0,12,-1,147,2533575,2474.1943359375,2533883,2474.4951171875,2547195,2487.4951171875
1332,1.0,1,-1,147,2533575,2474.1943359375,2533883,2474.4951171875,2547195,2487.4951171875
5973,5.5322265625,350,0,147,2533575,2474.1943359375,2533883,2474.4951171875,2547195,2487.4951171875
6039,5.5966796875,351,0,147,2533575,2474.1943359375,2533883,2474.4951171875,2547195,2487.4951171875
6799,6.3388671875,350,0,147,2533575,2474.1943359375,2533883,2474.4951171875,2547195,2487.4951171875
6841,6.3798828125,351,0,147,2533575,2474.1943359375,2533883,2474.4951171875,2547195,2487.4951171875
8503,8.0029296875,112,-1,147,2533575,2474.1943359375,2533883,2474.4951171875,2547195,2487.4951171875
8690,8.185546875,350,0,147,2533575,2474.1943359375,2533883,2474.4951171875,2547195,2487.4951171875
8782,8.275390625,351,0,147,2533575,2474.1943359375,2533883,2474.4951171875,2547195,2487.4951171875
8809,8.3017578125,350,0,147,2533575,2474.1943359375,2533883,2474.4951171875,2547195,2487.4951171875
8842,8.333984375,351,0,147,2533575,2474.1943359375,2533883,2474.4951171875,2547195,2487.4951171875
8860,8.3515625,350,0,147,2533575,2474.1943359375,2533883,2474.4951171875,2547195,2487.4951171875
9084,8.5703125,101,-1,147,2533575,2474.1943359375,2533883,2474.4951171875,2547195,2487.4951171875
9131,8.6162109375,351,0,147,2533575,2474.1943359375,2533883,2474.4951171875,2547195,2487.4951171875
308,0.0,15,-1,148,2550700,2490.91796875,2551008,2491.21875,2564320,2504.21875
1332,1.0,1,-1,148,2550700,2490.91796875,2551008,2491.21875,2564320,2504.21875
8381,7.8837890625,350,1,148,2550700,2490.91796875,2551008,2491.21875,2564320,2504.21875
8442,7.943359375,351,1,148,2550700,2490.91796875,2551008,2491.21875,2564320,2504.21875
8475,7.9755859375,350,1,148,2550700,2490.91796875,2551008,2491.21875,2564320,2504.21875
8493,7.9931640625,351,1,148,2550700,2490.91796875,2551008,2491.21875,2564320,2504.21875
8504,8.00390625,115,-1,148,2550700,2490.91796875,2551008,2491.21875,2564320,2504.21875
8617,8.1142578125,350,1,148,2550700,2490.91796875,2551008,2491.21875,2564320,2504.21875
8643,8.1396484375,351,1,148,2550700,2490.91796875,2551008,2491.21875,2564320,2504.21875
8861,8.3525390625,350,1,148,2550700,2490.91796875,2551008,2491.21875,2564320,2504.21875
9059,8.5458984375,103,-1,148,2550700,2490.91796875,2551008,2491.21875,2564320,2504.21875
9100,8.5859375,351,1,148,2550700,2490.91796875,2551008,2491.21875,2564320,2504.21875
308,0.0,12,-1,149,2567789,2507.6064453125,2568097,2507.9072265625,2581409,2520.9072265625
432,0.12109375,350,1,149,2567789,2507.6064453125,2568097,2507.9072265625,2581409,2520.9072265625
512,0.19921875,351,1,149,2567789,2507.6064453125,2568097,2507.9072265625,2581409,2520.9072265625
1330,0.998046875,1,-1,149,2567789,2507.6064453125,2568097,2507.9072265625,2581409,2520.9072265625
4167,3.7685546875,350,1,149,2567789,2507.6064453125,2568097,2507.9072265625,2581409,2520.9072265625
4253,3.8525390625,351,1,149,2567789,2507.6064453125,2568097,2507.9072265625,2581409,2520.9072265625
8501,8.0009765625,112,-1,149,2567789,2507.6064453125,2568097,2507.9072265625,2581409,2520.9072265625
8676,8.171875,350,0,149,2567789,2507.6064453125,2568097,2507.9072265625,2581409,2520.9072265625
9065,8.5517578125,101,-1,149,2567789,2507.6064453125,2568097,2507.9072265625,2581409,2520.9072265625
9091,8.5771484375,351,0,149,2567789,2507.6064453125,2568097,2507.9072265625,2581409,2520.9072265625
308,0.0,12,-1,150,2584890,2524.306640625,2585198,2524.607421875,2598510,2537.607421875
1330,0.998046875,1,-1,150,2584890,2524.306640625,2585198,2524.607421875,2598510,2537.607421875
4195,3.7958984375,350,1,150,2584890,2524.306640625,2585198,2524.607421875,2598510,2537.607421875
4239,3.8388671875,351,1,150,2584890,2524.306640625,2585198,2524.607421875,2598510,2537.607421875
4458,4.052734375,350,1,150,2584890,2524.306640625,2585198,2524.607421875,2598510,2537.607421875
4534,4.126953125,351,1,150,2584890,2524.306640625,2585198,2524.607421875,2598510,2537.607421875
8226,7.732421875,350,0,150,2584890,2524.306640625,2585198,2524.607421875,2598510,2537.607421875
8354,7.857421875,351,0,150,2584890,2524.306640625,2585198,2524.607421875,2598510,2537.607421875
8376,7.87890625,350,0,150,2584890,2524.306640625,2585198,2524.607421875,2598510,2537.607421875
8496,7.99609375,351,0,150,2584890,2524.306640625,2585198,2524.607421875,2598510,2537.607421875
8499,7.9990234375,112,-1,150,2584890,2524.306640625,2585198,2524.607421875,2598510,2537.607421875
8589,8.0869140625,350,0,150,2584890,2524.306640625,2585198,2524.607421875,2598510,2537.607421875
9046,8.533203125,101,-1,150,2584890,2524.306640625,2585198,2524.607421875,2598510,2537.607421875
9089,8.5751953125,351,0,150,2584890,2524.306640625,2585198,2524.607421875,2598510,2537.607421875
308,0.0,15,-1,151,2601961,2540.9775390625,2602269,2541.2783203125,2615581,2554.2783203125
1332,1.0,1,-1,151,2601961,2540.9775390625,2602269,2541.2783203125,2615581,2554.2783203125
8503,8.0029296875,115,-1,151,2601961,2540.9775390625,2602269,2541.2783203125,2615581,2554.2783203125
8886,8.376953125,350,1,151,2601961,2540.9775390625,2602269,2541.2783203125,2615581,2554.2783203125
9085,8.5712890625,103,-1,151,2601961,2540.9775390625,2602269,2541.2783203125,2615581,2554.2783203125
9111,8.5966796875,351,1,151,2601961,2540.9775390625,2602269,2541.2783203125,2615581,2554.2783203125
308,0.0,12,-1,152,2619091,2557.7060546875,2619399,2558.0068359375,2632711,2571.0068359375
1331,0.9990234375,1,-1,152,2619091,2557.7060546875,2619399,2558.0068359375,2632711,2571.0068359375
8503,8.0029296875,112,-1,152,2619091,2557.7060546875,2619399,2558.0068359375,2632711,2571.0068359375
8732,8.2265625,350,0,152,2619091,2557.7060546875,2619399,2558.0068359375,2632711,2571.0068359375
9077,8.5634765625,101,-1,152,2619091,2557.7060546875,2619399,2558.0068359375,2632711,2571.0068359375
9104,8.58984375,351,0,152,2619091,2557.7060546875,2619399,2558.0068359375,2632711,2571.0068359375
308,0.0,12,-1,153,2636188,2574.40234375,2636496,2574.703125,2649808,2587.703125
1333,1.0009765625,1,-1,153,2636188,2574.40234375,2636496,2574.703125,2649808,2587.703125
7493,7.0166015625,350,0,153,2636188,2574.40234375,2636496,2574.703125,2649808,2587.703125
7553,7.0751953125,351,0,153,2636188,2574.40234375,2636496,2574.703125,2649808,2587.703125
7602,7.123046875,350,0,153,2636188,2574.40234375,2636496,2574.703125,2649808,2587.703125
7658,7.177734375,351,0,153,2636188,2574.40234375,2636496,2574.703125,2649808,2587.703125
7730,7.248046875,350,0,153,2636188,2574.40234375,2636496,2574.703125,2649808,2587.703125
7785,7.3017578125,351,0,153,2636188,2574.40234375,2636496,2574.703125,2649808,2587.703125
7817,7.3330078125,350,0,153,2636188,2574.40234375,2636496,2574.703125,2649808,2587.703125
7870,7.384765625,351,0,153,2636188,2574.40234375,2636496,2574.703125,2649808,2587.703125
7926,7.439453125,350,0,153,2636188,2574.40234375,2636496,2574.703125,2649808,2587.703125
7987,7.4990234375,351,0,153,2636188,2574.40234375,2636496,2574.703125,2649808,2587.703125
8060,7.5703125,350,0,153,2636188,2574.40234375,2636496,2574.703125,2649808,2587.703125
8120,7.62890625,351,0,153,2636188,2574.40234375,2636496,2574.703125,2649808,2587.703125
8170,7.677734375,350,0,153,2636188,2574.40234375,2636496,2574.703125,2649808,2587.703125
8231,7.7373046875,351,0,153,2636188,2574.40234375,2636496,2574.703125,2649808,2587.703125
8275,7.7802734375,350,0,153,2636188,2574.40234375,2636496,2574.703125,2649808,2587.703125
8329,7.8330078125,351,0,153,2636188,2574.40234375,2636496,2574.703125,2649808,2587.703125
8372,7.875,350,0,153,2636188,2574.40234375,2636496,2574.703125,2649808,2587.703125
8424,7.92578125,351,0,153,2636188,2574.40234375,2636496,2574.703125,2649808,2587.703125
8467,7.9677734375,350,0,153,2636188,2574.40234375,2636496,2574.703125,2649808,2587.703125
8502,8.001953125,112,-1,153,2636188,2574.40234375,2636496,2574.703125,2649808,2587.703125
8550,8.048828125,351,0,153,2636188,2574.40234375,2636496,2574.703125,2649808,2587.703125
8584,8.08203125,350,0,153,2636188,2574.40234375,2636496,2574.703125,2649808,2587.703125
8633,8.1298828125,351,0,153,2636188,2574.40234375,2636496,2574.703125,2649808,2587.703125
8658,8.154296875,350,0,153,2636188,2574.40234375,2636496,2574.703125,2649808,2587.703125
8830,8.322265625,351,0,153,2636188,2574.40234375,2636496,2574.703125,2649808,2587.703125
8874,8.365234375,350,0,153,2636188,2574.40234375,2636496,2574.703125,2649808,2587.703125
9100,8.5859375,101,-1,153,2636188,2574.40234375,2636496,2574.703125,2649808,2587.703125
9119,8.6044921875,351,0,153,2636188,2574.40234375,2636496,2574.703125,2649808,2587.703125
308,0.0,15,-1,154,2653318,2591.130859375,2653626,2591.431640625,2666938,2604.431640625
1332,1.0,1,-1,154,2653318,2591.130859375,2653626,2591.431640625,2666938,2604.431640625
6588,6.1328125,350,1,154,2653318,2591.130859375,2653626,2591.431640625,2666938,2604.431640625
6665,6.2080078125,351,1,154,2653318,2591.130859375,2653626,2591.431640625,2666938,2604.431640625
6847,6.3857421875,350,1,154,2653318,2591.130859375,2653626,2591.431640625,2666938,2604.431640625
6894,6.431640625,351,1,154,2653318,2591.130859375,2653626,2591.431640625,2666938,2604.431640625
8503,8.0029296875,115,-1,154,2653318,2591.130859375,2653626,2591.431640625,2666938,2604.431640625
8895,8.3857421875,350,1,154,2653318,2591.130859375,2653626,2591.431640625,2666938,2604.431640625
9048,8.53515625,103,-1,154,2653318,2591.130859375,2653626,2591.431640625,2666938,2604.431640625
9092,8.578125,351,1,154,2653318,2591.130859375,2653626,2591.431640625,2666938,2604.431640625
308,0.0,15,-1,155,2670388,2607.80078125,2670696,2608.1015625,2684008,2621.1015625
1332,1.0,1,-1,155,2670388,2607.80078125,2670696,2608.1015625,2684008,2621.1015625
8500,8.0,115,-1,155,2670388,2607.80078125,2670696,2608.1015625,2684008,2621.1015625
8857,8.3486328125,350,1,155,2670388,2607.80078125,2670696,2608.1015625,2684008,2621.1015625
9052,8.5390625,103,-1,155,2670388,2607.80078125,2670696,2608.1015625,2684008,2621.1015625
9074,8.560546875,351,1,155,2670388,2607.80078125,2670696,2608.1015625,2684008,2621.1015625
308,0.0,15,-1,156,2687477,2624.4892578125,2687785,2624.7900390625,2701097,2637.7900390625
704,0.38671875,350,1,156,2687477,2624.4892578125,2687785,2624.7900390625,2701097,2637.7900390625
755,0.4365234375,351,1,156,2687477,2624.4892578125,2687785,2624.7900390625,2701097,2637.7900390625
1149,0.8212890625,350,1,156,2687477,2624.4892578125,2687785,2624.7900390625,2701097,2637.7900390625
1176,0.84765625,351,1,156,2687477,2624.4892578125,2687785,2624.7900390625,2701097,2637.7900390625
1330,0.998046875,1,-1,156,2687477,2624.4892578125,2687785,2624.7900390625,2701097,2637.7900390625
8502,8.001953125,115,-1,156,2687477,2624.4892578125,2687785,2624.7900390625,2701097,2637.7900390625
8620,8.1171875,350,1,156,2687477,2624.4892578125,2687785,2624.7900390625,2701097,2637.7900390625
8694,8.189453125,351,1,156,2687477,2624.4892578125,2687785,2624.7900390625,2701097,2637.7900390625
8715,8.2099609375,350,1,156,2687477,2624.4892578125,2687785,2624.7900390625,2701097,2637.7900390625
8758,8.251953125,351,1,156,2687477,2624.4892578125,2687785,2624.7900390625,2701097,2637.7900390625
8784,8.27734375,350,1,156,2687477,2624.4892578125,2687785,2624.7900390625,2701097,2637.7900390625
8983,8.4716796875,103,-1,156,2687477,2624.4892578125,2687785,2624.7900390625,2701097,2637.7900390625
9001,8.4892578125,351,1,156,2687477,2624.4892578125,2687785,2624.7900390625,2701097,2637.7900390625
308,0.0,15,-1,157,2704496,2641.109375,2704804,2641.41015625,2718116,2654.41015625
1332,1.0,1,-1,157,2704496,2641.109375,2704804,2641.41015625,2718116,2654.41015625
5883,5.4443359375,350,1,157,2704496,2641.109375,2704804,2641.41015625,2718116,2654.41015625
5940,5.5,351,1,157,2704496,2641.109375,2704804,2641.41015625,2718116,2654.41015625
6060,5.6171875,350,1,157,2704496,2641.109375,2704804,2641.41015625,2718116,2654.41015625
6120,5.67578125,351,1,157,2704496,2641.109375,2704804,2641.41015625,2718116,2654.41015625
6505,6.0517578125,350,1,157,2704496,2641.109375,2704804,2641.41015625,2718116,2654.41015625
6549,6.0947265625,351,1,157,2704496,2641.109375,2704804,2641.41015625,2718116,2654.41015625
6599,6.1435546875,350,1,157,2704496,2641.109375,2704804,2641.41015625,2718116,2654.41015625
6628,6.171875,351,1,157,2704496,2641.109375,2704804,2641.41015625,2718116,2654.41015625
6710,6.251953125,350,1,157,2704496,2641.109375,2704804,2641.41015625,2718116,2654.41015625
6764,6.3046875,351,1,157,2704496,2641.109375,2704804,2641.41015625,2718116,2654.41015625
6902,6.439453125,350,1,157,2704496,2641.109375,2704804,2641.41015625,2718116,2654.41015625
6931,6.4677734375,351,1,157,2704496,2641.109375,2704804,2641.41015625,2718116,2654.41015625
7072,6.60546875,350,1,157,2704496,2641.109375,2704804,2641.41015625,2718116,2654.41015625
7088,6.62109375,351,1,157,2704496,2641.109375,2704804,2641.41015625,2718116,2654.41015625
7616,7.13671875,350,1,157,2704496,2641.109375,2704804,2641.41015625,2718116,2654.41015625
7636,7.15625,351,1,157,2704496,2641.109375,2704804,2641.41015625,2718116,2654.41015625
7957,7.4697265625,350,1,157,2704496,2641.109375,2704804,2641.41015625,2718116,2654.41015625
7985,7.4970703125,351,1,157,2704496,2641.109375,2704804,2641.41015625,2718116,2654.41015625
8246,7.751953125,350,1,157,2704496,2641.109375,2704804,2641.41015625,2718116,2654.41015625
8262,7.767578125,351,1,157,2704496,2641.109375,2704804,2641.41015625,2718116,2654.41015625
8502,8.001953125,115,-1,157,2704496,2641.109375,2704804,2641.41015625,2718116,2654.41015625
8601,8.0986328125,350,1,157,2704496,2641.109375,2704804,2641.41015625,2718116,2654.41015625
8619,8.1162109375,351,1,157,2704496,2641.109375,2704804,2641.41015625,2718116,2654.41015625
8693,8.1884765625,350,1,157,2704496,2641.109375,2704804,2641.41015625,2718116,2654.41015625
8723,8.2177734375,351,1,157,2704496,2641.109375,2704804,2641.41015625,2718116,2654.41015625
8749,8.2431640625,350,1,157,2704496,2641.109375,2704804,2641.41015625,2718116,2654.41015625
8895,8.3857421875,350,0,157,2704496,2641.109375,2704804,2641.41015625,2718116,2654.41015625
8916,8.40625,351,0,157,2704496,2641.109375,2704804,2641.41015625,2718116,2654.41015625
8963,8.4521484375,103,-1,157,2704496,2641.109375,2704804,2641.41015625,2718116,2654.41015625
9016,8.50390625,351,1,157,2704496,2641.109375,2704804,2641.41015625,2718116,2654.41015625
308,0.0,12,-1,158,2721515,2657.7294921875,2721823,2658.0302734375,2735135,2671.0302734375
1332,1.0,1,-1,158,2721515,2657.7294921875,2721823,2658.0302734375,2735135,2671.0302734375
5303,4.8779296875,350,1,158,2721515,2657.7294921875,2721823,2658.0302734375,2735135,2671.0302734375
5352,4.92578125,351,1,158,2721515,2657.7294921875,2721823,2658.0302734375,2735135,2671.0302734375
8501,8.0009765625,112,-1,158,2721515,2657.7294921875,2721823,2658.0302734375,2735135,2671.0302734375
8769,8.2626953125,350,0,158,2721515,2657.7294921875,2721823,2658.0302734375,2735135,2671.0302734375
8957,8.4462890625,101,-1,158,2721515,2657.7294921875,2721823,2658.0302734375,2735135,2671.0302734375
9052,8.5390625,351,0,158,2721515,2657.7294921875,2721823,2658.0302734375,2735135,2671.0302734375
308,0.0,12,-1,159,2738488,2674.3046875,2738796,2674.60546875,2752108,2687.60546875
1332,1.0,1,-1,159,2738488,2674.3046875,2738796,2674.60546875,2752108,2687.60546875
8501,8.0009765625,112,-1,159,2738488,2674.3046875,2738796,2674.60546875,2752108,2687.60546875
8776,8.26953125,350,0,159,2738488,2674.3046875,2738796,2674.60546875,2752108,2687.60546875
8833,8.3251953125,351,0,159,2738488,2674.3046875,2738796,2674.60546875,2752108,2687.60546875
8868,8.359375,350,0,159,2738488,2674.3046875,2738796,2674.60546875,2752108,2687.60546875
9101,8.5869140625,101,-1,159,2738488,2674.3046875,2738796,2674.60546875,2752108,2687.60546875
9121,8.6064453125,351,0,159,2738488,2674.3046875,2738796,2674.60546875,2752108,2687.60546875
308,0.0,13,-1,160,2778835,2713.7060546875,2779143,2714.0068359375,2792455,2727.0068359375
1142,0.814453125,350,1,160,2778835,2713.7060546875,2779143,2714.0068359375,2792455,2727.0068359375
1282,0.951171875,351,1,160,2778835,2713.7060546875,2779143,2714.0068359375,2792455,2727.0068359375
1331,0.9990234375,1,-1,160,2778835,2713.7060546875,2779143,2714.0068359375,2792455,2727.0068359375
5338,4.912109375,350,0,160,2778835,2713.7060546875,2779143,2714.0068359375,2792455,2727.0068359375
5354,4.927734375,351,0,160,2778835,2713.7060546875,2779143,2714.0068359375,2792455,2727.0068359375
8503,8.0029296875,113,-1,160,2778835,2713.7060546875,2779143,2714.0068359375,2792455,2727.0068359375
8695,8.1904296875,350,0,160,2778835,2713.7060546875,2779143,2714.0068359375,2792455,2727.0068359375
8711,8.2060546875,351,0,160,2778835,2713.7060546875,2779143,2714.0068359375,2792455,2727.0068359375
8812,8.3046875,350,0,160,2778835,2713.7060546875,2779143,2714.0068359375,2792455,2727.0068359375
8967,8.4560546875,101,-1,160,2778835,2713.7060546875,2779143,2714.0068359375,2792455,2727.0068359375
8986,8.474609375,351,0,160,2778835,2713.7060546875,2779143,2714.0068359375,2792455,2727.0068359375
308,0.0,13,-1,161,2799935,2734.3115234375,2800243,2734.6123046875,2813555,2747.6123046875
1331,0.9990234375,1,-1,161,2799935,2734.3115234375,2800243,2734.6123046875,2813555,2747.6123046875
6957,6.4931640625,350,0,161,2799935,2734.3115234375,2800243,2734.6123046875,2813555,2747.6123046875
7043,6.5771484375,351,0,161,2799935,2734.3115234375,2800243,2734.6123046875,2813555,2747.6123046875
8502,8.001953125,113,-1,161,2799935,2734.3115234375,2800243,2734.6123046875,2813555,2747.6123046875
8634,8.130859375,350,0,161,2799935,2734.3115234375,2800243,2734.6123046875,2813555,2747.6123046875
8736,8.23046875,351,0,161,2799935,2734.3115234375,2800243,2734.6123046875,2813555,2747.6123046875
8820,8.3125,350,0,161,2799935,2734.3115234375,2800243,2734.6123046875,2813555,2747.6123046875
8989,8.4775390625,101,-1,161,2799935,2734.3115234375,2800243,2734.6123046875,2813555,2747.6123046875
9009,8.4970703125,351,0,161,2799935,2734.3115234375,2800243,2734.6123046875,2813555,2747.6123046875
308,0.0,16,-1,162,2821046,2754.927734375,2821354,2755.228515625,2834666,2768.228515625
1332,1.0,1,-1,162,2821046,2754.927734375,2821354,2755.228515625,2834666,2768.228515625
2283,1.9287109375,350,0,162,2821046,2754.927734375,2821354,2755.228515625,2834666,2768.228515625
2372,2.015625,351,0,162,2821046,2754.927734375,2821354,2755.228515625,2834666,2768.228515625
8503,8.0029296875,116,-1,162,2821046,2754.927734375,2821354,2755.228515625,2834666,2768.228515625
8782,8.275390625,350,1,162,2821046,2754.927734375,2821354,2755.228515625,2834666,2768.228515625
8962,8.451171875,103,-1,162,2821046,2754.927734375,2821354,2755.228515625,2834666,2768.228515625
9005,8.4931640625,351,1,162,2821046,2754.927734375,2821354,2755.228515625,2834666,2768.228515625
308,0.0,16,-1,163,2842118,2775.505859375,2842426,2775.806640625,2855738,2788.806640625
1332,1.0,1,-1,163,2842118,2775.505859375,2842426,2775.806640625,2855738,2788.806640625
8503,8.0029296875,116,-1,163,2842118,2775.505859375,2842426,2775.806640625,2855738,2788.806640625
8910,8.400390625,350,1,163,2842118,2775.505859375,2842426,2775.806640625,2855738,2788.806640625
9052,8.5390625,103,-1,163,2842118,2775.505859375,2842426,2775.806640625,2855738,2788.806640625
9082,8.568359375,351,1,163,2842118,2775.505859375,2842426,2775.806640625,2855738,2788.806640625
308,0.0,13,-1,164,2863319,2796.2099609375,2863627,2796.5107421875,2876939,2809.5107421875
1331,0.9990234375,1,-1,164,2863319,2796.2099609375,2863627,2796.5107421875,2876939,2809.5107421875
8501,8.0009765625,113,-1,164,2863319,2796.2099609375,2863627,2796.5107421875,2876939,2809.5107421875
8801,8.2939453125,350,0,164,2863319,2796.2099609375,2863627,2796.5107421875,2876939,2809.5107421875
8845,8.3369140625,351,0,164,2863319,2796.2099609375,2863627,2796.5107421875,2876939,2809.5107421875
8859,8.3505859375,350,0,164,2863319,2796.2099609375,2863627,2796.5107421875,2876939,2809.5107421875
9015,8.5029296875,101,-1,164,2863319,2796.2099609375,2863627,2796.5107421875,2876939,2809.5107421875
9061,8.5478515625,351,0,164,2863319,2796.2099609375,2863627,2796.5107421875,2876939,2809.5107421875
308,0.0,16,-1,165,2884473,2816.8681640625,2884781,2817.1689453125,2898093,2830.1689453125
1332,1.0,1,-1,165,2884473,2816.8681640625,2884781,2817.1689453125,2898093,2830.1689453125
8503,8.0029296875,116,-1,165,2884473,2816.8681640625,2884781,2817.1689453125,2898093,2830.1689453125
8585,8.0830078125,350,1,165,2884473,2816.8681640625,2884781,2817.1689453125,2898093,2830.1689453125
8612,8.109375,351,1,165,2884473,2816.8681640625,2884781,2817.1689453125,2898093,2830.1689453125
8683,8.1787109375,350,1,165,2884473,2816.8681640625,2884781,2817.1689453125,2898093,2830.1689453125
8738,8.232421875,351,1,165,2884473,2816.8681640625,2884781,2817.1689453125,2898093,2830.1689453125
8819,8.3115234375,350,1,165,2884473,2816.8681640625,2884781,2817.1689453125,2898093,2830.1689453125
9048,8.53515625,103,-1,165,2884473,2816.8681640625,2884781,2817.1689453125,2898093,2830.1689453125
9089,8.5751953125,351,1,165,2884473,2816.8681640625,2884781,2817.1689453125,2898093,2830.1689453125
308,0.0,13,-1,166,2905641,2837.5400390625,2905949,2837.8408203125,2919261,2850.8408203125
1332,1.0,1,-1,166,2905641,2837.5400390625,2905949,2837.8408203125,2919261,2850.8408203125
8153,7.6611328125,350,0,166,2905641,2837.5400390625,2905949,2837.8408203125,2919261,2850.8408203125
8173,7.6806640625,351,0,166,2905641,2837.5400390625,2905949,2837.8408203125,2919261,2850.8408203125
8501,8.0009765625,113,-1,166,2905641,2837.5400390625,2905949,2837.8408203125,2919261,2850.8408203125
8851,8.3427734375,350,0,166,2905641,2837.5400390625,2905949,2837.8408203125,2919261,2850.8408203125
9054,8.541015625,101,-1,166,2905641,2837.5400390625,2905949,2837.8408203125,2919261,2850.8408203125
9062,8.548828125,351,0,166,2905641,2837.5400390625,2905949,2837.8408203125,2919261,2850.8408203125
308,0.0,16,-1,167,2926838,2858.240234375,2927146,2858.541015625,2940458,2871.541015625
1333,1.0009765625,1,-1,167,2926838,2858.240234375,2927146,2858.541015625,2940458,2871.541015625
8502,8.001953125,116,-1,167,2926838,2858.240234375,2927146,2858.541015625,2940458,2871.541015625
8761,8.2548828125,350,1,167,2926838,2858.240234375,2927146,2858.541015625,2940458,2871.541015625
8949,8.4384765625,103,-1,167,2926838,2858.240234375,2927146,2858.541015625,2940458,2871.541015625
8959,8.4482421875,351,1,167,2926838,2858.240234375,2927146,2858.541015625,2940458,2871.541015625
308,0.0,16,-1,168,2947915,2878.8232421875,2948223,2879.1240234375,2961535,2892.1240234375
1331,0.9990234375,1,-1,168,2947915,2878.8232421875,2948223,2879.1240234375,2961535,2892.1240234375
8502,8.001953125,116,-1,168,2947915,2878.8232421875,2948223,2879.1240234375,2961535,2892.1240234375
9291,8.7724609375,350,1,168,2947915,2878.8232421875,2948223,2879.1240234375,2961535,2892.1240234375
9342,8.822265625,351,1,168,2947915,2878.8232421875,2948223,2879.1240234375,2961535,2892.1240234375
9356,8.8359375,350,1,168,2947915,2878.8232421875,2948223,2879.1240234375,2961535,2892.1240234375
9378,8.857421875,351,1,168,2947915,2878.8232421875,2948223,2879.1240234375,2961535,2892.1240234375
9438,8.916015625,350,1,168,2947915,2878.8232421875,2948223,2879.1240234375,2961535,2892.1240234375
9475,8.9521484375,351,1,168,2947915,2878.8232421875,2948223,2879.1240234375,2961535,2892.1240234375
9542,9.017578125,350,1,168,2947915,2878.8232421875,2948223,2879.1240234375,2961535,2892.1240234375
9635,9.1083984375,351,1,168,2947915,2878.8232421875,2948223,2879.1240234375,2961535,2892.1240234375
9658,9.130859375,350,1,168,2947915,2878.8232421875,2948223,2879.1240234375,2961535,2892.1240234375
9834,9.302734375,103,-1,168,2947915,2878.8232421875,2948223,2879.1240234375,2961535,2892.1240234375
9852,9.3203125,351,1,168,2947915,2878.8232421875,2948223,2879.1240234375,2961535,2892.1240234375
308,0.0,13,-1,169,2969878,2900.271484375,2970186,2900.572265625,2983498,2913.572265625
340,0.03125,350,0,169,2969878,2900.271484375,2970186,2900.572265625,2983498,2913.572265625
382,0.072265625,351,0,169,2969878,2900.271484375,2970186,2900.572265625,2983498,2913.572265625
1332,1.0,1,-1,169,2969878,2900.271484375,2970186,2900.572265625,2983498,2913.572265625
4653,4.2431640625,350,1,169,2969878,2900.271484375,2970186,2900.572265625,2983498,2913.572265625
4720,4.30859375,351,1,169,2969878,2900.271484375,2970186,2900.572265625,2983498,2913.572265625
8502,8.001953125,113,-1,169,2969878,2900.271484375,2970186,2900.572265625,2983498,2913.572265625
8542,8.041015625,350,0,169,2969878,2900.271484375,2970186,2900.572265625,2983498,2913.572265625
8609,8.1064453125,351,0,169,2969878,2900.271484375,2970186,2900.572265625,2983498,2913.572265625
8645,8.1416015625,350,0,169,2969878,2900.271484375,2970186,2900.572265625,2983498,2913.572265625
8667,8.1630859375,351,0,169,2969878,2900.271484375,2970186,2900.572265625,2983498,2913.572265625
8680,8.17578125,350,0,169,2969878,2900.271484375,2970186,2900.572265625,2983498,2913.572265625
8914,8.404296875,351,0,169,2969878,2900.271484375,2970186,2900.572265625,2983498,2913.572265625
8939,8.4287109375,350,0,169,2969878,2900.271484375,2970186,2900.572265625,2983498,2913.572265625
9289,8.7705078125,101,-1,169,2969878,2900.271484375,2970186,2900.572265625,2983498,2913.572265625
9348,8.828125,351,0,169,2969878,2900.271484375,2970186,2900.572265625,2983498,2913.572265625
308,0.0,13,-1,170,2991310,2921.201171875,2991618,2921.501953125,3004930,2934.501953125
1332,1.0,1,-1,170,2991310,2921.201171875,2991618,2921.501953125,3004930,2934.501953125
8503,8.0029296875,113,-1,170,2991310,2921.201171875,2991618,2921.501953125,3004930,2934.501953125
8768,8.26171875,350,0,170,2991310,2921.201171875,2991618,2921.501953125,3004930,2934.501953125
9017,8.5048828125,101,-1,170,2991310,2921.201171875,2991618,2921.501953125,3004930,2934.501953125
9058,8.544921875,351,0,170,2991310,2921.201171875,2991618,2921.501953125,3004930,2934.501953125
308,0.0,13,-1,171,3012457,2941.8525390625,3012765,2942.1533203125,3026077,2955.1533203125
1331,0.9990234375,1,-1,171,3012457,2941.8525390625,3012765,2942.1533203125,3026077,2955.1533203125
1600,1.26171875,350,0,171,3012457,2941.8525390625,3012765,2942.1533203125,3026077,2955.1533203125
1651,1.3115234375,351,0,171,3012457,2941.8525390625,3012765,2942.1533203125,3026077,2955.1533203125
1730,1.388671875,350,0,171,3012457,2941.8525390625,3012765,2942.1533203125,3026077,2955.1533203125
1769,1.4267578125,351,0,171,3012457,2941.8525390625,3012765,2942.1533203125,3026077,2955.1533203125
8320,7.82421875,350,0,171,3012457,2941.8525390625,3012765,2942.1533203125,3026077,2955.1533203125
8380,7.8828125,351,0,171,3012457,2941.8525390625,3012765,2942.1533203125,3026077,2955.1533203125
8420,7.921875,350,0,171,3012457,2941.8525390625,3012765,2942.1533203125,3026077,2955.1533203125
8463,7.9638671875,351,0,171,3012457,2941.8525390625,3012765,2942.1533203125,3026077,2955.1533203125
8490,7.990234375,350,0,171,3012457,2941.8525390625,3012765,2942.1533203125,3026077,2955.1533203125
8502,8.001953125,113,-1,171,3012457,2941.8525390625,3012765,2942.1533203125,3026077,2955.1533203125
8563,8.0615234375,351,0,171,3012457,2941.8525390625,3012765,2942.1533203125,3026077,2955.1533203125
8590,8.087890625,350,0,171,3012457,2941.8525390625,3012765,2942.1533203125,3026077,2955.1533203125
8672,8.16796875,351,0,171,3012457,2941.8525390625,3012765,2942.1533203125,3026077,2955.1533203125
8700,8.1953125,350,0,171,3012457,2941.8525390625,3012765,2942.1533203125,3026077,2955.1533203125
9086,8.572265625,101,-1,171,3012457,2941.8525390625,3012765,2942.1533203125,3026077,2955.1533203125
9095,8.5810546875,351,0,171,3012457,2941.8525390625,3012765,2942.1533203125,3026077,2955.1533203125
308,0.0,13,-1,172,3033673,2962.5712890625,3033981,2962.8720703125,3047293,2975.8720703125
1331,0.9990234375,1,-1,172,3033673,2962.5712890625,3033981,2962.8720703125,3047293,2975.8720703125
7479,7.0029296875,350,0,172,3033673,2962.5712890625,3033981,2962.8720703125,3047293,2975.8720703125
7540,7.0625,351,0,172,3033673,2962.5712890625,3033981,2962.8720703125,3047293,2975.8720703125
7643,7.1630859375,350,0,172,3033673,2962.5712890625,3033981,2962.8720703125,3047293,2975.8720703125
7688,7.20703125,351,0,172,3033673,2962.5712890625,3033981,2962.8720703125,3047293,2975.8720703125
7900,7.4140625,350,0,172,3033673,2962.5712890625,3033981,2962.8720703125,3047293,2975.8720703125
8004,7.515625,351,0,172,3033673,2962.5712890625,3033981,2962.8720703125,3047293,2975.8720703125
8066,7.576171875,350,0,172,3033673,2962.5712890625,3033981,2962.8720703125,3047293,2975.8720703125
8113,7.6220703125,351,0,172,3033673,2962.5712890625,3033981,2962.8720703125,3047293,2975.8720703125
8156,7.6640625,350,0,172,3033673,2962.5712890625,3033981,2962.8720703125,3047293,2975.8720703125
8199,7.7060546875,351,0,172,3033673,2962.5712890625,3033981,2962.8720703125,3047293,2975.8720703125
8298,7.802734375,350,0,172,3033673,2962.5712890625,3033981,2962.8720703125,3047293,2975.8720703125
8399,7.9013671875,351,0,172,3033673,2962.5712890625,3033981,2962.8720703125,3047293,2975.8720703125
8423,7.9248046875,350,0,172,3033673,2962.5712890625,3033981,2962.8720703125,3047293,2975.8720703125
8467,7.9677734375,351,0,172,3033673,2962.5712890625,3033981,2962.8720703125,3047293,2975.8720703125
8487,7.9873046875,350,0,172,3033673,2962.5712890625,3033981,2962.8720703125,3047293,2975.8720703125
8502,8.001953125,113,-1,172,3033673,2962.5712890625,3033981,2962.8720703125,3047293,2975.8720703125
8581,8.0791015625,351,0,172,3033673,2962.5712890625,3033981,2962.8720703125,3047293,2975.8720703125
8595,8.0927734375,350,0,172,3033673,2962.5712890625,3033981,2962.8720703125,3047293,2975.8720703125
8625,8.1220703125,351,0,172,3033673,2962.5712890625,3033981,2962.8720703125,3047293,2975.8720703125
8667,8.1630859375,350,0,172,3033673,2962.5712890625,3033981,2962.8720703125,3047293,2975.8720703125
8934,8.423828125,101,-1,172,3033673,2962.5712890625,3033981,2962.8720703125,3047293,2975.8720703125
8962,8.451171875,351,0,172,3033673,2962.5712890625,3033981,2962.8720703125,3047293,2975.8720703125
308,0.0,16,-1,173,3054751,2983.1552734375,3055059,2983.4560546875,3068371,2996.4560546875
1332,1.0,1,-1,173,3054751,2983.1552734375,3055059,2983.4560546875,3068371,2996.4560546875
8503,8.0029296875,116,-1,173,3054751,2983.1552734375,3055059,2983.4560546875,3068371,2996.4560546875
8708,8.203125,350,1,173,3054751,2983.1552734375,3055059,2983.4560546875,3068371,2996.4560546875
8753,8.2470703125,351,1,173,3054751,2983.1552734375,3055059,2983.4560546875,3068371,2996.4560546875
8861,8.3525390625,350,1,173,3054751,2983.1552734375,3055059,2983.4560546875,3068371,2996.4560546875
9044,8.53125,350,0,173,3054751,2983.1552734375,3055059,2983.4560546875,3068371,2996.4560546875
9086,8.572265625,103,-1,173,3054751,2983.1552734375,3055059,2983.4560546875,3068371,2996.4560546875
9097,8.5830078125,351,1,173,3054751,2983.1552734375,3055059,2983.4560546875,3068371,2996.4560546875
9106,8.591796875,351,0,173,3054751,2983.1552734375,3055059,2983.4560546875,3068371,2996.4560546875
308,0.0,13,-1,174,3075960,3003.8671875,3076268,3004.16796875,3089580,3017.16796875
1333,1.0009765625,1,-1,174,3075960,3003.8671875,3076268,3004.16796875,3089580,3017.16796875
5726,5.291015625,350,0,174,3075960,3003.8671875,3076268,3004.16796875,3089580,3017.16796875
5742,5.306640625,351,0,174,3075960,3003.8671875,3076268,3004.16796875,3089580,3017.16796875
8501,8.0009765625,113,-1,174,3075960,3003.8671875,3076268,3004.16796875,3089580,3017.16796875
8645,8.1416015625,350,0,174,3075960,3003.8671875,3076268,3004.16796875,3089580,3017.16796875
8677,8.1728515625,351,0,174,3075960,3003.8671875,3076268,3004.16796875,3089580,3017.16796875
8764,8.2578125,350,0,174,3075960,3003.8671875,3076268,3004.16796875,3089580,3017.16796875
8834,8.326171875,351,0,174,3075960,3003.8671875,3076268,3004.16796875,3089580,3017.16796875
8858,8.349609375,350,0,174,3075960,3003.8671875,3076268,3004.16796875,3089580,3017.16796875
8905,8.3955078125,351,0,174,3075960,3003.8671875,3076268,3004.16796875,3089580,3017.16796875
8931,8.4208984375,350,0,174,3075960,3003.8671875,3076268,3004.16796875,3089580,3017.16796875
9212,8.6953125,101,-1,174,3075960,3003.8671875,3076268,3004.16796875,3089580,3017.16796875
9266,8.748046875,351,0,174,3075960,3003.8671875,3076268,3004.16796875,3089580,3017.16796875
308,0.0,16,-1,175,3097294,3024.701171875,3097602,3025.001953125,3110914,3038.001953125
1123,0.7958984375,350,1,175,3097294,3024.701171875,3097602,3025.001953125,3110914,3038.001953125
1181,0.8525390625,351,1,175,3097294,3024.701171875,3097602,3025.001953125,3110914,3038.001953125
1332,1.0,1,-1,175,3097294,3024.701171875,3097602,3025.001953125,3110914,3038.001953125
7590,7.111328125,350,1,175,3097294,3024.701171875,3097602,3025.001953125,3110914,3038.001953125
7616,7.13671875,351,1,175,3097294,3024.701171875,3097602,3025.001953125,3110914,3038.001953125
7759,7.2763671875,350,1,175,3097294,3024.701171875,3097602,3025.001953125,3110914,3038.001953125
7775,7.2919921875,351,1,175,3097294,3024.701171875,3097602,3025.001953125,3110914,3038.001953125
8502,8.001953125,116,-1,175,3097294,3024.701171875,3097602,3025.001953125,3110914,3038.001953125
8923,8.4130859375,350,1,175,3097294,3024.701171875,3097602,3025.001953125,3110914,3038.001953125
9141,8.6259765625,103,-1,175,3097294,3024.701171875,3097602,3025.001953125,3110914,3038.001953125
9166,8.650390625,351,1,175,3097294,3024.701171875,3097602,3025.001953125,3110914,3038.001953125
308,0.0,13,-1,176,3118566,3045.474609375,3118874,3045.775390625,3132186,3058.775390625
872,0.55078125,350,0,176,3118566,3045.474609375,3118874,3045.775390625,3132186,3058.775390625
950,0.626953125,351,0,176,3118566,3045.474609375,3118874,3045.775390625,3132186,3058.775390625
1332,1.0,1,-1,176,3118566,3045.474609375,3118874,3045.775390625,3132186,3058.775390625
1388,1.0546875,350,0,176,3118566,3045.474609375,3118874,3045.775390625,3132186,3058.775390625
1410,1.076171875,351,0,176,3118566,3045.474609375,3118874,3045.775390625,3132186,3058.775390625
1433,1.0986328125,350,0,176,3118566,3045.474609375,3118874,3045.775390625,3132186,3058.775390625
1476,1.140625,351,0,176,3118566,3045.474609375,3118874,3045.775390625,3132186,3058.775390625
8354,7.857421875,350,0,176,3118566,3045.474609375,3118874,3045.775390625,3132186,3058.775390625
8439,7.9404296875,351,0,176,3118566,3045.474609375,3118874,3045.775390625,3132186,3058.775390625
8503,8.0029296875,113,-1,176,3118566,3045.474609375,3118874,3045.775390625,3132186,3058.775390625
8784,8.27734375,350,0,176,3118566,3045.474609375,3118874,3045.775390625,3132186,3058.775390625
8933,8.4228515625,101,-1,176,3118566,3045.474609375,3118874,3045.775390625,3132186,3058.775390625
8940,8.4296875,351,0,176,3118566,3045.474609375,3118874,3045.775390625,3132186,3058.775390625
308,0.0,16,-1,177,3139630,3066.044921875,3139938,3066.345703125,3153250,3079.345703125
1329,0.9970703125,1,-1,177,3139630,3066.044921875,3139938,3066.345703125,3153250,3079.345703125
2475,2.1162109375,350,1,177,3139630,3066.044921875,3139938,3066.345703125,3153250,3079.345703125
2556,2.1953125,351,1,177,3139630,3066.044921875,3139938,3066.345703125,3153250,3079.345703125
2578,2.216796875,350,1,177,3139630,3066.044921875,3139938,3066.345703125,3153250,3079.345703125
2635,2.2724609375,351,1,177,3139630,3066.044921875,3139938,3066.345703125,3153250,3079.345703125
7904,7.41796875,350,0,177,3139630,3066.044921875,3139938,3066.345703125,3153250,3079.345703125
7984,7.49609375,351,0,177,3139630,3066.044921875,3139938,3066.345703125,3153250,3079.345703125
8046,7.556640625,350,0,177,3139630,3066.044921875,3139938,3066.345703125,3153250,3079.345703125
8117,7.6259765625,351,0,177,3139630,3066.044921875,3139938,3066.345703125,3153250,3079.345703125
8167,7.6748046875,350,0,177,3139630,3066.044921875,3139938,3066.345703125,3153250,3079.345703125
8211,7.7177734375,351,0,177,3139630,3066.044921875,3139938,3066.345703125,3153250,3079.345703125
8266,7.771484375,350,0,177,3139630,3066.044921875,3139938,3066.345703125,3153250,3079.345703125
8320,7.82421875,351,0,177,3139630,3066.044921875,3139938,3066.345703125,3153250,3079.345703125
8379,7.8818359375,350,0,177,3139630,3066.044921875,3139938,3066.345703125,3153250,3079.345703125
8412,7.9140625,351,0,177,3139630,3066.044921875,3139938,3066.345703125,3153250,3079.345703125
8467,7.9677734375,350,0,177,3139630,3066.044921875,3139938,3066.345703125,3153250,3079.345703125
8500,8.0,116,-1,177,3139630,3066.044921875,3139938,3066.345703125,3153250,3079.345703125
8511,8.0107421875,351,0,177,3139630,3066.044921875,3139938,3066.345703125,3153250,3079.345703125
8550,8.048828125,350,0,177,3139630,3066.044921875,3139938,3066.345703125,3153250,3079.345703125
8621,8.1181640625,351,0,177,3139630,3066.044921875,3139938,3066.345703125,3153250,3079.345703125
8692,8.1875,350,0,177,3139630,3066.044921875,3139938,3066.345703125,3153250,3079.345703125
8712,8.20703125,351,0,177,3139630,3066.044921875,3139938,3066.345703125,3153250,3079.345703125
8760,8.25390625,350,0,177,3139630,3066.044921875,3139938,3066.345703125,3153250,3079.345703125
8819,8.3115234375,351,0,177,3139630,3066.044921875,3139938,3066.345703125,3153250,3079.345703125
8871,8.3623046875,350,0,177,3139630,3066.044921875,3139938,3066.345703125,3153250,3079.345703125
8941,8.4306640625,351,0,177,3139630,3066.044921875,3139938,3066.345703125,3153250,3079.345703125
9132,8.6171875,350,1,177,3139630,3066.044921875,3139938,3066.345703125,3153250,3079.345703125
9171,8.6552734375,350,0,177,3139630,3066.044921875,3139938,3066.345703125,3153250,3079.345703125
9233,8.7158203125,351,0,177,3139630,3066.044921875,3139938,3066.345703125,3153250,3079.345703125
9343,8.8232421875,103,-1,177,3139630,3066.044921875,3139938,3066.345703125,3153250,3079.345703125
9374,8.853515625,351,1,177,3139630,3066.044921875,3139938,3066.345703125,3153250,3079.345703125
308,0.0,13,-1,178,3161103,3087.0146484375,3161411,3087.3154296875,3174723,3100.3154296875
1333,1.0009765625,1,-1,178,3161103,3087.0146484375,3161411,3087.3154296875,3174723,3100.3154296875
7919,7.4326171875,350,0,178,3161103,3087.0146484375,3161411,3087.3154296875,3174723,3100.3154296875
8011,7.5224609375,351,0,178,3161103,3087.0146484375,3161411,3087.3154296875,3174723,3100.3154296875
8039,7.5498046875,350,0,178,3161103,3087.0146484375,3161411,3087.3154296875,3174723,3100.3154296875
8074,7.583984375,351,0,178,3161103,3087.0146484375,3161411,3087.3154296875,3174723,3100.3154296875
8438,7.939453125,350,0,178,3161103,3087.0146484375,3161411,3087.3154296875,3174723,3100.3154296875
8498,7.998046875,351,0,178,3161103,3087.0146484375,3161411,3087.3154296875,3174723,3100.3154296875
8502,8.001953125,113,-1,178,3161103,3087.0146484375,3161411,3087.3154296875,3174723,3100.3154296875
8522,8.021484375,350,0,178,3161103,3087.0146484375,3161411,3087.3154296875,3174723,3100.3154296875
8564,8.0625,351,0,178,3161103,3087.0146484375,3161411,3087.3154296875,3174723,3100.3154296875
8577,8.0751953125,350,0,178,3161103,3087.0146484375,3161411,3087.3154296875,3174723,3100.3154296875
8612,8.109375,351,0,178,3161103,3087.0146484375,3161411,3087.3154296875,3174723,3100.3154296875
8630,8.126953125,350,0,178,3161103,3087.0146484375,3161411,3087.3154296875,3174723,3100.3154296875
8714,8.208984375,351,0,178,3161103,3087.0146484375,3161411,3087.3154296875,3174723,3100.3154296875
8733,8.2275390625,350,0,178,3161103,3087.0146484375,3161411,3087.3154296875,3174723,3100.3154296875
8933,8.4228515625,101,-1,178,3161103,3087.0146484375,3161411,3087.3154296875,3174723,3100.3154296875
8976,8.46484375,351,0,178,3161103,3087.0146484375,3161411,3087.3154296875,3174723,3100.3154296875
308,0.0,16,-1,179,3182170,3107.587890625,3182478,3107.888671875,3195790,3120.888671875
1331,0.9990234375,1,-1,179,3182170,3107.587890625,3182478,3107.888671875,3195790,3120.888671875
8034,7.544921875,350,1,179,3182170,3107.587890625,3182478,3107.888671875,3195790,3120.888671875
8079,7.5888671875,351,1,179,3182170,3107.587890625,3182478,3107.888671875,3195790,3120.888671875
8258,7.763671875,350,1,179,3182170,3107.587890625,3182478,3107.888671875,3195790,3120.888671875
8303,7.8076171875,351,1,179,3182170,3107.587890625,3182478,3107.888671875,3195790,3120.888671875
8339,7.8427734375,350,1,179,3182170,3107.587890625,3182478,3107.888671875,3195790,3120.888671875
8382,7.884765625,351,1,179,3182170,3107.587890625,3182478,3107.888671875,3195790,3120.888671875
8459,7.9599609375,350,1,179,3182170,3107.587890625,3182478,3107.888671875,3195790,3120.888671875
8501,8.0009765625,351,1,179,3182170,3107.587890625,3182478,3107.888671875,3195790,3120.888671875
8502,8.001953125,116,-1,179,3182170,3107.587890625,3182478,3107.888671875,3195790,3120.888671875
8686,8.181640625,350,1,179,3182170,3107.587890625,3182478,3107.888671875,3195790,3120.888671875
8720,8.21484375,351,1,179,3182170,3107.587890625,3182478,3107.888671875,3195790,3120.888671875
8818,8.310546875,350,1,179,3182170,3107.587890625,3182478,3107.888671875,3195790,3120.888671875
8885,8.3759765625,351,1,179,3182170,3107.587890625,3182478,3107.888671875,3195790,3120.888671875
8906,8.396484375,350,1,179,3182170,3107.587890625,3182478,3107.888671875,3195790,3120.888671875
9078,8.564453125,103,-1,179,3182170,3107.587890625,3182478,3107.888671875,3195790,3120.888671875
9120,8.60546875,351,1,179,3182170,3107.587890625,3182478,3107.888671875,3195790,3120.888671875
308,0.0,13,-1,180,3216113,3140.7353515625,3216421,3141.0361328125,3229733,3154.0361328125
1332,1.0,1,-1,180,3216113,3140.7353515625,3216421,3141.0361328125,3229733,3154.0361328125
8502,8.001953125,113,-1,180,3216113,3140.7353515625,3216421,3141.0361328125,3229733,3154.0361328125
8690,8.185546875,350,0,180,3216113,3140.7353515625,3216421,3141.0361328125,3229733,3154.0361328125
8924,8.4140625,351,0,180,3216113,3140.7353515625,3216421,3141.0361328125,3229733,3154.0361328125
8926,8.416015625,101,-1,180,3216113,3140.7353515625,3216421,3141.0361328125,3229733,3154.0361328125
308,0.0,13,-1,181,3237144,3161.2734375,3237452,3161.57421875,3250764,3174.57421875
1332,1.0,1,-1,181,3237144,3161.2734375,3237452,3161.57421875,3250764,3174.57421875
2059,1.7099609375,350,0,181,3237144,3161.2734375,3237452,3161.57421875,3250764,3174.57421875
2130,1.779296875,351,0,181,3237144,3161.2734375,3237452,3161.57421875,3250764,3174.57421875
8503,8.0029296875,113,-1,181,3237144,3161.2734375,3237452,3161.57421875,3250764,3174.57421875
9558,9.033203125,350,0,181,3237144,3161.2734375,3237452,3161.57421875,3250764,3174.57421875
9775,9.2451171875,101,-1,181,3237144,3161.2734375,3237452,3161.57421875,3250764,3174.57421875
9810,9.279296875,351,0,181,3237144,3161.2734375,3237452,3161.57421875,3250764,3174.57421875
308,0.0,16,-1,182,3259059,3182.6748046875,3259367,3182.9755859375,3272679,3195.9755859375
1332,1.0,1,-1,182,3259059,3182.6748046875,3259367,3182.9755859375,3272679,3195.9755859375
1494,1.158203125,350,1,182,3259059,3182.6748046875,3259367,3182.9755859375,3272679,3195.9755859375
1512,1.17578125,351,1,182,3259059,3182.6748046875,3259367,3182.9755859375,3272679,3195.9755859375
3654,3.267578125,350,1,182,3259059,3182.6748046875,3259367,3182.9755859375,3272679,3195.9755859375
3722,3.333984375,351,1,182,3259059,3182.6748046875,3259367,3182.9755859375,3272679,3195.9755859375
7475,6.9990234375,350,1,182,3259059,3182.6748046875,3259367,3182.9755859375,3272679,3195.9755859375
7527,7.0498046875,351,1,182,3259059,3182.6748046875,3259367,3182.9755859375,3272679,3195.9755859375
7983,7.4951171875,350,1,182,3259059,3182.6748046875,3259367,3182.9755859375,3272679,3195.9755859375
8051,7.5615234375,351,1,182,3259059,3182.6748046875,3259367,3182.9755859375,3272679,3195.9755859375
8231,7.7373046875,350,1,182,3259059,3182.6748046875,3259367,3182.9755859375,3272679,3195.9755859375
8268,7.7734375,351,1,182,3259059,3182.6748046875,3259367,3182.9755859375,3272679,3195.9755859375
8501,8.0009765625,116,-1,182,3259059,3182.6748046875,3259367,3182.9755859375,3272679,3195.9755859375
8715,8.2099609375,350,1,182,3259059,3182.6748046875,3259367,3182.9755859375,3272679,3195.9755859375
8937,8.4267578125,103,-1,182,3259059,3182.6748046875,3259367,3182.9755859375,3272679,3195.9755859375
8947,8.4365234375,351,1,182,3259059,3182.6748046875,3259367,3182.9755859375,3272679,3195.9755859375
308,0.0,13,-1,183,3280123,3203.2451171875,3280431,3203.5458984375,3293743,3216.5458984375
1332,1.0,1,-1,183,3280123,3203.2451171875,3280431,3203.5458984375,3293743,3216.5458984375
8291,7.7958984375,350,0,183,3280123,3203.2451171875,3280431,3203.5458984375,3293743,3216.5458984375
8357,7.8603515625,351,0,183,3280123,3203.2451171875,3280431,3203.5458984375,3293743,3216.5458984375
8501,8.0009765625,113,-1,183,3280123,3203.2451171875,3280431,3203.5458984375,3293743,3216.5458984375
8595,8.0927734375,350,0,183,3280123,3203.2451171875,3280431,3203.5458984375,3293743,3216.5458984375
8661,8.1572265625,351,0,183,3280123,3203.2451171875,3280431,3203.5458984375,3293743,3216.5458984375
8675,8.1708984375,350,0,183,3280123,3203.2451171875,3280431,3203.5458984375,3293743,3216.5458984375
8876,8.3671875,101,-1,183,3280123,3203.2451171875,3280431,3203.5458984375,3293743,3216.5458984375
8891,8.3818359375,351,0,183,3280123,3203.2451171875,3280431,3203.5458984375,3293743,3216.5458984375
308,0.0,16,-1,184,3301122,3223.751953125,3301430,3224.052734375,3314742,3237.052734375
1331,0.9990234375,1,-1,184,3301122,3223.751953125,3301430,3224.052734375,3314742,3237.052734375
4209,3.8095703125,350,1,184,3301122,3223.751953125,3301430,3224.052734375,3314742,3237.052734375
4226,3.826171875,351,1,184,3301122,3223.751953125,3301430,3224.052734375,3314742,3237.052734375
7313,6.8408203125,350,1,184,3301122,3223.751953125,3301430,3224.052734375,3314742,3237.052734375
7327,6.8544921875,351,1,184,3301122,3223.751953125,3301430,3224.052734375,3314742,3237.052734375
8502,8.001953125,116,-1,184,3301122,3223.751953125,3301430,3224.052734375,3314742,3237.052734375
8791,8.2841796875,350,1,184,3301122,3223.751953125,3301430,3224.052734375,3314742,3237.052734375
8914,8.404296875,103,-1,184,3301122,3223.751953125,3301430,3224.052734375,3314742,3237.052734375
8950,8.439453125,351,1,184,3301122,3223.751953125,3301430,3224.052734375,3314742,3237.052734375
308,0.0,16,-1,185,3322166,3244.302734375,3322474,3244.603515625,3335786,3257.603515625
1331,0.9990234375,1,-1,185,3322166,3244.302734375,3322474,3244.603515625,3335786,3257.603515625
8501,8.0009765625,116,-1,185,3322166,3244.302734375,3322474,3244.603515625,3335786,3257.603515625
8819,8.3115234375,350,1,185,3322166,3244.302734375,3322474,3244.603515625,3335786,3257.603515625
8987,8.4755859375,103,-1,185,3322166,3244.302734375,3322474,3244.603515625,3335786,3257.603515625
8989,8.4775390625,351,1,185,3322166,3244.302734375,3322474,3244.603515625,3335786,3257.603515625
308,0.0,16,-1,186,3343284,3264.92578125,3343592,3265.2265625,3356904,3278.2265625
1330,0.998046875,1,-1,186,3343284,3264.92578125,3343592,3265.2265625,3356904,3278.2265625
5649,5.2158203125,350,1,186,3343284,3264.92578125,3343592,3265.2265625,3356904,3278.2265625
5678,5.244140625,351,1,186,3343284,3264.92578125,3343592,3265.2265625,3356904,3278.2265625
8324,7.828125,350,1,186,3343284,3264.92578125,3343592,3265.2265625,3356904,3278.2265625
8340,7.84375,351,1,186,3343284,3264.92578125,3343592,3265.2265625,3356904,3278.2265625
8500,8.0,116,-1,186,3343284,3264.92578125,3343592,3265.2265625,3356904,3278.2265625
8530,8.029296875,350,1,186,3343284,3264.92578125,3343592,3265.2265625,3356904,3278.2265625
8563,8.0615234375,351,1,186,3343284,3264.92578125,3343592,3265.2265625,3356904,3278.2265625
8691,8.1865234375,350,1,186,3343284,3264.92578125,3343592,3265.2265625,3356904,3278.2265625
8706,8.201171875,351,1,186,3343284,3264.92578125,3343592,3265.2265625,3356904,3278.2265625
8806,8.298828125,350,1,186,3343284,3264.92578125,3343592,3265.2265625,3356904,3278.2265625
8998,8.486328125,103,-1,186,3343284,3264.92578125,3343592,3265.2265625,3356904,3278.2265625
9017,8.5048828125,351,1,186,3343284,3264.92578125,3343592,3265.2265625,3356904,3278.2265625
308,0.0,13,-1,187,3364414,3285.560546875,3364722,3285.861328125,3378034,3298.861328125
1009,0.6845703125,350,0,187,3364414,3285.560546875,3364722,3285.861328125,3378034,3298.861328125
1024,0.69921875,351,0,187,3364414,3285.560546875,3364722,3285.861328125,3378034,3298.861328125
1051,0.7255859375,350,0,187,3364414,3285.560546875,3364722,3285.861328125,3378034,3298.861328125
1081,0.7548828125,351,0,187,3364414,3285.560546875,3364722,3285.861328125,3378034,3298.861328125
1332,1.0,1,-1,187,3364414,3285.560546875,3364722,3285.861328125,3378034,3298.861328125
7455,6.9794921875,350,0,187,3364414,3285.560546875,3364722,3285.861328125,3378034,3298.861328125
7470,6.994140625,351,0,187,3364414,3285.560546875,3364722,3285.861328125,3378034,3298.861328125
8447,7.9482421875,350,0,187,3364414,3285.560546875,3364722,3285.861328125,3378034,3298.861328125
8460,7.9609375,351,0,187,3364414,3285.560546875,3364722,3285.861328125,3378034,3298.861328125
8481,7.9814453125,350,0,187,3364414,3285.560546875,3364722,3285.861328125,3378034,3298.861328125
8503,8.0029296875,113,-1,187,3364414,3285.560546875,3364722,3285.861328125,3378034,3298.861328125
8533,8.0322265625,351,0,187,3364414,3285.560546875,3364722,3285.861328125,3378034,3298.861328125
8730,8.224609375,350,0,187,3364414,3285.560546875,3364722,3285.861328125,3378034,3298.861328125
8927,8.4169921875,101,-1,187,3364414,3285.560546875,3364722,3285.861328125,3378034,3298.861328125
8985,8.4736328125,351,0,187,3364414,3285.560546875,3364722,3285.861328125,3378034,3298.861328125
308,0.0,13,-1,188,3385468,3306.12109375,3385776,3306.421875,3399088,3319.421875
1333,1.0009765625,1,-1,188,3385468,3306.12109375,3385776,3306.421875,3399088,3319.421875
6177,5.7314453125,350,1,188,3385468,3306.12109375,3385776,3306.421875,3399088,3319.421875
6190,5.744140625,351,1,188,3385468,3306.12109375,3385776,3306.421875,3399088,3319.421875
8218,7.724609375,350,0,188,3385468,3306.12109375,3385776,3306.421875,3399088,3319.421875
8275,7.7802734375,351,0,188,3385468,3306.12109375,3385776,3306.421875,3399088,3319.421875
8300,7.8046875,350,0,188,3385468,3306.12109375,3385776,3306.421875,3399088,3319.421875
8342,7.845703125,351,0,188,3385468,3306.12109375,3385776,3306.421875,3399088,3319.421875
8374,7.876953125,350,0,188,3385468,3306.12109375,3385776,3306.421875,3399088,3319.421875
8412,7.9140625,351,0,188,3385468,3306.12109375,3385776,3306.421875,3399088,3319.421875
8479,7.9794921875,350,0,188,3385468,3306.12109375,3385776,3306.421875,3399088,3319.421875
8503,8.0029296875,113,-1,188,3385468,3306.12109375,3385776,3306.421875,3399088,3319.421875
8544,8.04296875,351,0,188,3385468,3306.12109375,3385776,3306.421875,3399088,3319.421875
8636,8.1328125,350,0,188,3385468,3306.12109375,3385776,3306.421875,3399088,3319.421875
8746,8.240234375,351,0,188,3385468,3306.12109375,3385776,3306.421875,3399088,3319.421875
8769,8.2626953125,350,0,188,3385468,3306.12109375,3385776,3306.421875,3399088,3319.421875
8903,8.3935546875,101,-1,188,3385468,3306.12109375,3385776,3306.421875,3399088,3319.421875
8988,8.4765625,351,0,188,3385468,3306.12109375,3385776,3306.421875,3399088,3319.421875
308,0.0,13,-1,189,3406502,3326.662109375,3406810,3326.962890625,3420122,3339.962890625
1331,0.9990234375,1,-1,189,3406502,3326.662109375,3406810,3326.962890625,3420122,3339.962890625
8501,8.0009765625,113,-1,189,3406502,3326.662109375,3406810,3326.962890625,3420122,3339.962890625
8539,8.0380859375,350,0,189,3406502,3326.662109375,3406810,3326.962890625,3420122,3339.962890625
8598,8.095703125,351,0,189,3406502,3326.662109375,3406810,3326.962890625,3420122,3339.962890625
8619,8.1162109375,350,0,189,3406502,3326.662109375,3406810,3326.962890625,3420122,3339.962890625
8697,8.1923828125,351,0,189,3406502,3326.662109375,3406810,3326.962890625,3420122,3339.962890625
8711,8.2060546875,350,0,189,3406502,3326.662109375,3406810,3326.962890625,3420122,3339.962890625
8962,8.451171875,101,-1,189,3406502,3326.662109375,3406810,3326.962890625,3420122,3339.962890625
8990,8.478515625,351,0,189,3406502,3326.662109375,3406810,3326.962890625,3420122,3339.962890625
308,0.0,16,-1,190,3427586,3347.251953125,3427894,3347.552734375,3441206,3360.552734375
1331,0.9990234375,1,-1,190,3427586,3347.251953125,3427894,3347.552734375,3441206,3360.552734375
3555,3.1708984375,350,0,190,3427586,3347.251953125,3427894,3347.552734375,3441206,3360.552734375
3594,3.208984375,351,0,190,3427586,3347.251953125,3427894,3347.552734375,3441206,3360.552734375
8502,8.001953125,116,-1,190,3427586,3347.251953125,3427894,3347.552734375,3441206,3360.552734375
8851,8.3427734375,350,1,190,3427586,3347.251953125,3427894,3347.552734375,3441206,3360.552734375
9039,8.5263671875,103,-1,190,3427586,3347.251953125,3427894,3347.552734375,3441206,3360.552734375
9083,8.5693359375,351,1,190,3427586,3347.251953125,3427894,3347.552734375,3441206,3360.552734375
308,0.0,16,-1,191,3448742,3367.912109375,3449050,3368.212890625,3462362,3381.212890625
1331,0.9990234375,1,-1,191,3448742,3367.912109375,3449050,3368.212890625,3462362,3381.212890625
8502,8.001953125,116,-1,191,3448742,3367.912109375,3449050,3368.212890625,3462362,3381.212890625
8967,8.4560546875,350,1,191,3448742,3367.912109375,3449050,3368.212890625,3462362,3381.212890625
9274,8.755859375,103,-1,191,3448742,3367.912109375,3449050,3368.212890625,3462362,3381.212890625
9282,8.763671875,351,1,191,3448742,3367.912109375,3449050,3368.212890625,3462362,3381.212890625
308,0.0,16,-1,192,3470142,3388.810546875,3470450,3389.111328125,3483762,3402.111328125
1332,1.0,1,-1,192,3470142,3388.810546875,3470450,3389.111328125,3483762,3402.111328125
1646,1.306640625,350,1,192,3470142,3388.810546875,3470450,3389.111328125,3483762,3402.111328125
1688,1.34765625,351,1,192,3470142,3388.810546875,3470450,3389.111328125,3483762,3402.111328125
2397,2.0400390625,350,1,192,3470142,3388.810546875,3470450,3389.111328125,3483762,3402.111328125
2431,2.0732421875,351,1,192,3470142,3388.810546875,3470450,3389.111328125,3483762,3402.111328125
3502,3.119140625,350,0,192,3470142,3388.810546875,3470450,3389.111328125,3483762,3402.111328125
3562,3.177734375,351,0,192,3470142,3388.810546875,3470450,3389.111328125,3483762,3402.111328125
8503,8.0029296875,116,-1,192,3470142,3388.810546875,3470450,3389.111328125,3483762,3402.111328125
8645,8.1416015625,350,1,192,3470142,3388.810546875,3470450,3389.111328125,3483762,3402.111328125
8661,8.1572265625,351,1,192,3470142,3388.810546875,3470450,3389.111328125,3483762,3402.111328125
8781,8.2744140625,350,1,192,3470142,3388.810546875,3470450,3389.111328125,3483762,3402.111328125
8872,8.36328125,351,1,192,3470142,3388.810546875,3470450,3389.111328125,3483762,3402.111328125
8981,8.4697265625,350,1,192,3470142,3388.810546875,3470450,3389.111328125,3483762,3402.111328125
9145,8.6298828125,103,-1,192,3470142,3388.810546875,3470450,3389.111328125,3483762,3402.111328125
9192,8.67578125,351,1,192,3470142,3388.810546875,3470450,3389.111328125,3483762,3402.111328125
308,0.0,16,-1,193,3491416,3409.5859375,3491724,3409.88671875,3505036,3422.88671875
895,0.5732421875,350,0,193,3491416,3409.5859375,3491724,3409.88671875,3505036,3422.88671875
923,0.6005859375,351,0,193,3491416,3409.5859375,3491724,3409.88671875,3505036,3422.88671875
997,0.6728515625,350,0,193,3491416,3409.5859375,3491724,3409.88671875,3505036,3422.88671875
1049,0.7236328125,351,0,193,3491416,3409.5859375,3491724,3409.88671875,3505036,3422.88671875
1095,0.7685546875,350,0,193,3491416,3409.5859375,3491724,3409.88671875,3505036,3422.88671875
1154,0.826171875,351,0,193,3491416,3409.5859375,3491724,3409.88671875,3505036,3422.88671875
1234,0.904296875,350,0,193,3491416,3409.5859375,3491724,3409.88671875,3505036,3422.88671875
1293,0.9619140625,351,0,193,3491416,3409.5859375,3491724,3409.88671875,3505036,3422.88671875
1329,0.9970703125,1,-1,193,3491416,3409.5859375,3491724,3409.88671875,3505036,3422.88671875
1348,1.015625,350,0,193,3491416,3409.5859375,3491724,3409.88671875,3505036,3422.88671875
1409,1.0751953125,351,0,193,3491416,3409.5859375,3491724,3409.88671875,3505036,3422.88671875
4923,4.5068359375,350,0,193,3491416,3409.5859375,3491724,3409.88671875,3505036,3422.88671875
4940,4.5234375,351,0,193,3491416,3409.5859375,3491724,3409.88671875,3505036,3422.88671875
8501,8.0009765625,116,-1,193,3491416,3409.5859375,3491724,3409.88671875,3505036,3422.88671875
8699,8.1943359375,350,1,193,3491416,3409.5859375,3491724,3409.88671875,3505036,3422.88671875
8750,8.244140625,351,1,193,3491416,3409.5859375,3491724,3409.88671875,3505036,3422.88671875
8829,8.3212890625,350,1,193,3491416,3409.5859375,3491724,3409.88671875,3505036,3422.88671875
8851,8.3427734375,351,1,193,3491416,3409.5859375,3491724,3409.88671875,3505036,3422.88671875
9053,8.5400390625,350,1,193,3491416,3409.5859375,3491724,3409.88671875,3505036,3422.88671875
9081,8.5673828125,351,1,193,3491416,3409.5859375,3491724,3409.88671875,3505036,3422.88671875
9154,8.638671875,350,1,193,3491416,3409.5859375,3491724,3409.88671875,3505036,3422.88671875
9182,8.666015625,351,1,193,3491416,3409.5859375,3491724,3409.88671875,3505036,3422.88671875
9229,8.7119140625,350,1,193,3491416,3409.5859375,3491724,3409.88671875,3505036,3422.88671875
9446,8.923828125,103,-1,193,3491416,3409.5859375,3491724,3409.88671875,3505036,3422.88671875
9492,8.96875,351,1,193,3491416,3409.5859375,3491724,3409.88671875,3505036,3422.88671875
308,0.0,13,-1,194,3512990,3430.654296875,3513298,3430.955078125,3526610,3443.955078125
1331,0.9990234375,1,-1,194,3512990,3430.654296875,3513298,3430.955078125,3526610,3443.955078125
1813,1.4697265625,350,0,194,3512990,3430.654296875,3513298,3430.955078125,3526610,3443.955078125
1875,1.5302734375,351,0,194,3512990,3430.654296875,3513298,3430.955078125,3526610,3443.955078125
8417,7.9189453125,350,0,194,3512990,3430.654296875,3513298,3430.955078125,3526610,3443.955078125
8501,8.0009765625,113,-1,194,3512990,3430.654296875,3513298,3430.955078125,3526610,3443.955078125
8960,8.44921875,101,-1,194,3512990,3430.654296875,3513298,3430.955078125,3526610,3443.955078125
9002,8.490234375,351,0,194,3512990,3430.654296875,3513298,3430.955078125,3526610,3443.955078125
308,0.0,13,-1,195,3534065,3451.2353515625,3534373,3451.5361328125,3547685,3464.5361328125
1332,1.0,1,-1,195,3534065,3451.2353515625,3534373,3451.5361328125,3547685,3464.5361328125
4082,3.685546875,350,0,195,3534065,3451.2353515625,3534373,3451.5361328125,3547685,3464.5361328125
4123,3.7255859375,351,0,195,3534065,3451.2353515625,3534373,3451.5361328125,3547685,3464.5361328125
7934,7.447265625,350,0,195,3534065,3451.2353515625,3534373,3451.5361328125,3547685,3464.5361328125
8049,7.5595703125,351,0,195,3534065,3451.2353515625,3534373,3451.5361328125,3547685,3464.5361328125
8087,7.5966796875,350,0,195,3534065,3451.2353515625,3534373,3451.5361328125,3547685,3464.5361328125
8141,7.6494140625,351,0,195,3534065,3451.2353515625,3534373,3451.5361328125,3547685,3464.5361328125
8157,7.6650390625,350,0,195,3534065,3451.2353515625,3534373,3451.5361328125,3547685,3464.5361328125
8249,7.7548828125,351,0,195,3534065,3451.2353515625,3534373,3451.5361328125,3547685,3464.5361328125
8280,7.78515625,350,0,195,3534065,3451.2353515625,3534373,3451.5361328125,3547685,3464.5361328125
8502,8.001953125,113,-1,195,3534065,3451.2353515625,3534373,3451.5361328125,3547685,3464.5361328125
8548,8.046875,351,0,195,3534065,3451.2353515625,3534373,3451.5361328125,3547685,3464.5361328125
8600,8.09765625,350,0,195,3534065,3451.2353515625,3534373,3451.5361328125,3547685,3464.5361328125
8707,8.2021484375,351,0,195,3534065,3451.2353515625,3534373,3451.5361328125,3547685,3464.5361328125
8744,8.23828125,350,0,195,3534065,3451.2353515625,3534373,3451.5361328125,3547685,3464.5361328125
9078,8.564453125,101,-1,195,3534065,3451.2353515625,3534373,3451.5361328125,3547685,3464.5361328125
9118,8.603515625,351,0,195,3534065,3451.2353515625,3534373,3451.5361328125,3547685,3464.5361328125
308,0.0,16,-1,196,3555268,3471.94140625,3555576,3472.2421875,3568888,3485.2421875
1331,0.9990234375,1,-1,196,3555268,3471.94140625,3555576,3472.2421875,3568888,3485.2421875
8503,8.0029296875,116,-1,196,3555268,3471.94140625,3555576,3472.2421875,3568888,3485.2421875
8733,8.2275390625,350,1,196,3555268,3471.94140625,3555576,3472.2421875,3568888,3485.2421875
9013,8.5009765625,103,-1,196,3555268,3471.94140625,3555576,3472.2421875,3568888,3485.2421875
9042,8.529296875,351,1,196,3555268,3471.94140625,3555576,3472.2421875,3568888,3485.2421875
308,0.0,16,-1,197,3576389,3492.5673828125,3576697,3492.8681640625,3590009,3505.8681640625
1081,0.7548828125,350,1,197,3576389,3492.5673828125,3576697,3492.8681640625,3590009,3505.8681640625
1110,0.783203125,351,1,197,3576389,3492.5673828125,3576697,3492.8681640625,3590009,3505.8681640625
1332,1.0,1,-1,197,3576389,3492.5673828125,3576697,3492.8681640625,3590009,3505.8681640625
2493,2.1337890625,350,1,197,3576389,3492.5673828125,3576697,3492.8681640625,3590009,3505.8681640625
2526,2.166015625,351,1,197,3576389,3492.5673828125,3576697,3492.8681640625,3590009,3505.8681640625
3190,2.814453125,350,0,197,3576389,3492.5673828125,3576697,3492.8681640625,3590009,3505.8681640625
3252,2.875,351,0,197,3576389,3492.5673828125,3576697,3492.8681640625,3590009,3505.8681640625
8503,8.0029296875,116,-1,197,3576389,3492.5673828125,3576697,3492.8681640625,3590009,3505.8681640625
8754,8.248046875,350,1,197,3576389,3492.5673828125,3576697,3492.8681640625,3590009,3505.8681640625
8973,8.4619140625,103,-1,197,3576389,3492.5673828125,3576697,3492.8681640625,3590009,3505.8681640625
8991,8.4794921875,351,1,197,3576389,3492.5673828125,3576697,3492.8681640625,3590009,3505.8681640625
308,0.0,13,-1,198,3597491,3513.1748046875,3597799,3513.4755859375,3611111,3526.4755859375
1329,0.9970703125,1,-1,198,3597491,3513.1748046875,3597799,3513.4755859375,3611111,3526.4755859375
5002,4.583984375,350,0,198,3597491,3513.1748046875,3597799,3513.4755859375,3611111,3526.4755859375
5031,4.6123046875,351,0,198,3597491,3513.1748046875,3597799,3513.4755859375,3611111,3526.4755859375
5078,4.658203125,350,0,198,3597491,3513.1748046875,3597799,3513.4755859375,3611111,3526.4755859375
5134,4.712890625,351,0,198,3597491,3513.1748046875,3597799,3513.4755859375,3611111,3526.4755859375
5179,4.7568359375,350,0,198,3597491,3513.1748046875,3597799,3513.4755859375,3611111,3526.4755859375
5216,4.79296875,351,0,198,3597491,3513.1748046875,3597799,3513.4755859375,3611111,3526.4755859375
5705,5.2705078125,350,0,198,3597491,3513.1748046875,3597799,3513.4755859375,3611111,3526.4755859375
5765,5.3291015625,351,0,198,3597491,3513.1748046875,3597799,3513.4755859375,3611111,3526.4755859375
8362,7.865234375,350,0,198,3597491,3513.1748046875,3597799,3513.4755859375,3611111,3526.4755859375
8407,7.9091796875,351,0,198,3597491,3513.1748046875,3597799,3513.4755859375,3611111,3526.4755859375
8500,8.0,113,-1,198,3597491,3513.1748046875,3597799,3513.4755859375,3611111,3526.4755859375
8623,8.1201171875,350,0,198,3597491,3513.1748046875,3597799,3513.4755859375,3611111,3526.4755859375
8683,8.1787109375,351,0,198,3597491,3513.1748046875,3597799,3513.4755859375,3611111,3526.4755859375
8759,8.2529296875,350,0,198,3597491,3513.1748046875,3597799,3513.4755859375,3611111,3526.4755859375
9031,8.5185546875,101,-1,198,3597491,3513.1748046875,3597799,3513.4755859375,3611111,3526.4755859375
9077,8.5634765625,351,0,198,3597491,3513.1748046875,3597799,3513.4755859375,3611111,3526.4755859375
308,0.0,16,-1,199,3618685,3533.8720703125,3618993,3534.1728515625,3632305,3547.1728515625
1330,0.998046875,1,-1,199,3618685,3533.8720703125,3618993,3534.1728515625,3632305,3547.1728515625
8266,7.771484375,350,1,199,3618685,3533.8720703125,3618993,3534.1728515625,3632305,3547.1728515625
8335,7.8388671875,351,1,199,3618685,3533.8720703125,3618993,3534.1728515625,3632305,3547.1728515625
8501,8.0009765625,116,-1,199,3618685,3533.8720703125,3618993,3534.1728515625,3632305,3547.1728515625
8527,8.0263671875,350,1,199,3618685,3533.8720703125,3618993,3534.1728515625,3632305,3547.1728515625
8597,8.0947265625,351,1,199,3618685,3533.8720703125,3618993,3534.1728515625,3632305,3547.1728515625
8627,8.1240234375,350,1,199,3618685,3533.8720703125,3618993,3534.1728515625,3632305,3547.1728515625
8712,8.20703125,351,1,199,3618685,3533.8720703125,3618993,3534.1728515625,3632305,3547.1728515625
8736,8.23046875,350,1,199,3618685,3533.8720703125,3618993,3534.1728515625,3632305,3547.1728515625
8960,8.44921875,103,-1,199,3618685,3533.8720703125,3618993,3534.1728515625,3632305,3547.1728515625
8995,8.4833984375,351,1,199,3618685,3533.8720703125,3618993,3534.1728515625,3632305,3547.1728515625
308,0.0,11,-1,200,3645160,3559.7265625,3645468,3560.02734375,3658780,3573.02734375
701,0.3837890625,350,0,200,3645160,3559.7265625,3645468,3560.02734375,3658780,3573.02734375
762,0.443359375,351,0,200,3645160,3559.7265625,3645468,3560.02734375,3658780,3573.02734375
798,0.478515625,350,0,200,3645160,3559.7265625,3645468,3560.02734375,3658780,3573.02734375
854,0.533203125,351,0,200,3645160,3559.7265625,3645468,3560.02734375,3658780,3573.02734375
878,0.556640625,350,0,200,3645160,3559.7265625,3645468,3560.02734375,3658780,3573.02734375
911,0.5888671875,351,0,200,3645160,3559.7265625,3645468,3560.02734375,3658780,3573.02734375
964,0.640625,350,0,200,3645160,3559.7265625,3645468,3560.02734375,3658780,3573.02734375
1099,0.7724609375,351,0,200,3645160,3559.7265625,3645468,3560.02734375,3658780,3573.02734375
1113,0.7861328125,350,0,200,3645160,3559.7265625,3645468,3560.02734375,3658780,3573.02734375
1145,0.8173828125,351,0,200,3645160,3559.7265625,3645468,3560.02734375,3658780,3573.02734375
1160,0.83203125,350,0,200,3645160,3559.7265625,3645468,3560.02734375,3658780,3573.02734375
1234,0.904296875,351,0,200,3645160,3559.7265625,3645468,3560.02734375,3658780,3573.02734375
1301,0.9697265625,350,0,200,3645160,3559.7265625,3645468,3560.02734375,3658780,3573.02734375
1331,0.9990234375,1,-1,200,3645160,3559.7265625,3645468,3560.02734375,3658780,3573.02734375
1370,1.037109375,351,0,200,3645160,3559.7265625,3645468,3560.02734375,3658780,3573.02734375
1901,1.5556640625,350,0,200,3645160,3559.7265625,3645468,3560.02734375,3658780,3573.02734375
1976,1.62890625,351,0,200,3645160,3559.7265625,3645468,3560.02734375,3658780,3573.02734375
2114,1.763671875,350,0,200,3645160,3559.7265625,3645468,3560.02734375,3658780,3573.02734375
2173,1.8212890625,351,0,200,3645160,3559.7265625,3645468,3560.02734375,3658780,3573.02734375
2218,1.865234375,350,0,200,3645160,3559.7265625,3645468,3560.02734375,3658780,3573.02734375
2346,1.990234375,351,0,200,3645160,3559.7265625,3645468,3560.02734375,3658780,3573.02734375
2368,2.01171875,350,0,200,3645160,3559.7265625,3645468,3560.02734375,3658780,3573.02734375
2602,2.240234375,351,0,200,3645160,3559.7265625,3645468,3560.02734375,3658780,3573.02734375
2669,2.3056640625,350,0,200,3645160,3559.7265625,3645468,3560.02734375,3658780,3573.02734375
2802,2.435546875,351,0,200,3645160,3559.7265625,3645468,3560.02734375,3658780,3573.02734375
2816,2.44921875,350,0,200,3645160,3559.7265625,3645468,3560.02734375,3658780,3573.02734375
2859,2.4912109375,351,0,200,3645160,3559.7265625,3645468,3560.02734375,3658780,3573.02734375
2887,2.5185546875,350,0,200,3645160,3559.7265625,3645468,3560.02734375,3658780,3573.02734375
2929,2.5595703125,351,0,200,3645160,3559.7265625,3645468,3560.02734375,3658780,3573.02734375
2958,2.587890625,350,0,200,3645160,3559.7265625,3645468,3560.02734375,3658780,3573.02734375
2986,2.615234375,351,0,200,3645160,3559.7265625,3645468,3560.02734375,3658780,3573.02734375
3110,2.736328125,350,0,200,3645160,3559.7265625,3645468,3560.02734375,3658780,3573.02734375
3159,2.7841796875,351,0,200,3645160,3559.7265625,3645468,3560.02734375,3658780,3573.02734375
3217,2.8408203125,350,0,200,3645160,3559.7265625,3645468,3560.02734375,3658780,3573.02734375
3261,2.8837890625,351,0,200,3645160,3559.7265625,3645468,3560.02734375,3658780,3573.02734375
3311,2.9326171875,350,0,200,3645160,3559.7265625,3645468,3560.02734375,3658780,3573.02734375
3373,2.9931640625,351,0,200,3645160,3559.7265625,3645468,3560.02734375,3658780,3573.02734375
3455,3.0732421875,350,0,200,3645160,3559.7265625,3645468,3560.02734375,3658780,3573.02734375
3515,3.1318359375,351,0,200,3645160,3559.7265625,3645468,3560.02734375,3658780,3573.02734375
3591,3.2060546875,350,0,200,3645160,3559.7265625,3645468,3560.02734375,3658780,3573.02734375
3657,3.2705078125,351,0,200,3645160,3559.7265625,3645468,3560.02734375,3658780,3573.02734375
8214,7.720703125,350,0,200,3645160,3559.7265625,3645468,3560.02734375,3658780,3573.02734375
8257,7.7626953125,351,0,200,3645160,3559.7265625,3645468,3560.02734375,3658780,3573.02734375
8500,8.0,111,-1,200,3645160,3559.7265625,3645468,3560.02734375,3658780,3573.02734375
8911,8.4013671875,350,0,200,3645160,3559.7265625,3645468,3560.02734375,3658780,3573.02734375
8944,8.43359375,351,0,200,3645160,3559.7265625,3645468,3560.02734375,3658780,3573.02734375
9095,8.5810546875,350,0,200,3645160,3559.7265625,3645468,3560.02734375,3658780,3573.02734375
9299,8.7802734375,351,0,200,3645160,3559.7265625,3645468,3560.02734375,3658780,3573.02734375
9306,8.787109375,101,-1,200,3645160,3559.7265625,3645468,3560.02734375,3658780,3573.02734375
308,0.0,14,-1,201,3655775,3570.0927734375,3656083,3570.3935546875,3669395,3583.3935546875
1332,1.0,1,-1,201,3655775,3570.0927734375,3656083,3570.3935546875,3669395,3583.3935546875
4925,4.5087890625,350,1,201,3655775,3570.0927734375,3656083,3570.3935546875,3669395,3583.3935546875
4946,4.529296875,351,1,201,3655775,3570.0927734375,3656083,3570.3935546875,3669395,3583.3935546875
5085,4.6650390625,350,1,201,3655775,3570.0927734375,3656083,3570.3935546875,3669395,3583.3935546875
5100,4.6796875,351,1,201,3655775,3570.0927734375,3656083,3570.3935546875,3669395,3583.3935546875
5158,4.736328125,350,1,201,3655775,3570.0927734375,3656083,3570.3935546875,3669395,3583.3935546875
5185,4.7626953125,351,1,201,3655775,3570.0927734375,3656083,3570.3935546875,3669395,3583.3935546875
5246,4.822265625,350,1,201,3655775,3570.0927734375,3656083,3570.3935546875,3669395,3583.3935546875
5293,4.8681640625,351,1,201,3655775,3570.0927734375,3656083,3570.3935546875,3669395,3583.3935546875
8501,8.0009765625,114,-1,201,3655775,3570.0927734375,3656083,3570.3935546875,3669395,3583.3935546875
9041,8.5283203125,350,1,201,3655775,3570.0927734375,3656083,3570.3935546875,3669395,3583.3935546875
9222,8.705078125,103,-1,201,3655775,3570.0927734375,3656083,3570.3935546875,3669395,3583.3935546875
9252,8.734375,351,1,201,3655775,3570.0927734375,3656083,3570.3935546875,3669395,3583.3935546875
308,0.0,11,-1,202,3666304,3580.375,3666612,3580.67578125,3679924,3593.67578125
1331,0.9990234375,1,-1,202,3666304,3580.375,3666612,3580.67578125,3679924,3593.67578125
1435,1.1005859375,350,1,202,3666304,3580.375,3666612,3580.67578125,3679924,3593.67578125
1481,1.1455078125,351,1,202,3666304,3580.375,3666612,3580.67578125,3679924,3593.67578125
8501,8.0009765625,111,-1,202,3666304,3580.375,3666612,3580.67578125,3679924,3593.67578125
8759,8.2529296875,350,0,202,3666304,3580.375,3666612,3580.67578125,3679924,3593.67578125
9014,8.501953125,101,-1,202,3666304,3580.375,3666612,3580.67578125,3679924,3593.67578125
9037,8.5244140625,351,0,202,3666304,3580.375,3666612,3580.67578125,3679924,3593.67578125
308,0.0,14,-1,203,3676608,3590.4375,3676916,3590.73828125,3690228,3603.73828125
1331,0.9990234375,1,-1,203,3676608,3590.4375,3676916,3590.73828125,3690228,3603.73828125
8502,8.001953125,114,-1,203,3676608,3590.4375,3676916,3590.73828125,3690228,3603.73828125
8791,8.2841796875,350,1,203,3676608,3590.4375,3676916,3590.73828125,3690228,3603.73828125
8854,8.345703125,351,1,203,3676608,3590.4375,3676916,3590.73828125,3690228,3603.73828125
8890,8.380859375,350,1,203,3676608,3590.4375,3676916,3590.73828125,3690228,3603.73828125
9051,8.5380859375,103,-1,203,3676608,3590.4375,3676916,3590.73828125,3690228,3603.73828125
9090,8.576171875,351,1,203,3676608,3590.4375,3676916,3590.73828125,3690228,3603.73828125
308,0.0,14,-1,204,3686962,3600.548828125,3687270,3600.849609375,3700582,3613.849609375
1332,1.0,1,-1,204,3686962,3600.548828125,3687270,3600.849609375,3700582,3613.849609375
5841,5.4033203125,350,1,204,3686962,3600.548828125,3687270,3600.849609375,3700582,3613.849609375
5857,5.4189453125,351,1,204,3686962,3600.548828125,3687270,3600.849609375,3700582,3613.849609375
8380,7.8828125,350,1,204,3686962,3600.548828125,3687270,3600.849609375,3700582,3613.849609375
8407,7.9091796875,351,1,204,3686962,3600.548828125,3687270,3600.849609375,3700582,3613.849609375
8502,8.001953125,114,-1,204,3686962,3600.548828125,3687270,3600.849609375,3700582,3613.849609375
8628,8.125,350,1,204,3686962,3600.548828125,3687270,3600.849609375,3700582,3613.849609375
8687,8.1826171875,351,1,204,3686962,3600.548828125,3687270,3600.849609375,3700582,3613.849609375
8701,8.1962890625,350,1,204,3686962,3600.548828125,3687270,3600.849609375,3700582,3613.849609375
8757,8.2509765625,351,1,204,3686962,3600.548828125,3687270,3600.849609375,3700582,3613.849609375
8818,8.310546875,350,1,204,3686962,3600.548828125,3687270,3600.849609375,3700582,3613.849609375
8935,8.4248046875,351,1,204,3686962,3600.548828125,3687270,3600.849609375,3700582,3613.849609375
8973,8.4619140625,350,1,204,3686962,3600.548828125,3687270,3600.849609375,3700582,3613.849609375
9189,8.6728515625,103,-1,204,3686962,3600.548828125,3687270,3600.849609375,3700582,3613.849609375
9218,8.701171875,351,1,204,3686962,3600.548828125,3687270,3600.849609375,3700582,3613.849609375
308,0.0,14,-1,205,3697453,3610.7939453125,3697761,3611.0947265625,3711073,3624.0947265625
1332,1.0,1,-1,205,3697453,3610.7939453125,3697761,3611.0947265625,3711073,3624.0947265625
2924,2.5546875,350,0,205,3697453,3610.7939453125,3697761,3611.0947265625,3711073,3624.0947265625
2979,2.6083984375,351,0,205,3697453,3610.7939453125,3697761,3611.0947265625,3711073,3624.0947265625
6872,6.41015625,350,1,205,3697453,3610.7939453125,3697761,3611.0947265625,3711073,3624.0947265625
6928,6.46484375,351,1,205,3697453,3610.7939453125,3697761,3611.0947265625,3711073,3624.0947265625
8015,7.5263671875,350,1,205,3697453,3610.7939453125,3697761,3611.0947265625,3711073,3624.0947265625
8086,7.595703125,351,1,205,3697453,3610.7939453125,3697761,3611.0947265625,3711073,3624.0947265625
8122,7.630859375,350,1,205,3697453,3610.7939453125,3697761,3611.0947265625,3711073,3624.0947265625
8167,7.6748046875,351,1,205,3697453,3610.7939453125,3697761,3611.0947265625,3711073,3624.0947265625
8282,7.787109375,350,1,205,3697453,3610.7939453125,3697761,3611.0947265625,3711073,3624.0947265625
8306,7.810546875,351,1,205,3697453,3610.7939453125,3697761,3611.0947265625,3711073,3624.0947265625
8501,8.0009765625,114,-1,205,3697453,3610.7939453125,3697761,3611.0947265625,3711073,3624.0947265625
8523,8.0224609375,350,1,205,3697453,3610.7939453125,3697761,3611.0947265625,3711073,3624.0947265625
8629,8.1259765625,351,1,205,3697453,3610.7939453125,3697761,3611.0947265625,3711073,3624.0947265625
8653,8.1494140625,350,1,205,3697453,3610.7939453125,3697761,3611.0947265625,3711073,3624.0947265625
8682,8.177734375,351,1,205,3697453,3610.7939453125,3697761,3611.0947265625,3711073,3624.0947265625
8717,8.2119140625,350,1,205,3697453,3610.7939453125,3697761,3611.0947265625,3711073,3624.0947265625
8779,8.2724609375,351,1,205,3697453,3610.7939453125,3697761,3611.0947265625,3711073,3624.0947265625
8804,8.296875,350,1,205,3697453,3610.7939453125,3697761,3611.0947265625,3711073,3624.0947265625
8989,8.4775390625,103,-1,205,3697453,3610.7939453125,3697761,3611.0947265625,3711073,3624.0947265625
9031,8.5185546875,351,1,205,3697453,3610.7939453125,3697761,3611.0947265625,3711073,3624.0947265625
308,0.0,14,-1,206,3707739,3620.8388671875,3708047,3621.1396484375,3721359,3634.1396484375
1333,1.0009765625,1,-1,206,3707739,3620.8388671875,3708047,3621.1396484375,3721359,3634.1396484375
8503,8.0029296875,114,-1,206,3707739,3620.8388671875,3708047,3621.1396484375,3721359,3634.1396484375
8831,8.3232421875,350,1,206,3707739,3620.8388671875,3708047,3621.1396484375,3721359,3634.1396484375
8914,8.404296875,351,1,206,3707739,3620.8388671875,3708047,3621.1396484375,3721359,3634.1396484375
8938,8.427734375,350,1,206,3707739,3620.8388671875,3708047,3621.1396484375,3721359,3634.1396484375
9101,8.5869140625,103,-1,206,3707739,3620.8388671875,3708047,3621.1396484375,3721359,3634.1396484375
9123,8.6083984375,351,1,206,3707739,3620.8388671875,3708047,3621.1396484375,3721359,3634.1396484375
308,0.0,11,-1,207,3718129,3630.9853515625,3718437,3631.2861328125,3731749,3644.2861328125
1331,0.9990234375,1,-1,207,3718129,3630.9853515625,3718437,3631.2861328125,3731749,3644.2861328125
5353,4.9267578125,350,1,207,3718129,3630.9853515625,3718437,3631.2861328125,3731749,3644.2861328125
5400,4.97265625,351,1,207,3718129,3630.9853515625,3718437,3631.2861328125,3731749,3644.2861328125
7322,6.849609375,350,0,207,3718129,3630.9853515625,3718437,3631.2861328125,3731749,3644.2861328125
7443,6.9677734375,351,0,207,3718129,3630.9853515625,3718437,3631.2861328125,3731749,3644.2861328125
7460,6.984375,350,0,207,3718129,3630.9853515625,3718437,3631.2861328125,3731749,3644.2861328125
7586,7.107421875,351,0,207,3718129,3630.9853515625,3718437,3631.2861328125,3731749,3644.2861328125
7689,7.2080078125,350,0,207,3718129,3630.9853515625,3718437,3631.2861328125,3731749,3644.2861328125
7863,7.3779296875,351,0,207,3718129,3630.9853515625,3718437,3631.2861328125,3731749,3644.2861328125
7887,7.4013671875,350,0,207,3718129,3630.9853515625,3718437,3631.2861328125,3731749,3644.2861328125
7977,7.4892578125,351,0,207,3718129,3630.9853515625,3718437,3631.2861328125,3731749,3644.2861328125
8016,7.52734375,350,0,207,3718129,3630.9853515625,3718437,3631.2861328125,3731749,3644.2861328125
8038,7.548828125,351,0,207,3718129,3630.9853515625,3718437,3631.2861328125,3731749,3644.2861328125
8053,7.5634765625,350,0,207,3718129,3630.9853515625,3718437,3631.2861328125,3731749,3644.2861328125
8078,7.587890625,351,0,207,3718129,3630.9853515625,3718437,3631.2861328125,3731749,3644.2861328125
8260,7.765625,350,0,207,3718129,3630.9853515625,3718437,3631.2861328125,3731749,3644.2861328125
8323,7.8271484375,351,0,207,3718129,3630.9853515625,3718437,3631.2861328125,3731749,3644.2861328125
8470,7.970703125,350,0,207,3718129,3630.9853515625,3718437,3631.2861328125,3731749,3644.2861328125
8503,8.0029296875,111,-1,207,3718129,3630.9853515625,3718437,3631.2861328125,3731749,3644.2861328125
8535,8.0341796875,351,0,207,3718129,3630.9853515625,3718437,3631.2861328125,3731749,3644.2861328125
8561,8.0595703125,350,0,207,3718129,3630.9853515625,3718437,3631.2861328125,3731749,3644.2861328125
8594,8.091796875,351,0,207,3718129,3630.9853515625,3718437,3631.2861328125,3731749,3644.2861328125
8626,8.123046875,350,0,207,3718129,3630.9853515625,3718437,3631.2861328125,3731749,3644.2861328125
8720,8.21484375,351,0,207,3718129,3630.9853515625,3718437,3631.2861328125,3731749,3644.2861328125
8742,8.236328125,350,0,207,3718129,3630.9853515625,3718437,3631.2861328125,3731749,3644.2861328125
8924,8.4140625,351,0,207,3718129,3630.9853515625,3718437,3631.2861328125,3731749,3644.2861328125
8945,8.4345703125,350,0,207,3718129,3630.9853515625,3718437,3631.2861328125,3731749,3644.2861328125
8952,8.44140625,101,-1,207,3718129,3630.9853515625,3718437,3631.2861328125,3731749,3644.2861328125
8985,8.4736328125,351,0,207,3718129,3630.9853515625,3718437,3631.2861328125,3731749,3644.2861328125
308,0.0,14,-1,208,3728381,3640.9970703125,3728689,3641.2978515625,3742001,3654.2978515625
1332,1.0,1,-1,208,3728381,3640.9970703125,3728689,3641.2978515625,3742001,3654.2978515625
4875,4.4599609375,350,0,208,3728381,3640.9970703125,3728689,3641.2978515625,3742001,3654.2978515625
4923,4.5068359375,351,0,208,3728381,3640.9970703125,3728689,3641.2978515625,3742001,3654.2978515625
7393,6.9189453125,350,1,208,3728381,3640.9970703125,3728689,3641.2978515625,3742001,3654.2978515625
7455,6.9794921875,351,1,208,3728381,3640.9970703125,3728689,3641.2978515625,3742001,3654.2978515625
7478,7.001953125,350,1,208,3728381,3640.9970703125,3728689,3641.2978515625,3742001,3654.2978515625
7529,7.0517578125,351,1,208,3728381,3640.9970703125,3728689,3641.2978515625,3742001,3654.2978515625
7639,7.1591796875,350,1,208,3728381,3640.9970703125,3728689,3641.2978515625,3742001,3654.2978515625
7721,7.2392578125,351,1,208,3728381,3640.9970703125,3728689,3641.2978515625,3742001,3654.2978515625
8502,8.001953125,114,-1,208,3728381,3640.9970703125,3728689,3641.2978515625,3742001,3654.2978515625
8858,8.349609375,350,1,208,3728381,3640.9970703125,3728689,3641.2978515625,3742001,3654.2978515625
9014,8.501953125,103,-1,208,3728381,3640.9970703125,3728689,3641.2978515625,3742001,3654.2978515625
9030,8.517578125,351,1,208,3728381,3640.9970703125,3728689,3641.2978515625,3742001,3654.2978515625
308,0.0,11,-1,209,3738683,3651.0576171875,3738991,3651.3583984375,3752303,3664.3583984375
354,0.044921875,350,0,209,3738683,3651.0576171875,3738991,3651.3583984375,3752303,3664.3583984375
445,0.1337890625,351,0,209,3738683,3651.0576171875,3738991,3651.3583984375,3752303,3664.3583984375
1333,1.0009765625,1,-1,209,3738683,3651.0576171875,3738991,3651.3583984375,3752303,3664.3583984375
5537,5.1064453125,350,1,209,3738683,3651.0576171875,3738991,3651.3583984375,3752303,3664.3583984375
5629,5.1962890625,351,1,209,3738683,3651.0576171875,3738991,3651.3583984375,3752303,3664.3583984375
8502,8.001953125,111,-1,209,3738683,3651.0576171875,3738991,3651.3583984375,3752303,3664.3583984375
8977,8.4658203125,350,0,209,3738683,3651.0576171875,3738991,3651.3583984375,3752303,3664.3583984375
9138,8.623046875,101,-1,209,3738683,3651.0576171875,3738991,3651.3583984375,3752303,3664.3583984375
9151,8.6357421875,351,0,209,3738683,3651.0576171875,3738991,3651.3583984375,3752303,3664.3583984375
308,0.0,11,-1,210,3749122,3661.251953125,3749430,3661.552734375,3762742,3674.552734375
438,0.126953125,350,1,210,3749122,3661.251953125,3749430,3661.552734375,3762742,3674.552734375
525,0.2119140625,351,1,210,3749122,3661.251953125,3749430,3661.552734375,3762742,3674.552734375
1332,1.0,1,-1,210,3749122,3661.251953125,3749430,3661.552734375,3762742,3674.552734375
8503,8.0029296875,111,-1,210,3749122,3661.251953125,3749430,3661.552734375,3762742,3674.552734375
9065,8.5517578125,350,0,210,3749122,3661.251953125,3749430,3661.552734375,3762742,3674.552734375
9133,8.6181640625,351,0,210,3749122,3661.251953125,3749430,3661.552734375,3762742,3674.552734375
9147,8.6318359375,350,0,210,3749122,3661.251953125,3749430,3661.552734375,3762742,3674.552734375
9195,8.6787109375,351,0,210,3749122,3661.251953125,3749430,3661.552734375,3762742,3674.552734375
9219,8.7021484375,101,-1,210,3749122,3661.251953125,3749430,3661.552734375,3762742,3674.552734375
308,0.0,14,-1,211,3759631,3671.5146484375,3759939,3671.8154296875,3773251,3684.8154296875
1329,0.9970703125,1,-1,211,3759631,3671.5146484375,3759939,3671.8154296875,3773251,3684.8154296875
8500,8.0,114,-1,211,3759631,3671.5146484375,3759939,3671.8154296875,3773251,3684.8154296875
8933,8.4228515625,350,1,211,3759631,3671.5146484375,3759939,3671.8154296875,3773251,3684.8154296875
9132,8.6171875,103,-1,211,3759631,3671.5146484375,3759939,3671.8154296875,3773251,3684.8154296875
9162,8.646484375,351,1,211,3759631,3671.5146484375,3759939,3671.8154296875,3773251,3684.8154296875
308,0.0,11,-1,212,3770069,3681.7080078125,3770377,3682.0087890625,3783689,3695.0087890625
1332,1.0,1,-1,212,3770069,3681.7080078125,3770377,3682.0087890625,3783689,3695.0087890625
6279,5.8310546875,350,0,212,3770069,3681.7080078125,3770377,3682.0087890625,3783689,3695.0087890625
6313,5.8642578125,351,0,212,3770069,3681.7080078125,3770377,3682.0087890625,3783689,3695.0087890625
6333,5.8837890625,350,0,212,3770069,3681.7080078125,3770377,3682.0087890625,3783689,3695.0087890625
6377,5.9267578125,351,0,212,3770069,3681.7080078125,3770377,3682.0087890625,3783689,3695.0087890625
8502,8.001953125,111,-1,212,3770069,3681.7080078125,3770377,3682.0087890625,3783689,3695.0087890625
8759,8.2529296875,350,0,212,3770069,3681.7080078125,3770377,3682.0087890625,3783689,3695.0087890625
8816,8.30859375,351,0,212,3770069,3681.7080078125,3770377,3682.0087890625,3783689,3695.0087890625
8840,8.33203125,350,0,212,3770069,3681.7080078125,3770377,3682.0087890625,3783689,3695.0087890625
9000,8.48828125,351,0,212,3770069,3681.7080078125,3770377,3682.0087890625,3783689,3695.0087890625
9346,8.826171875,350,0,212,3770069,3681.7080078125,3770377,3682.0087890625,3783689,3695.0087890625
9388,8.8671875,351,0,212,3770069,3681.7080078125,3770377,3682.0087890625,3783689,3695.0087890625
9608,9.08203125,350,0,212,3770069,3681.7080078125,3770377,3682.0087890625,3783689,3695.0087890625
9774,9.244140625,101,-1,212,3770069,3681.7080078125,3770377,3682.0087890625,3783689,3695.0087890625
9794,9.263671875,351,0,212,3770069,3681.7080078125,3770377,3682.0087890625,3783689,3695.0087890625
308,0.0,14,-1,213,3781140,3692.51953125,3781448,3692.8203125,3794760,3705.8203125
1331,0.9990234375,1,-1,213,3781140,3692.51953125,3781448,3692.8203125,3794760,3705.8203125
1384,1.05078125,350,1,213,3781140,3692.51953125,3781448,3692.8203125,3794760,3705.8203125
1487,1.1513671875,351,1,213,3781140,3692.51953125,3781448,3692.8203125,3794760,3705.8203125
1536,1.19921875,350,1,213,3781140,3692.51953125,3781448,3692.8203125,3794760,3705.8203125
1607,1.2685546875,351,1,213,3781140,3692.51953125,3781448,3692.8203125,3794760,3705.8203125
1662,1.322265625,350,1,213,3781140,3692.51953125,3781448,3692.8203125,3794760,3705.8203125
1776,1.43359375,351,1,213,3781140,3692.51953125,3781448,3692.8203125,3794760,3705.8203125
1814,1.470703125,350,1,213,3781140,3692.51953125,3781448,3692.8203125,3794760,3705.8203125
1890,1.544921875,351,1,213,3781140,3692.51953125,3781448,3692.8203125,3794760,3705.8203125
2229,1.8759765625,350,1,213,3781140,3692.51953125,3781448,3692.8203125,3794760,3705.8203125
2288,1.93359375,351,1,213,3781140,3692.51953125,3781448,3692.8203125,3794760,3705.8203125
2380,2.0234375,350,1,213,3781140,3692.51953125,3781448,3692.8203125,3794760,3705.8203125
2439,2.0810546875,351,1,213,3781140,3692.51953125,3781448,3692.8203125,3794760,3705.8203125
2779,2.4130859375,350,1,213,3781140,3692.51953125,3781448,3692.8203125,3794760,3705.8203125
2808,2.44140625,351,1,213,3781140,3692.51953125,3781448,3692.8203125,3794760,3705.8203125
3044,2.671875,350,1,213,3781140,3692.51953125,3781448,3692.8203125,3794760,3705.8203125
3083,2.7099609375,351,1,213,3781140,3692.51953125,3781448,3692.8203125,3794760,3705.8203125
6640,6.18359375,350,1,213,3781140,3692.51953125,3781448,3692.8203125,3794760,3705.8203125
6665,6.2080078125,351,1,213,3781140,3692.51953125,3781448,3692.8203125,3794760,3705.8203125
8324,7.828125,350,1,213,3781140,3692.51953125,3781448,3692.8203125,3794760,3705.8203125
8396,7.8984375,351,1,213,3781140,3692.51953125,3781448,3692.8203125,3794760,3705.8203125
8503,8.0029296875,114,-1,213,3781140,3692.51953125,3781448,3692.8203125,3794760,3705.8203125
8629,8.1259765625,350,1,213,3781140,3692.51953125,3781448,3692.8203125,3794760,3705.8203125
8705,8.2001953125,351,1,213,3781140,3692.51953125,3781448,3692.8203125,3794760,3705.8203125
8767,8.2607421875,350,1,213,3781140,3692.51953125,3781448,3692.8203125,3794760,3705.8203125
8941,8.4306640625,103,-1,213,3781140,3692.51953125,3781448,3692.8203125,3794760,3705.8203125
8997,8.4853515625,351,1,213,3781140,3692.51953125,3781448,3692.8203125,3794760,3705.8203125
308,0.0,14,-1,214,3791376,3702.515625,3791684,3702.81640625,3804996,3715.81640625
1330,0.998046875,1,-1,214,3791376,3702.515625,3791684,3702.81640625,3804996,3715.81640625
8499,7.9990234375,114,-1,214,3791376,3702.515625,3791684,3702.81640625,3804996,3715.81640625
8805,8.2978515625,350,1,214,3791376,3702.515625,3791684,3702.81640625,3804996,3715.81640625
8972,8.4609375,103,-1,214,3791376,3702.515625,3791684,3702.81640625,3804996,3715.81640625
8994,8.482421875,351,1,214,3791376,3702.515625,3791684,3702.81640625,3804996,3715.81640625
308,0.0,14,-1,215,3801645,3712.5439453125,3801953,3712.8447265625,3815265,3725.8447265625
1331,0.9990234375,1,-1,215,3801645,3712.5439453125,3801953,3712.8447265625,3815265,3725.8447265625
8501,8.0009765625,114,-1,215,3801645,3712.5439453125,3801953,3712.8447265625,3815265,3725.8447265625
8821,8.3134765625,350,1,215,3801645,3712.5439453125,3801953,3712.8447265625,3815265,3725.8447265625
8983,8.4716796875,103,-1,215,3801645,3712.5439453125,3801953,3712.8447265625,3815265,3725.8447265625
9024,8.51171875,351,1,215,3801645,3712.5439453125,3801953,3712.8447265625,3815265,3725.8447265625
308,0.0,11,-1,216,3811932,3722.58984375,3812240,3722.890625,3825552,3735.890625
1331,0.9990234375,1,-1,216,3811932,3722.58984375,3812240,3722.890625,3825552,3735.890625
8384,7.88671875,350,0,216,3811932,3722.58984375,3812240,3722.890625,3825552,3735.890625
8503,8.0029296875,111,-1,216,3811932,3722.58984375,3812240,3722.890625,3825552,3735.890625
8640,8.13671875,351,0,216,3811932,3722.58984375,3812240,3722.890625,3825552,3735.890625
8710,8.205078125,350,0,216,3811932,3722.58984375,3812240,3722.890625,3825552,3735.890625
8803,8.2958984375,351,0,216,3811932,3722.58984375,3812240,3722.890625,3825552,3735.890625
8817,8.3095703125,350,0,216,3811932,3722.58984375,3812240,3722.890625,3825552,3735.890625
9022,8.509765625,101,-1,216,3811932,3722.58984375,3812240,3722.890625,3825552,3735.890625
9053,8.5400390625,351,0,216,3811932,3722.58984375,3812240,3722.890625,3825552,3735.890625
308,0.0,14,-1,217,3822252,3732.66796875,3822560,3732.96875,3835872,3745.96875
1333,1.0009765625,1,-1,217,3822252,3732.66796875,3822560,3732.96875,3835872,3745.96875
2494,2.134765625,350,0,217,3822252,3732.66796875,3822560,3732.96875,3835872,3745.96875
2545,2.1845703125,351,0,217,3822252,3732.66796875,3822560,3732.96875,3835872,3745.96875
7975,7.4873046875,350,1,217,3822252,3732.66796875,3822560,3732.96875,3835872,3745.96875
8036,7.546875,351,1,217,3822252,3732.66796875,3822560,3732.96875,3835872,3745.96875
8503,8.0029296875,114,-1,217,3822252,3732.66796875,3822560,3732.96875,3835872,3745.96875
8748,8.2421875,350,1,217,3822252,3732.66796875,3822560,3732.96875,3835872,3745.96875
8925,8.4150390625,103,-1,217,3822252,3732.66796875,3822560,3732.96875,3835872,3745.96875
8968,8.45703125,351,1,217,3822252,3732.66796875,3822560,3732.96875,3835872,3745.96875
308,0.0,11,-1,218,3832471,3742.6474609375,3832779,3742.9482421875,3846091,3755.9482421875
1331,0.9990234375,1,-1,218,3832471,3742.6474609375,3832779,3742.9482421875,3846091,3755.9482421875
7481,7.0048828125,350,0,218,3832471,3742.6474609375,3832779,3742.9482421875,3846091,3755.9482421875
7562,7.083984375,351,0,218,3832471,3742.6474609375,3832779,3742.9482421875,3846091,3755.9482421875
8182,7.689453125,350,0,218,3832471,3742.6474609375,3832779,3742.9482421875,3846091,3755.9482421875
8260,7.765625,351,0,218,3832471,3742.6474609375,3832779,3742.9482421875,3846091,3755.9482421875
8274,7.779296875,350,0,218,3832471,3742.6474609375,3832779,3742.9482421875,3846091,3755.9482421875
8350,7.853515625,351,0,218,3832471,3742.6474609375,3832779,3742.9482421875,3846091,3755.9482421875
8502,8.001953125,111,-1,218,3832471,3742.6474609375,3832779,3742.9482421875,3846091,3755.9482421875
8759,8.2529296875,350,0,218,3832471,3742.6474609375,3832779,3742.9482421875,3846091,3755.9482421875
8944,8.43359375,101,-1,218,3832471,3742.6474609375,3832779,3742.9482421875,3846091,3755.9482421875
8986,8.474609375,351,0,218,3832471,3742.6474609375,3832779,3742.9482421875,3846091,3755.9482421875
308,0.0,14,-1,219,3842705,3752.6416015625,3843013,3752.9423828125,3856325,3765.9423828125
1334,1.001953125,1,-1,219,3842705,3752.6416015625,3843013,3752.9423828125,3856325,3765.9423828125
8502,8.001953125,114,-1,219,3842705,3752.6416015625,3843013,3752.9423828125,3856325,3765.9423828125
8786,8.279296875,350,1,219,3842705,3752.6416015625,3843013,3752.9423828125,3856325,3765.9423828125
8940,8.4296875,103,-1,219,3842705,3752.6416015625,3843013,3752.9423828125,3856325,3765.9423828125
9009,8.4970703125,351,1,219,3842705,3752.6416015625,3843013,3752.9423828125,3856325,3765.9423828125
308,0.0,11,-1,220,3852940,3762.63671875,3853248,3762.9375,3866560,3775.9375
1333,1.0009765625,1,-1,220,3852940,3762.63671875,3853248,3762.9375,3866560,3775.9375
2213,1.8603515625,350,0,220,3852940,3762.63671875,3853248,3762.9375,3866560,3775.9375
2241,1.8876953125,351,0,220,3852940,3762.63671875,3853248,3762.9375,3866560,3775.9375
2713,2.3486328125,350,0,220,3852940,3762.63671875,3853248,3762.9375,3866560,3775.9375
2804,2.4375,351,0,220,3852940,3762.63671875,3853248,3762.9375,3866560,3775.9375
2895,2.5263671875,350,0,220,3852940,3762.63671875,3853248,3762.9375,3866560,3775.9375
2951,2.5810546875,351,0,220,3852940,3762.63671875,3853248,3762.9375,3866560,3775.9375
2987,2.6162109375,350,0,220,3852940,3762.63671875,3853248,3762.9375,3866560,3775.9375
3059,2.6865234375,351,0,220,3852940,3762.63671875,3853248,3762.9375,3866560,3775.9375
3177,2.8017578125,350,0,220,3852940,3762.63671875,3853248,3762.9375,3866560,3775.9375
3238,2.861328125,351,0,220,3852940,3762.63671875,3853248,3762.9375,3866560,3775.9375
5890,5.451171875,350,1,220,3852940,3762.63671875,3853248,3762.9375,3866560,3775.9375
5962,5.521484375,351,1,220,3852940,3762.63671875,3853248,3762.9375,3866560,3775.9375
7567,7.0888671875,350,0,220,3852940,3762.63671875,3853248,3762.9375,3866560,3775.9375
7663,7.1826171875,351,0,220,3852940,3762.63671875,3853248,3762.9375,3866560,3775.9375
7738,7.255859375,350,0,220,3852940,3762.63671875,3853248,3762.9375,3866560,3775.9375
7798,7.314453125,351,0,220,3852940,3762.63671875,3853248,3762.9375,3866560,3775.9375
8504,8.00390625,111,-1,220,3852940,3762.63671875,3853248,3762.9375,3866560,3775.9375
8748,8.2421875,350,0,220,3852940,3762.63671875,3853248,3762.9375,3866560,3775.9375
8935,8.4248046875,101,-1,220,3852940,3762.63671875,3853248,3762.9375,3866560,3775.9375
9002,8.490234375,351,0,220,3852940,3762.63671875,3853248,3762.9375,3866560,3775.9375
308,0.0,11,-1,221,3863189,3772.6455078125,3863497,3772.9462890625,3876809,3785.9462890625
1331,0.9990234375,1,-1,221,3863189,3772.6455078125,3863497,3772.9462890625,3876809,3785.9462890625
1592,1.25390625,350,0,221,3863189,3772.6455078125,3863497,3772.9462890625,3876809,3785.9462890625
1610,1.271484375,351,0,221,3863189,3772.6455078125,3863497,3772.9462890625,3876809,3785.9462890625
4434,4.029296875,350,1,221,3863189,3772.6455078125,3863497,3772.9462890625,3876809,3785.9462890625
4497,4.0908203125,351,1,221,3863189,3772.6455078125,3863497,3772.9462890625,3876809,3785.9462890625
6435,5.9833984375,350,0,221,3863189,3772.6455078125,3863497,3772.9462890625,3876809,3785.9462890625
6496,6.04296875,351,0,221,3863189,3772.6455078125,3863497,3772.9462890625,3876809,3785.9462890625
8501,8.0009765625,111,-1,221,3863189,3772.6455078125,3863497,3772.9462890625,3876809,3785.9462890625
8796,8.2890625,350,0,221,3863189,3772.6455078125,3863497,3772.9462890625,3876809,3785.9462890625
8983,8.4716796875,101,-1,221,3863189,3772.6455078125,3863497,3772.9462890625,3876809,3785.9462890625
8984,8.47265625,351,0,221,3863189,3772.6455078125,3863497,3772.9462890625,3876809,3785.9462890625
308,0.0,11,-1,222,3873474,3782.689453125,3873782,3782.990234375,3887094,3795.990234375
1332,1.0,1,-1,222,3873474,3782.689453125,3873782,3782.990234375,3887094,3795.990234375
2514,2.154296875,350,1,222,3873474,3782.689453125,3873782,3782.990234375,3887094,3795.990234375
2529,2.1689453125,351,1,222,3873474,3782.689453125,3873782,3782.990234375,3887094,3795.990234375
7688,7.20703125,350,0,222,3873474,3782.689453125,3873782,3782.990234375,3887094,3795.990234375
7738,7.255859375,351,0,222,3873474,3782.689453125,3873782,3782.990234375,3887094,3795.990234375
8502,8.001953125,111,-1,222,3873474,3782.689453125,3873782,3782.990234375,3887094,3795.990234375
8772,8.265625,350,0,222,3873474,3782.689453125,3873782,3782.990234375,3887094,3795.990234375
8960,8.44921875,101,-1,222,3873474,3782.689453125,3873782,3782.990234375,3887094,3795.990234375
8982,8.470703125,351,0,222,3873474,3782.689453125,3873782,3782.990234375,3887094,3795.990234375
308,0.0,11,-1,223,3883724,3792.69921875,3884032,3793.0,3897344,3806.0
1332,1.0,1,-1,223,3883724,3792.69921875,3884032,3793.0,3897344,3806.0
8503,8.0029296875,111,-1,223,3883724,3792.69921875,3884032,3793.0,3897344,3806.0
8711,8.2060546875,350,0,223,3883724,3792.69921875,3884032,3793.0,3897344,3806.0
8786,8.279296875,351,0,223,3883724,3792.69921875,3884032,3793.0,3897344,3806.0
8811,8.3037109375,350,0,223,3883724,3792.69921875,3884032,3793.0,3897344,3806.0
9012,8.5,101,-1,223,3883724,3792.69921875,3884032,3793.0,3897344,3806.0
9031,8.5185546875,351,0,223,3883724,3792.69921875,3884032,3793.0,3897344,3806.0
308,0.0,14,-1,224,3894030,3802.763671875,3894338,3803.064453125,3907650,3816.064453125
1332,1.0,1,-1,224,3894030,3802.763671875,3894338,3803.064453125,3907650,3816.064453125
5451,5.0224609375,350,1,224,3894030,3802.763671875,3894338,3803.064453125,3907650,3816.064453125
5520,5.08984375,351,1,224,3894030,3802.763671875,3894338,3803.064453125,3907650,3816.064453125
5716,5.28125,350,1,224,3894030,3802.763671875,3894338,3803.064453125,3907650,3816.064453125
5773,5.3369140625,351,1,224,3894030,3802.763671875,3894338,3803.064453125,3907650,3816.064453125
5800,5.36328125,350,1,224,3894030,3802.763671875,3894338,3803.064453125,3907650,3816.064453125
5832,5.39453125,351,1,224,3894030,3802.763671875,3894338,3803.064453125,3907650,3816.064453125
5907,5.4677734375,350,1,224,3894030,3802.763671875,3894338,3803.064453125,3907650,3816.064453125
5964,5.5234375,351,1,224,3894030,3802.763671875,3894338,3803.064453125,3907650,3816.064453125
6142,5.697265625,350,1,224,3894030,3802.763671875,3894338,3803.064453125,3907650,3816.064453125
6179,5.7333984375,351,1,224,3894030,3802.763671875,3894338,3803.064453125,3907650,3816.064453125
6728,6.26953125,350,1,224,3894030,3802.763671875,3894338,3803.064453125,3907650,3816.064453125
6842,6.380859375,351,1,224,3894030,3802.763671875,3894338,3803.064453125,3907650,3816.064453125
6875,6.4130859375,350,1,224,3894030,3802.763671875,3894338,3803.064453125,3907650,3816.064453125
6909,6.4462890625,351,1,224,3894030,3802.763671875,3894338,3803.064453125,3907650,3816.064453125
6951,6.4873046875,350,1,224,3894030,3802.763671875,3894338,3803.064453125,3907650,3816.064453125
7005,6.5400390625,351,1,224,3894030,3802.763671875,3894338,3803.064453125,3907650,3816.064453125
7029,6.5634765625,350,1,224,3894030,3802.763671875,3894338,3803.064453125,3907650,3816.064453125
7086,6.619140625,351,1,224,3894030,3802.763671875,3894338,3803.064453125,3907650,3816.064453125
7227,6.7568359375,350,1,224,3894030,3802.763671875,3894338,3803.064453125,3907650,3816.064453125
7249,6.7783203125,351,1,224,3894030,3802.763671875,3894338,3803.064453125,3907650,3816.064453125
7298,6.826171875,350,1,224,3894030,3802.763671875,3894338,3803.064453125,3907650,3816.064453125
7348,6.875,351,1,224,3894030,3802.763671875,3894338,3803.064453125,3907650,3816.064453125
7469,6.9931640625,350,1,224,3894030,3802.763671875,3894338,3803.064453125,3907650,3816.064453125
7511,7.0341796875,351,1,224,3894030,3802.763671875,3894338,3803.064453125,3907650,3816.064453125
7834,7.349609375,350,1,224,3894030,3802.763671875,3894338,3803.064453125,3907650,3816.064453125
7891,7.4052734375,351,1,224,3894030,3802.763671875,3894338,3803.064453125,3907650,3816.064453125
7930,7.443359375,350,1,224,3894030,3802.763671875,3894338,3803.064453125,3907650,3816.064453125
7983,7.4951171875,351,1,224,3894030,3802.763671875,3894338,3803.064453125,3907650,3816.064453125
8008,7.51953125,350,1,224,3894030,3802.763671875,3894338,3803.064453125,3907650,3816.064453125
8047,7.5576171875,351,1,224,3894030,3802.763671875,3894338,3803.064453125,3907650,3816.064453125
8072,7.58203125,350,1,224,3894030,3802.763671875,3894338,3803.064453125,3907650,3816.064453125
8128,7.63671875,351,1,224,3894030,3802.763671875,3894338,3803.064453125,3907650,3816.064453125
8291,7.7958984375,350,1,224,3894030,3802.763671875,3894338,3803.064453125,3907650,3816.064453125
8386,7.888671875,351,1,224,3894030,3802.763671875,3894338,3803.064453125,3907650,3816.064453125
8403,7.9052734375,350,1,224,3894030,3802.763671875,3894338,3803.064453125,3907650,3816.064453125
8447,7.9482421875,351,1,224,3894030,3802.763671875,3894338,3803.064453125,3907650,3816.064453125
8472,7.97265625,350,1,224,3894030,3802.763671875,3894338,3803.064453125,3907650,3816.064453125
8502,8.001953125,114,-1,224,3894030,3802.763671875,3894338,3803.064453125,3907650,3816.064453125
8509,8.0087890625,351,1,224,3894030,3802.763671875,3894338,3803.064453125,3907650,3816.064453125
8556,8.0546875,350,1,224,3894030,3802.763671875,3894338,3803.064453125,3907650,3816.064453125
8583,8.0810546875,351,1,224,3894030,3802.763671875,3894338,3803.064453125,3907650,3816.064453125
9045,8.5322265625,350,1,224,3894030,3802.763671875,3894338,3803.064453125,3907650,3816.064453125
9212,8.6953125,103,-1,224,3894030,3802.763671875,3894338,3803.064453125,3907650,3816.064453125
9289,8.7705078125,351,1,224,3894030,3802.763671875,3894338,3803.064453125,3907650,3816.064453125
308,0.0,11,-1,225,3904538,3813.025390625,3904846,3813.326171875,3918158,3826.326171875
1332,1.0,1,-1,225,3904538,3813.025390625,3904846,3813.326171875,3918158,3826.326171875
8503,8.0029296875,111,-1,225,3904538,3813.025390625,3904846,3813.326171875,3918158,3826.326171875
8802,8.294921875,350,0,225,3904538,3813.025390625,3904846,3813.326171875,3918158,3826.326171875
8992,8.48046875,101,-1,225,3904538,3813.025390625,3904846,3813.326171875,3918158,3826.326171875
9054,8.541015625,351,0,225,3904538,3813.025390625,3904846,3813.326171875,3918158,3826.326171875
308,0.0,14,-1,226,3914824,3823.0703125,3915132,3823.37109375,3928444,3836.37109375
415,0.1044921875,350,1,226,3914824,3823.0703125,3915132,3823.37109375,3928444,3836.37109375
437,0.1259765625,351,1,226,3914824,3823.0703125,3915132,3823.37109375,3928444,3836.37109375
451,0.1396484375,350,1,226,3914824,3823.0703125,3915132,3823.37109375,3928444,3836.37109375
477,0.1650390625,351,1,226,3914824,3823.0703125,3915132,3823.37109375,3928444,3836.37109375
502,0.189453125,350,1,226,3914824,3823.0703125,3915132,3823.37109375,3928444,3836.37109375
544,0.23046875,351,1,226,3914824,3823.0703125,3915132,3823.37109375,3928444,3836.37109375
582,0.267578125,350,1,226,3914824,3823.0703125,3915132,3823.37109375,3928444,3836.37109375
634,0.318359375,351,1,226,3914824,3823.0703125,3915132,3823.37109375,3928444,3836.37109375
666,0.349609375,350,1,226,3914824,3823.0703125,3915132,3823.37109375,3928444,3836.37109375
716,0.3984375,351,1,226,3914824,3823.0703125,3915132,3823.37109375,3928444,3836.37109375
742,0.423828125,350,1,226,3914824,3823.0703125,3915132,3823.37109375,3928444,3836.37109375
988,0.6640625,351,1,226,3914824,3823.0703125,3915132,3823.37109375,3928444,3836.37109375
994,0.669921875,350,0,226,3914824,3823.0703125,3915132,3823.37109375,3928444,3836.37109375
1070,0.744140625,351,0,226,3914824,3823.0703125,3915132,3823.37109375,3928444,3836.37109375
1332,1.0,1,-1,226,3914824,3823.0703125,3915132,3823.37109375,3928444,3836.37109375
1801,1.4580078125,350,1,226,3914824,3823.0703125,3915132,3823.37109375,3928444,3836.37109375
1925,1.5791015625,351,1,226,3914824,3823.0703125,3915132,3823.37109375,3928444,3836.37109375
3896,3.50390625,350,1,226,3914824,3823.0703125,3915132,3823.37109375,3928444,3836.37109375
3955,3.5615234375,351,1,226,3914824,3823.0703125,3915132,3823.37109375,3928444,3836.37109375
8502,8.001953125,114,-1,226,3914824,3823.0703125,3915132,3823.37109375,3928444,3836.37109375
8981,8.4697265625,350,1,226,3914824,3823.0703125,3915132,3823.37109375,3928444,3836.37109375
9057,8.5439453125,351,1,226,3914824,3823.0703125,3915132,3823.37109375,3928444,3836.37109375
9111,8.5966796875,350,1,226,3914824,3823.0703125,3915132,3823.37109375,3928444,3836.37109375
9320,8.80078125,351,1,226,3914824,3823.0703125,3915132,3823.37109375,3928444,3836.37109375
9324,8.8046875,103,-1,226,3914824,3823.0703125,3915132,3823.37109375,3928444,3836.37109375
308,0.0,11,-1,227,3925453,3833.4501953125,3925761,3833.7509765625,3939073,3846.7509765625
1332,1.0,1,-1,227,3925453,3833.4501953125,3925761,3833.7509765625,3939073,3846.7509765625
8007,7.5185546875,350,0,227,3925453,3833.4501953125,3925761,3833.7509765625,3939073,3846.7509765625
8074,7.583984375,351,0,227,3925453,3833.4501953125,3925761,3833.7509765625,3939073,3846.7509765625
8503,8.0029296875,111,-1,227,3925453,3833.4501953125,3925761,3833.7509765625,3939073,3846.7509765625
8509,8.0087890625,350,0,227,3925453,3833.4501953125,3925761,3833.7509765625,3939073,3846.7509765625
8548,8.046875,351,0,227,3925453,3833.4501953125,3925761,3833.7509765625,3939073,3846.7509765625
8870,8.361328125,350,0,227,3925453,3833.4501953125,3925761,3833.7509765625,3939073,3846.7509765625
9119,8.6044921875,101,-1,227,3925453,3833.4501953125,3925761,3833.7509765625,3939073,3846.7509765625
9146,8.630859375,351,0,227,3925453,3833.4501953125,3925761,3833.7509765625,3939073,3846.7509765625
308,0.0,11,-1,228,3935876,3843.62890625,3936184,3843.9296875,3949496,3856.9296875
1331,0.9990234375,1,-1,228,3935876,3843.62890625,3936184,3843.9296875,3949496,3856.9296875
8502,8.001953125,111,-1,228,3935876,3843.62890625,3936184,3843.9296875,3949496,3856.9296875
8813,8.3056640625,350,1,228,3935876,3843.62890625,3936184,3843.9296875,3949496,3856.9296875
8855,8.3466796875,351,1,228,3935876,3843.62890625,3936184,3843.9296875,3949496,3856.9296875
8888,8.37890625,350,0,228,3935876,3843.62890625,3936184,3843.9296875,3949496,3856.9296875
9182,8.666015625,101,-1,228,3935876,3843.62890625,3936184,3843.9296875,3949496,3856.9296875
9185,8.6689453125,351,0,228,3935876,3843.62890625,3936184,3843.9296875,3949496,3856.9296875
308,0.0,14,-1,229,3946348,3853.85546875,3946656,3854.15625,3959968,3867.15625
1044,0.71875,350,0,229,3946348,3853.85546875,3946656,3854.15625,3959968,3867.15625
1143,0.8154296875,351,0,229,3946348,3853.85546875,3946656,3854.15625,3959968,3867.15625
1333,1.0009765625,1,-1,229,3946348,3853.85546875,3946656,3854.15625,3959968,3867.15625
7143,6.6748046875,350,1,229,3946348,3853.85546875,3946656,3854.15625,3959968,3867.15625
7261,6.7900390625,351,1,229,3946348,3853.85546875,3946656,3854.15625,3959968,3867.15625
8504,8.00390625,114,-1,229,3946348,3853.85546875,3946656,3854.15625,3959968,3867.15625
8873,8.3642578125,350,1,229,3946348,3853.85546875,3946656,3854.15625,3959968,3867.15625
9037,8.5244140625,351,1,229,3946348,3853.85546875,3946656,3854.15625,3959968,3867.15625
9044,8.53125,103,-1,229,3946348,3853.85546875,3946656,3854.15625,3959968,3867.15625
308,0.0,11,-1,230,3956687,3863.9521484375,3956995,3864.2529296875,3970307,3877.2529296875
1331,0.9990234375,1,-1,230,3956687,3863.9521484375,3956995,3864.2529296875,3970307,3877.2529296875
2404,2.046875,350,0,230,3956687,3863.9521484375,3956995,3864.2529296875,3970307,3877.2529296875
2516,2.15625,351,0,230,3956687,3863.9521484375,3956995,3864.2529296875,3970307,3877.2529296875
2558,2.197265625,350,0,230,3956687,3863.9521484375,3956995,3864.2529296875,3970307,3877.2529296875
2609,2.2470703125,351,0,230,3956687,3863.9521484375,3956995,3864.2529296875,3970307,3877.2529296875
2631,2.2685546875,350,0,230,3956687,3863.9521484375,3956995,3864.2529296875,3970307,3877.2529296875
2650,2.287109375,351,0,230,3956687,3863.9521484375,3956995,3864.2529296875,3970307,3877.2529296875
2689,2.3251953125,350,0,230,3956687,3863.9521484375,3956995,3864.2529296875,3970307,3877.2529296875
2742,2.376953125,351,0,230,3956687,3863.9521484375,3956995,3864.2529296875,3970307,3877.2529296875
2824,2.45703125,350,0,230,3956687,3863.9521484375,3956995,3864.2529296875,3970307,3877.2529296875
2904,2.53515625,351,0,230,3956687,3863.9521484375,3956995,3864.2529296875,3970307,3877.2529296875
3698,3.310546875,350,0,230,3956687,3863.9521484375,3956995,3864.2529296875,3970307,3877.2529296875
3745,3.3564453125,351,0,230,3956687,3863.9521484375,3956995,3864.2529296875,3970307,3877.2529296875
3776,3.38671875,350,0,230,3956687,3863.9521484375,3956995,3864.2529296875,3970307,3877.2529296875
3846,3.455078125,351,0,230,3956687,3863.9521484375,3956995,3864.2529296875,3970307,3877.2529296875
3932,3.5390625,350,0,230,3956687,3863.9521484375,3956995,3864.2529296875,3970307,3877.2529296875
3981,3.5869140625,351,0,230,3956687,3863.9521484375,3956995,3864.2529296875,3970307,3877.2529296875
8501,8.0009765625,111,-1,230,3956687,3863.9521484375,3956995,3864.2529296875,3970307,3877.2529296875
8833,8.3251953125,350,0,230,3956687,3863.9521484375,3956995,3864.2529296875,3970307,3877.2529296875
9020,8.5078125,351,0,230,3956687,3863.9521484375,3956995,3864.2529296875,3970307,3877.2529296875
9043,8.5302734375,350,0,230,3956687,3863.9521484375,3956995,3864.2529296875,3970307,3877.2529296875
9160,8.64453125,101,-1,230,3956687,3863.9521484375,3956995,3864.2529296875,3970307,3877.2529296875
9176,8.66015625,351,0,230,3956687,3863.9521484375,3956995,3864.2529296875,3970307,3877.2529296875
308,0.0,14,-1,231,3967143,3874.1630859375,3967451,3874.4638671875,3980763,3887.4638671875
1331,0.9990234375,1,-1,231,3967143,3874.1630859375,3967451,3874.4638671875,3980763,3887.4638671875
2646,2.283203125,350,1,231,3967143,3874.1630859375,3967451,3874.4638671875,3980763,3887.4638671875
2666,2.302734375,351,1,231,3967143,3874.1630859375,3967451,3874.4638671875,3980763,3887.4638671875
5726,5.291015625,350,1,231,3967143,3874.1630859375,3967451,3874.4638671875,3980763,3887.4638671875
5813,5.3759765625,351,1,231,3967143,3874.1630859375,3967451,3874.4638671875,3980763,3887.4638671875
8273,7.7783203125,350,1,231,3967143,3874.1630859375,3967451,3874.4638671875,3980763,3887.4638671875
8305,7.8095703125,351,1,231,3967143,3874.1630859375,3967451,3874.4638671875,3980763,3887.4638671875
8502,8.001953125,114,-1,231,3967143,3874.1630859375,3967451,3874.4638671875,3980763,3887.4638671875
8540,8.0390625,350,0,231,3967143,3874.1630859375,3967451,3874.4638671875,3980763,3887.4638671875
8588,8.0859375,351,0,231,3967143,3874.1630859375,3967451,3874.4638671875,3980763,3887.4638671875
8778,8.271484375,350,1,231,3967143,3874.1630859375,3967451,3874.4638671875,3980763,3887.4638671875
8962,8.451171875,103,-1,231,3967143,3874.1630859375,3967451,3874.4638671875,3980763,3887.4638671875
9015,8.5029296875,351,1,231,3967143,3874.1630859375,3967451,3874.4638671875,3980763,3887.4638671875
308,0.0,14,-1,232,3977396,3884.17578125,3977704,3884.4765625,3991016,3897.4765625
1332,1.0,1,-1,232,3977396,3884.17578125,3977704,3884.4765625,3991016,3897.4765625
8501,8.0009765625,114,-1,232,3977396,3884.17578125,3977704,3884.4765625,3991016,3897.4765625
8794,8.287109375,350,1,232,3977396,3884.17578125,3977704,3884.4765625,3991016,3897.4765625
8962,8.451171875,103,-1,232,3977396,3884.17578125,3977704,3884.4765625,3991016,3897.4765625
8994,8.482421875,351,1,232,3977396,3884.17578125,3977704,3884.4765625,3991016,3897.4765625
308,0.0,11,-1,233,3987647,3894.1865234375,3987955,3894.4873046875,4001267,3907.4873046875
1331,0.9990234375,1,-1,233,3987647,3894.1865234375,3987955,3894.4873046875,4001267,3907.4873046875
7586,7.107421875,350,0,233,3987647,3894.1865234375,3987955,3894.4873046875,4001267,3907.4873046875
7686,7.205078125,351,0,233,3987647,3894.1865234375,3987955,3894.4873046875,4001267,3907.4873046875
7790,7.306640625,350,0,233,3987647,3894.1865234375,3987955,3894.4873046875,4001267,3907.4873046875
7827,7.3427734375,351,0,233,3987647,3894.1865234375,3987955,3894.4873046875,4001267,3907.4873046875
7861,7.3759765625,350,0,233,3987647,3894.1865234375,3987955,3894.4873046875,4001267,3907.4873046875
7891,7.4052734375,351,0,233,3987647,3894.1865234375,3987955,3894.4873046875,4001267,3907.4873046875
7937,7.4501953125,350,0,233,3987647,3894.1865234375,3987955,3894.4873046875,4001267,3907.4873046875
7978,7.490234375,351,0,233,3987647,3894.1865234375,3987955,3894.4873046875,4001267,3907.4873046875
8091,7.6005859375,350,0,233,3987647,3894.1865234375,3987955,3894.4873046875,4001267,3907.4873046875
8232,7.73828125,351,0,233,3987647,3894.1865234375,3987955,3894.4873046875,4001267,3907.4873046875
8283,7.7880859375,350,0,233,3987647,3894.1865234375,3987955,3894.4873046875,4001267,3907.4873046875
8503,8.0029296875,111,-1,233,3987647,3894.1865234375,3987955,3894.4873046875,4001267,3907.4873046875
8545,8.0439453125,351,0,233,3987647,3894.1865234375,3987955,3894.4873046875,4001267,3907.4873046875
8579,8.0771484375,350,0,233,3987647,3894.1865234375,3987955,3894.4873046875,4001267,3907.4873046875
8634,8.130859375,351,0,233,3987647,3894.1865234375,3987955,3894.4873046875,4001267,3907.4873046875
8653,8.1494140625,350,0,233,3987647,3894.1865234375,3987955,3894.4873046875,4001267,3907.4873046875
8683,8.1787109375,351,0,233,3987647,3894.1865234375,3987955,3894.4873046875,4001267,3907.4873046875
8729,8.2236328125,350,0,233,3987647,3894.1865234375,3987955,3894.4873046875,4001267,3907.4873046875
8987,8.4755859375,351,0,233,3987647,3894.1865234375,3987955,3894.4873046875,4001267,3907.4873046875
9197,8.6806640625,350,0,233,3987647,3894.1865234375,3987955,3894.4873046875,4001267,3907.4873046875
9397,8.8759765625,351,0,233,3987647,3894.1865234375,3987955,3894.4873046875,4001267,3907.4873046875
9420,8.8984375,350,0,233,3987647,3894.1865234375,3987955,3894.4873046875,4001267,3907.4873046875
9462,8.939453125,351,0,233,3987647,3894.1865234375,3987955,3894.4873046875,4001267,3907.4873046875
9526,9.001953125,350,0,233,3987647,3894.1865234375,3987955,3894.4873046875,4001267,3907.4873046875
9611,9.0849609375,351,0,233,3987647,3894.1865234375,3987955,3894.4873046875,4001267,3907.4873046875
9640,9.11328125,350,0,233,3987647,3894.1865234375,3987955,3894.4873046875,4001267,3907.4873046875
9845,9.3134765625,101,-1,233,3987647,3894.1865234375,3987955,3894.4873046875,4001267,3907.4873046875
9854,9.322265625,351,0,233,3987647,3894.1865234375,3987955,3894.4873046875,4001267,3907.4873046875
308,0.0,11,-1,234,3998787,3905.0654296875,3999095,3905.3662109375,4012407,3918.3662109375
1332,1.0,1,-1,234,3998787,3905.0654296875,3999095,3905.3662109375,4012407,3918.3662109375
4746,4.333984375,350,0,234,3998787,3905.0654296875,3999095,3905.3662109375,4012407,3918.3662109375
4824,4.41015625,351,0,234,3998787,3905.0654296875,3999095,3905.3662109375,4012407,3918.3662109375
7969,7.4814453125,350,0,234,3998787,3905.0654296875,3999095,3905.3662109375,4012407,3918.3662109375
8051,7.5615234375,351,0,234,3998787,3905.0654296875,3999095,3905.3662109375,4012407,3918.3662109375
8101,7.6103515625,350,0,234,3998787,3905.0654296875,3999095,3905.3662109375,4012407,3918.3662109375
8184,7.69140625,351,0,234,3998787,3905.0654296875,3999095,3905.3662109375,4012407,3918.3662109375
8337,7.8408203125,350,0,234,3998787,3905.0654296875,3999095,3905.3662109375,4012407,3918.3662109375
8431,7.9326171875,351,0,234,3998787,3905.0654296875,3999095,3905.3662109375,4012407,3918.3662109375
8502,8.001953125,111,-1,234,3998787,3905.0654296875,3999095,3905.3662109375,4012407,3918.3662109375
8725,8.2197265625,350,0,234,3998787,3905.0654296875,3999095,3905.3662109375,4012407,3918.3662109375
8891,8.3818359375,101,-1,234,3998787,3905.0654296875,3999095,3905.3662109375,4012407,3918.3662109375
8936,8.42578125,351,0,234,3998787,3905.0654296875,3999095,3905.3662109375,4012407,3918.3662109375
308,0.0,14,-1,235,4008983,3915.0224609375,4009291,3915.3232421875,4022603,3928.3232421875
1329,0.9970703125,1,-1,235,4008983,3915.0224609375,4009291,3915.3232421875,4022603,3928.3232421875
5348,4.921875,350,1,235,4008983,3915.0224609375,4009291,3915.3232421875,4022603,3928.3232421875
5377,4.9501953125,351,1,235,4008983,3915.0224609375,4009291,3915.3232421875,4022603,3928.3232421875
5416,4.98828125,350,1,235,4008983,3915.0224609375,4009291,3915.3232421875,4022603,3928.3232421875
5471,5.0419921875,351,1,235,4008983,3915.0224609375,4009291,3915.3232421875,4022603,3928.3232421875
5734,5.298828125,350,1,235,4008983,3915.0224609375,4009291,3915.3232421875,4022603,3928.3232421875
5893,5.4541015625,351,1,235,4008983,3915.0224609375,4009291,3915.3232421875,4022603,3928.3232421875
5935,5.4951171875,350,1,235,4008983,3915.0224609375,4009291,3915.3232421875,4022603,3928.3232421875
6162,5.716796875,351,1,235,4008983,3915.0224609375,4009291,3915.3232421875,4022603,3928.3232421875
6195,5.7490234375,350,1,235,4008983,3915.0224609375,4009291,3915.3232421875,4022603,3928.3232421875
6215,5.7685546875,351,1,235,4008983,3915.0224609375,4009291,3915.3232421875,4022603,3928.3232421875
6233,5.7861328125,350,1,235,4008983,3915.0224609375,4009291,3915.3232421875,4022603,3928.3232421875
6439,5.9873046875,351,1,235,4008983,3915.0224609375,4009291,3915.3232421875,4022603,3928.3232421875
6453,6.0009765625,350,1,235,4008983,3915.0224609375,4009291,3915.3232421875,4022603,3928.3232421875
6508,6.0546875,351,1,235,4008983,3915.0224609375,4009291,3915.3232421875,4022603,3928.3232421875
6526,6.072265625,350,1,235,4008983,3915.0224609375,4009291,3915.3232421875,4022603,3928.3232421875
6593,6.1376953125,351,1,235,4008983,3915.0224609375,4009291,3915.3232421875,4022603,3928.3232421875
6791,6.3310546875,350,1,235,4008983,3915.0224609375,4009291,3915.3232421875,4022603,3928.3232421875
6863,6.4013671875,351,1,235,4008983,3915.0224609375,4009291,3915.3232421875,4022603,3928.3232421875
6905,6.4423828125,350,1,235,4008983,3915.0224609375,4009291,3915.3232421875,4022603,3928.3232421875
7082,6.615234375,351,1,235,4008983,3915.0224609375,4009291,3915.3232421875,4022603,3928.3232421875
7096,6.62890625,350,1,235,4008983,3915.0224609375,4009291,3915.3232421875,4022603,3928.3232421875
7352,6.87890625,351,1,235,4008983,3915.0224609375,4009291,3915.3232421875,4022603,3928.3232421875
7375,6.9013671875,350,1,235,4008983,3915.0224609375,4009291,3915.3232421875,4022603,3928.3232421875
7441,6.9658203125,351,1,235,4008983,3915.0224609375,4009291,3915.3232421875,4022603,3928.3232421875
7467,6.9912109375,350,1,235,4008983,3915.0224609375,4009291,3915.3232421875,4022603,3928.3232421875
7500,7.0234375,351,1,235,4008983,3915.0224609375,4009291,3915.3232421875,4022603,3928.3232421875
7520,7.04296875,350,1,235,4008983,3915.0224609375,4009291,3915.3232421875,4022603,3928.3232421875
7589,7.1103515625,351,1,235,4008983,3915.0224609375,4009291,3915.3232421875,4022603,3928.3232421875
7614,7.134765625,350,1,235,4008983,3915.0224609375,4009291,3915.3232421875,4022603,3928.3232421875
7751,7.2685546875,351,1,235,4008983,3915.0224609375,4009291,3915.3232421875,4022603,3928.3232421875
7779,7.2958984375,350,1,235,4008983,3915.0224609375,4009291,3915.3232421875,4022603,3928.3232421875
7847,7.3623046875,351,1,235,4008983,3915.0224609375,4009291,3915.3232421875,4022603,3928.3232421875
7882,7.396484375,350,1,235,4008983,3915.0224609375,4009291,3915.3232421875,4022603,3928.3232421875
8036,7.546875,351,1,235,4008983,3915.0224609375,4009291,3915.3232421875,4022603,3928.3232421875
8061,7.5712890625,350,1,235,4008983,3915.0224609375,4009291,3915.3232421875,4022603,3928.3232421875
8107,7.6162109375,351,1,235,4008983,3915.0224609375,4009291,3915.3232421875,4022603,3928.3232421875
8126,7.634765625,350,1,235,4008983,3915.0224609375,4009291,3915.3232421875,4022603,3928.3232421875
8146,7.654296875,351,1,235,4008983,3915.0224609375,4009291,3915.3232421875,4022603,3928.3232421875
8164,7.671875,350,1,235,4008983,3915.0224609375,4009291,3915.3232421875,4022603,3928.3232421875
8274,7.779296875,351,1,235,4008983,3915.0224609375,4009291,3915.3232421875,4022603,3928.3232421875
8288,7.79296875,350,1,235,4008983,3915.0224609375,4009291,3915.3232421875,4022603,3928.3232421875
8323,7.8271484375,351,1,235,4008983,3915.0224609375,4009291,3915.3232421875,4022603,3928.3232421875
8342,7.845703125,350,1,235,4008983,3915.0224609375,4009291,3915.3232421875,4022603,3928.3232421875
8361,7.8642578125,351,1,235,4008983,3915.0224609375,4009291,3915.3232421875,4022603,3928.3232421875
8379,7.8818359375,350,1,235,4008983,3915.0224609375,4009291,3915.3232421875,4022603,3928.3232421875
8449,7.9501953125,351,1,235,4008983,3915.0224609375,4009291,3915.3232421875,4022603,3928.3232421875
8476,7.9765625,350,1,235,4008983,3915.0224609375,4009291,3915.3232421875,4022603,3928.3232421875
8499,7.9990234375,114,-1,235,4008983,3915.0224609375,4009291,3915.3232421875,4022603,3928.3232421875
8534,8.033203125,351,1,235,4008983,3915.0224609375,4009291,3915.3232421875,4022603,3928.3232421875
8560,8.05859375,350,1,235,4008983,3915.0224609375,4009291,3915.3232421875,4022603,3928.3232421875
8575,8.0732421875,351,1,235,4008983,3915.0224609375,4009291,3915.3232421875,4022603,3928.3232421875
8599,8.0966796875,350,1,235,4008983,3915.0224609375,4009291,3915.3232421875,4022603,3928.3232421875
8651,8.1474609375,351,1,235,4008983,3915.0224609375,4009291,3915.3232421875,4022603,3928.3232421875
8678,8.173828125,350,1,235,4008983,3915.0224609375,4009291,3915.3232421875,4022603,3928.3232421875
8920,8.41015625,351,1,235,4008983,3915.0224609375,4009291,3915.3232421875,4022603,3928.3232421875
8928,8.41796875,103,-1,235,4008983,3915.0224609375,4009291,3915.3232421875,4022603,3928.3232421875
308,0.0,14,-1,236,4019216,3925.015625,4019524,3925.31640625,4032836,3938.31640625
1331,0.9990234375,1,-1,236,4019216,3925.015625,4019524,3925.31640625,4032836,3938.31640625
6241,5.7939453125,350,1,236,4019216,3925.015625,4019524,3925.31640625,4032836,3938.31640625
6324,5.875,351,1,236,4019216,3925.015625,4019524,3925.31640625,4032836,3938.31640625
6360,5.91015625,350,1,236,4019216,3925.015625,4019524,3925.31640625,4032836,3938.31640625
6378,5.927734375,351,1,236,4019216,3925.015625,4019524,3925.31640625,4032836,3938.31640625
6790,6.330078125,350,1,236,4019216,3925.015625,4019524,3925.31640625,4032836,3938.31640625
6893,6.4306640625,351,1,236,4019216,3925.015625,4019524,3925.31640625,4032836,3938.31640625
7318,6.845703125,350,1,236,4019216,3925.015625,4019524,3925.31640625,4032836,3938.31640625
7511,7.0341796875,351,1,236,4019216,3925.015625,4019524,3925.31640625,4032836,3938.31640625
7650,7.169921875,350,1,236,4019216,3925.015625,4019524,3925.31640625,4032836,3938.31640625
7724,7.2421875,351,1,236,4019216,3925.015625,4019524,3925.31640625,4032836,3938.31640625
7744,7.26171875,350,1,236,4019216,3925.015625,4019524,3925.31640625,4032836,3938.31640625
7760,7.27734375,351,1,236,4019216,3925.015625,4019524,3925.31640625,4032836,3938.31640625
7775,7.2919921875,350,1,236,4019216,3925.015625,4019524,3925.31640625,4032836,3938.31640625
7900,7.4140625,351,1,236,4019216,3925.015625,4019524,3925.31640625,4032836,3938.31640625
7954,7.466796875,350,1,236,4019216,3925.015625,4019524,3925.31640625,4032836,3938.31640625
8060,7.5703125,351,1,236,4019216,3925.015625,4019524,3925.31640625,4032836,3938.31640625
8106,7.615234375,350,1,236,4019216,3925.015625,4019524,3925.31640625,4032836,3938.31640625
8161,7.6689453125,351,1,236,4019216,3925.015625,4019524,3925.31640625,4032836,3938.31640625
8175,7.6826171875,350,1,236,4019216,3925.015625,4019524,3925.31640625,4032836,3938.31640625
8232,7.73828125,351,1,236,4019216,3925.015625,4019524,3925.31640625,4032836,3938.31640625
8267,7.7724609375,350,1,236,4019216,3925.015625,4019524,3925.31640625,4032836,3938.31640625
8311,7.8154296875,351,1,236,4019216,3925.015625,4019524,3925.31640625,4032836,3938.31640625
8381,7.8837890625,350,1,236,4019216,3925.015625,4019524,3925.31640625,4032836,3938.31640625
8438,7.939453125,351,1,236,4019216,3925.015625,4019524,3925.31640625,4032836,3938.31640625
8502,8.001953125,114,-1,236,4019216,3925.015625,4019524,3925.31640625,4032836,3938.31640625
8539,8.0380859375,350,1,236,4019216,3925.015625,4019524,3925.31640625,4032836,3938.31640625
8615,8.1123046875,351,1,236,4019216,3925.015625,4019524,3925.31640625,4032836,3938.31640625
8746,8.240234375,350,1,236,4019216,3925.015625,4019524,3925.31640625,4032836,3938.31640625
8943,8.4326171875,103,-1,236,4019216,3925.015625,4019524,3925.31640625,4032836,3938.31640625
8956,8.4453125,351,1,236,4019216,3925.015625,4019524,3925.31640625,4032836,3938.31640625
308,0.0,11,-1,237,4029449,3935.0087890625,4029757,3935.3095703125,4043069,3948.3095703125
1333,1.0009765625,1,-1,237,4029449,3935.0087890625,4029757,3935.3095703125,4043069,3948.3095703125
5364,4.9375,350,0,237,4029449,3935.0087890625,4029757,3935.3095703125,4043069,3948.3095703125
5380,4.953125,351,0,237,4029449,3935.0087890625,4029757,3935.3095703125,4043069,3948.3095703125
5446,5.017578125,350,0,237,4029449,3935.0087890625,4029757,3935.3095703125,4043069,3948.3095703125
5506,5.076171875,351,0,237,4029449,3935.0087890625,4029757,3935.3095703125,4043069,3948.3095703125
6416,5.96484375,350,0,237,4029449,3935.0087890625,4029757,3935.3095703125,4043069,3948.3095703125
6448,5.99609375,351,0,237,4029449,3935.0087890625,4029757,3935.3095703125,4043069,3948.3095703125
6486,6.033203125,350,0,237,4029449,3935.0087890625,4029757,3935.3095703125,4043069,3948.3095703125
6532,6.078125,351,0,237,4029449,3935.0087890625,4029757,3935.3095703125,4043069,3948.3095703125
6588,6.1328125,350,0,237,4029449,3935.0087890625,4029757,3935.3095703125,4043069,3948.3095703125
6676,6.21875,351,0,237,4029449,3935.0087890625,4029757,3935.3095703125,4043069,3948.3095703125
6717,6.2587890625,350,0,237,4029449,3935.0087890625,4029757,3935.3095703125,4043069,3948.3095703125
6754,6.294921875,351,0,237,4029449,3935.0087890625,4029757,3935.3095703125,4043069,3948.3095703125
6799,6.3388671875,350,0,237,4029449,3935.0087890625,4029757,3935.3095703125,4043069,3948.3095703125
7043,6.5771484375,351,0,237,4029449,3935.0087890625,4029757,3935.3095703125,4043069,3948.3095703125
7062,6.595703125,350,0,237,4029449,3935.0087890625,4029757,3935.3095703125,4043069,3948.3095703125
7176,6.70703125,351,0,237,4029449,3935.0087890625,4029757,3935.3095703125,4043069,3948.3095703125
7208,6.73828125,350,0,237,4029449,3935.0087890625,4029757,3935.3095703125,4043069,3948.3095703125
7252,6.78125,351,0,237,4029449,3935.0087890625,4029757,3935.3095703125,4043069,3948.3095703125
7533,7.0556640625,350,0,237,4029449,3935.0087890625,4029757,3935.3095703125,4043069,3948.3095703125
7588,7.109375,351,0,237,4029449,3935.0087890625,4029757,3935.3095703125,4043069,3948.3095703125
7857,7.3720703125,350,0,237,4029449,3935.0087890625,4029757,3935.3095703125,4043069,3948.3095703125
7926,7.439453125,351,0,237,4029449,3935.0087890625,4029757,3935.3095703125,4043069,3948.3095703125
8104,7.61328125,350,0,237,4029449,3935.0087890625,4029757,3935.3095703125,4043069,3948.3095703125
8219,7.7255859375,351,0,237,4029449,3935.0087890625,4029757,3935.3095703125,4043069,3948.3095703125
8318,7.822265625,350,0,237,4029449,3935.0087890625,4029757,3935.3095703125,4043069,3948.3095703125
8388,7.890625,351,0,237,4029449,3935.0087890625,4029757,3935.3095703125,4043069,3948.3095703125
8485,7.9853515625,350,0,237,4029449,3935.0087890625,4029757,3935.3095703125,4043069,3948.3095703125
8503,8.0029296875,111,-1,237,4029449,3935.0087890625,4029757,3935.3095703125,4043069,3948.3095703125
8524,8.0234375,351,0,237,4029449,3935.0087890625,4029757,3935.3095703125,4043069,3948.3095703125
8594,8.091796875,350,0,237,4029449,3935.0087890625,4029757,3935.3095703125,4043069,3948.3095703125
8613,8.1103515625,351,0,237,4029449,3935.0087890625,4029757,3935.3095703125,4043069,3948.3095703125
8681,8.1767578125,350,0,237,4029449,3935.0087890625,4029757,3935.3095703125,4043069,3948.3095703125
8962,8.451171875,101,-1,237,4029449,3935.0087890625,4029757,3935.3095703125,4043069,3948.3095703125
8980,8.46875,351,0,237,4029449,3935.0087890625,4029757,3935.3095703125,4043069,3948.3095703125
308,0.0,14,-1,238,4039703,3945.0224609375,4040011,3945.3232421875,4053323,3958.3232421875
1331,0.9990234375,1,-1,238,4039703,3945.0224609375,4040011,3945.3232421875,4053323,3958.3232421875
8502,8.001953125,114,-1,238,4039703,3945.0224609375,4040011,3945.3232421875,4053323,3958.3232421875
8838,8.330078125,350,1,238,4039703,3945.0224609375,4040011,3945.3232421875,4053323,3958.3232421875
9000,8.48828125,103,-1,238,4039703,3945.0224609375,4040011,3945.3232421875,4053323,3958.3232421875
9035,8.5224609375,351,1,238,4039703,3945.0224609375,4040011,3945.3232421875,4053323,3958.3232421875
308,0.0,11,-1,239,4050006,3955.083984375,4050314,3955.384765625,4063626,3968.384765625
1332,1.0,1,-1,239,4050006,3955.083984375,4050314,3955.384765625,4063626,3968.384765625
5245,4.8212890625,350,0,239,4050006,3955.083984375,4050314,3955.384765625,4063626,3968.384765625
5331,4.9052734375,351,0,239,4050006,3955.083984375,4050314,3955.384765625,4063626,3968.384765625
5381,4.9541015625,350,0,239,4050006,3955.083984375,4050314,3955.384765625,4063626,3968.384765625
5447,5.0185546875,351,0,239,4050006,3955.083984375,4050314,3955.384765625,4063626,3968.384765625
5501,5.0712890625,350,0,239,4050006,3955.083984375,4050314,3955.384765625,4063626,3968.384765625
5546,5.115234375,351,0,239,4050006,3955.083984375,4050314,3955.384765625,4063626,3968.384765625
5575,5.1435546875,350,0,239,4050006,3955.083984375,4050314,3955.384765625,4063626,3968.384765625
5613,5.1806640625,351,0,239,4050006,3955.083984375,4050314,3955.384765625,4063626,3968.384765625
5657,5.2236328125,350,0,239,4050006,3955.083984375,4050314,3955.384765625,4063626,3968.384765625
5706,5.271484375,351,0,239,4050006,3955.083984375,4050314,3955.384765625,4063626,3968.384765625
5748,5.3125,350,0,239,4050006,3955.083984375,4050314,3955.384765625,4063626,3968.384765625
5826,5.388671875,351,0,239,4050006,3955.083984375,4050314,3955.384765625,4063626,3968.384765625
5853,5.4150390625,350,0,239,4050006,3955.083984375,4050314,3955.384765625,4063626,3968.384765625
5903,5.4638671875,351,0,239,4050006,3955.083984375,4050314,3955.384765625,4063626,3968.384765625
5943,5.5029296875,350,0,239,4050006,3955.083984375,4050314,3955.384765625,4063626,3968.384765625
6116,5.671875,351,0,239,4050006,3955.083984375,4050314,3955.384765625,4063626,3968.384765625
6136,5.69140625,350,0,239,4050006,3955.083984375,4050314,3955.384765625,4063626,3968.384765625
6247,5.7998046875,351,0,239,4050006,3955.083984375,4050314,3955.384765625,4063626,3968.384765625
6264,5.81640625,350,0,239,4050006,3955.083984375,4050314,3955.384765625,4063626,3968.384765625
6403,5.9521484375,351,0,239,4050006,3955.083984375,4050314,3955.384765625,4063626,3968.384765625
6418,5.966796875,350,0,239,4050006,3955.083984375,4050314,3955.384765625,4063626,3968.384765625
6465,6.0126953125,351,0,239,4050006,3955.083984375,4050314,3955.384765625,4063626,3968.384765625
6533,6.0791015625,350,0,239,4050006,3955.083984375,4050314,3955.384765625,4063626,3968.384765625
6584,6.12890625,351,0,239,4050006,3955.083984375,4050314,3955.384765625,4063626,3968.384765625
6603,6.1474609375,350,0,239,4050006,3955.083984375,4050314,3955.384765625,4063626,3968.384765625
6630,6.173828125,351,0,239,4050006,3955.083984375,4050314,3955.384765625,4063626,3968.384765625
6650,6.193359375,350,0,239,4050006,3955.083984375,4050314,3955.384765625,4063626,3968.384765625
6684,6.2265625,351,0,239,4050006,3955.083984375,4050314,3955.384765625,4063626,3968.384765625
6708,6.25,350,0,239,4050006,3955.083984375,4050314,3955.384765625,4063626,3968.384765625
6744,6.28515625,351,0,239,4050006,3955.083984375,4050314,3955.384765625,4063626,3968.384765625
6766,6.306640625,350,0,239,4050006,3955.083984375,4050314,3955.384765625,4063626,3968.384765625
6799,6.3388671875,351,0,239,4050006,3955.083984375,4050314,3955.384765625,4063626,3968.384765625
6912,6.44921875,350,0,239,4050006,3955.083984375,4050314,3955.384765625,4063626,3968.384765625
7025,6.5595703125,351,0,239,4050006,3955.083984375,4050314,3955.384765625,4063626,3968.384765625
7056,6.58984375,350,0,239,4050006,3955.083984375,4050314,3955.384765625,4063626,3968.384765625
7159,6.6904296875,351,0,239,4050006,3955.083984375,4050314,3955.384765625,4063626,3968.384765625
7184,6.71484375,350,0,239,4050006,3955.083984375,4050314,3955.384765625,4063626,3968.384765625
7244,6.7734375,351,0,239,4050006,3955.083984375,4050314,3955.384765625,4063626,3968.384765625
7281,6.8095703125,350,0,239,4050006,3955.083984375,4050314,3955.384765625,4063626,3968.384765625
7378,6.904296875,351,0,239,4050006,3955.083984375,4050314,3955.384765625,4063626,3968.384765625
7473,6.9970703125,350,0,239,4050006,3955.083984375,4050314,3955.384765625,4063626,3968.384765625
7535,7.0576171875,351,0,239,4050006,3955.083984375,4050314,3955.384765625,4063626,3968.384765625
7570,7.091796875,350,0,239,4050006,3955.083984375,4050314,3955.384765625,4063626,3968.384765625
7614,7.134765625,351,0,239,4050006,3955.083984375,4050314,3955.384765625,4063626,3968.384765625
7627,7.1474609375,350,0,239,4050006,3955.083984375,4050314,3955.384765625,4063626,3968.384765625
7670,7.189453125,351,0,239,4050006,3955.083984375,4050314,3955.384765625,4063626,3968.384765625
7725,7.2431640625,350,0,239,4050006,3955.083984375,4050314,3955.384765625,4063626,3968.384765625
7811,7.3271484375,351,0,239,4050006,3955.083984375,4050314,3955.384765625,4063626,3968.384765625
8316,7.8203125,350,0,239,4050006,3955.083984375,4050314,3955.384765625,4063626,3968.384765625
8385,7.8876953125,351,0,239,4050006,3955.083984375,4050314,3955.384765625,4063626,3968.384765625
8504,8.00390625,111,-1,239,4050006,3955.083984375,4050314,3955.384765625,4063626,3968.384765625
8520,8.01953125,350,0,239,4050006,3955.083984375,4050314,3955.384765625,4063626,3968.384765625
8563,8.0615234375,351,0,239,4050006,3955.083984375,4050314,3955.384765625,4063626,3968.384765625
8660,8.15625,350,0,239,4050006,3955.083984375,4050314,3955.384765625,4063626,3968.384765625
8888,8.37890625,351,0,239,4050006,3955.083984375,4050314,3955.384765625,4063626,3968.384765625
9028,8.515625,350,0,239,4050006,3955.083984375,4050314,3955.384765625,4063626,3968.384765625
9089,8.5751953125,351,0,239,4050006,3955.083984375,4050314,3955.384765625,4063626,3968.384765625
9128,8.61328125,350,0,239,4050006,3955.083984375,4050314,3955.384765625,4063626,3968.384765625
9177,8.6611328125,351,0,239,4050006,3955.083984375,4050314,3955.384765625,4063626,3968.384765625
9203,8.6865234375,350,0,239,4050006,3955.083984375,4050314,3955.384765625,4063626,3968.384765625
9268,8.75,351,0,239,4050006,3955.083984375,4050314,3955.384765625,4063626,3968.384765625
9291,8.7724609375,350,0,239,4050006,3955.083984375,4050314,3955.384765625,4063626,3968.384765625
9322,8.802734375,351,0,239,4050006,3955.083984375,4050314,3955.384765625,4063626,3968.384765625
9380,8.859375,350,0,239,4050006,3955.083984375,4050314,3955.384765625,4063626,3968.384765625
9417,8.8955078125,351,0,239,4050006,3955.083984375,4050314,3955.384765625,4063626,3968.384765625
9432,8.91015625,350,0,239,4050006,3955.083984375,4050314,3955.384765625,4063626,3968.384765625
9623,9.0966796875,101,-1,239,4050006,3955.083984375,4050314,3955.384765625,4063626,3968.384765625
9633,9.1064453125,351,0,239,4050006,3955.083984375,4050314,3955.384765625,4063626,3968.384765625
